STARTFONT 2.1
FONT -FontForge-Roboto-Book-R-Normal--16-120-96-96-P-81-ISO10646-1
SIZE 12 96 96
FONTBOUNDINGBOX 46 21 -14 -4
COMMENT "Generated by fontforge, http://fontforge.sourceforge.net"
COMMENT "Copyright 2015 Google Inc. All Rights Reserved."
STARTPROPERTIES 41
FOUNDRY "FontForge"
FAMILY_NAME "Roboto"
WEIGHT_NAME "Book"
SLANT "R"
SETWIDTH_NAME "Normal"
ADD_STYLE_NAME ""
PIXEL_SIZE 16
POINT_SIZE 120
RESOLUTION_X 96
RESOLUTION_Y 96
SPACING "P"
AVERAGE_WIDTH 81
CHARSET_REGISTRY "ISO10646"
CHARSET_ENCODING "1"
FONTNAME_REGISTRY ""
CHARSET_COLLECTIONS "ISO8859-2 ISO8859-5 ISO8859-7 ISO8859-9 ISO8859-4 ISO10646-1"
FONT_NAME "Roboto-Regular"
FACE_NAME "Roboto Regular"
COPYRIGHT "Copyright 2015 Google Inc. All Rights Reserved."
FONT_VERSION "2.001047; 2015"
FONT_ASCENT 13
FONT_DESCENT 3
UNDERLINE_POSITION -2
UNDERLINE_THICKNESS 1
X_HEIGHT 8
CAP_HEIGHT 11
DEFAULT_CHAR 1
RAW_ASCENT 799
RAW_DESCENT 200
NORM_SPACE 4
RELATIVE_WEIGHT 40
RELATIVE_SETWIDTH 50
SUPERSCRIPT_X 0
SUPERSCRIPT_Y 7
SUPERSCRIPT_SIZE 10
SUBSCRIPT_X 0
SUBSCRIPT_Y 2
SUBSCRIPT_SIZE 10
FIGURE_WIDTH 9
AVG_LOWERCASE_WIDTH 86
AVG_UPPERCASE_WIDTH 105
ENDPROPERTIES
CHARS 3389
STARTCHAR .null
ENCODING 0
SWIDTH 0 0
DWIDTH 0 0
BBX 1 1 0 0
BITMAP
00
ENDCHAR
STARTCHAR uni0002
ENCODING 2
SWIDTH 0 0
DWIDTH 0 0
BBX 1 1 0 0
BITMAP
00
ENDCHAR
STARTCHAR uni0009
ENCODING 9
SWIDTH 247 0
DWIDTH 4 0
BBX 1 1 0 0
BITMAP
00
ENDCHAR
STARTCHAR nonmarkingreturn
ENCODING 13
SWIDTH 247 0
DWIDTH 4 0
BBX 1 1 0 0
BITMAP
00
ENDCHAR
STARTCHAR space
ENCODING 32
SWIDTH 247 0
DWIDTH 4 0
BBX 1 1 0 0
BITMAP
00
ENDCHAR
STARTCHAR exclam
ENCODING 33
SWIDTH 257 0
DWIDTH 4 0
BBX 2 12 1 0
BITMAP
C0
C0
C0
C0
C0
40
40
40
00
00
40
40
ENDCHAR
STARTCHAR quotedbl
ENCODING 34
SWIDTH 319 0
DWIDTH 5 0
BBX 4 3 1 9
BITMAP
50
50
90
ENDCHAR
STARTCHAR numbersign
ENCODING 35
SWIDTH 615 0
DWIDTH 10 0
BBX 8 12 2 0
BITMAP
12
12
12
FF
FF
64
24
FF
44
48
C8
58
ENDCHAR
STARTCHAR dollar
ENCODING 36
SWIDTH 561 0
DWIDTH 9 0
BBX 8 15 1 -1
BITMAP
08
08
08
3E
63
62
60
38
0C
03
41
C1
7E
7E
08
ENDCHAR
STARTCHAR percent
ENCODING 37
SWIDTH 732 0
DWIDTH 12 0
BBX 10 12 2 0
BITMAP
4000
9200
9200
9200
F400
0800
0900
1F80
2480
2440
2480
0380
ENDCHAR
STARTCHAR ampersand
ENCODING 38
SWIDTH 621 0
DWIDTH 10 0
BBX 10 12 1 0
BITMAP
0800
3C00
6200
2200
3E00
3800
6C80
7C80
4700
C300
7F00
3CC0
ENDCHAR
STARTCHAR quotesingle
ENCODING 39
SWIDTH 174 0
DWIDTH 3 0
BBX 1 3 2 9
BITMAP
80
80
80
ENDCHAR
STARTCHAR parenleft
ENCODING 40
SWIDTH 341 0
DWIDTH 5 0
BBX 5 16 1 -3
BITMAP
08
18
20
20
60
60
40
40
40
C0
C0
40
20
60
30
10
ENDCHAR
STARTCHAR parenright
ENCODING 41
SWIDTH 347 0
DWIDTH 6 0
BBX 5 16 0 -3
BITMAP
80
60
20
10
30
30
10
10
10
10
18
30
10
30
20
40
ENDCHAR
STARTCHAR asterisk
ENCODING 42
SWIDTH 430 0
DWIDTH 7 0
BBX 7 7 0 5
BITMAP
10
10
D2
3C
38
68
24
ENDCHAR
STARTCHAR plus
ENCODING 43
SWIDTH 566 0
DWIDTH 9 0
BBX 8 8 1 2
BITMAP
18
18
18
FF
FF
18
18
18
ENDCHAR
STARTCHAR comma
ENCODING 44
SWIDTH 196 0
DWIDTH 3 0
BBX 2 4 1 -2
BITMAP
80
80
C0
80
ENDCHAR
STARTCHAR hyphen
ENCODING 45
SWIDTH 275 0
DWIDTH 4 0
BBX 4 1 0 5
BITMAP
F0
ENDCHAR
STARTCHAR period
ENCODING 46
SWIDTH 263 0
DWIDTH 4 0
BBX 2 2 1 0
BITMAP
C0
C0
ENDCHAR
STARTCHAR slash
ENCODING 47
SWIDTH 412 0
DWIDTH 7 0
BBX 6 12 0 0
BITMAP
04
04
08
0C
08
10
30
10
20
20
40
C0
ENDCHAR
STARTCHAR zero
ENCODING 48
SWIDTH 561 0
DWIDTH 9 0
BBX 8 12 1 0
BITMAP
08
7E
63
C2
42
42
42
42
C2
66
3E
1C
ENDCHAR
STARTCHAR one
ENCODING 49
SWIDTH 561 0
DWIDTH 9 0
BBX 4 12 2 0
BITMAP
10
F0
90
10
10
10
10
10
10
10
10
10
ENDCHAR
STARTCHAR two
ENCODING 50
SWIDTH 561 0
DWIDTH 9 0
BBX 8 12 1 0
BITMAP
08
3E
63
42
03
02
0C
18
30
60
FF
FF
ENDCHAR
STARTCHAR three
ENCODING 51
SWIDTH 561 0
DWIDTH 9 0
BBX 7 12 2 0
BITMAP
10
7C
C6
04
0C
7C
18
0C
04
86
FC
7C
ENDCHAR
STARTCHAR four
ENCODING 52
SWIDTH 561 0
DWIDTH 9 0
BBX 8 12 1 0
BITMAP
0C
1C
1C
1C
6C
4C
4C
CC
FF
0C
0C
0C
ENDCHAR
STARTCHAR five
ENCODING 53
SWIDTH 561 0
DWIDTH 9 0
BBX 7 12 2 0
BITMAP
FC
FC
80
80
90
FC
0C
04
04
86
FC
7C
ENDCHAR
STARTCHAR six
ENCODING 54
SWIDTH 561 0
DWIDTH 9 0
BBX 8 12 1 0
BITMAP
1C
3C
60
60
C8
FE
63
42
C2
63
3E
1E
ENDCHAR
STARTCHAR seven
ENCODING 55
SWIDTH 561 0
DWIDTH 9 0
BBX 8 12 1 0
BITMAP
FF
01
02
06
04
0C
08
0C
08
18
10
30
ENDCHAR
STARTCHAR eight
ENCODING 56
SWIDTH 561 0
DWIDTH 9 0
BBX 8 12 1 0
BITMAP
08
3E
66
C3
66
7E
3C
66
42
C3
7E
3E
ENDCHAR
STARTCHAR nine
ENCODING 57
SWIDTH 561 0
DWIDTH 9 0
BBX 6 12 2 0
BITMAP
10
78
CC
84
84
C4
CC
74
0C
0C
78
40
ENDCHAR
STARTCHAR colon
ENCODING 58
SWIDTH 242 0
DWIDTH 4 0
BBX 2 9 1 0
BITMAP
C0
C0
00
00
00
00
00
C0
C0
ENDCHAR
STARTCHAR semicolon
ENCODING 59
SWIDTH 211 0
DWIDTH 3 0
BBX 2 11 1 -2
BITMAP
80
80
00
00
00
00
00
80
80
C0
80
ENDCHAR
STARTCHAR less
ENCODING 60
SWIDTH 508 0
DWIDTH 8 0
BBX 6 7 2 2
BITMAP
0C
1C
E0
80
E0
1C
04
ENDCHAR
STARTCHAR equal
ENCODING 61
SWIDTH 548 0
DWIDTH 9 0
BBX 6 4 2 4
BITMAP
FC
00
00
FC
ENDCHAR
STARTCHAR greater
ENCODING 62
SWIDTH 522 0
DWIDTH 8 0
BBX 6 7 2 2
BITMAP
80
E0
38
1C
3C
E0
80
ENDCHAR
STARTCHAR question
ENCODING 63
SWIDTH 472 0
DWIDTH 8 0
BBX 7 12 1 0
BITMAP
10
7C
C6
02
06
0C
08
18
00
00
30
30
ENDCHAR
STARTCHAR at
ENCODING 64
SWIDTH 897 0
DWIDTH 14 0
BBX 13 15 1 -3
BITMAP
0100
1FC0
3010
2018
4388
C788
4488
4C88
4CC8
4CC8
4990
4E70
6000
1040
1F80
ENDCHAR
STARTCHAR A
ENCODING 65
SWIDTH 652 0
DWIDTH 10 0
BBX 11 12 0 0
BITMAP
0C00
0C00
0E00
0A00
1100
1B00
1100
3F80
7F80
2080
60C0
C060
ENDCHAR
STARTCHAR B
ENCODING 66
SWIDTH 622 0
DWIDTH 10 0
BBX 8 12 1 0
BITMAP
F0
4E
43
41
43
FE
4C
41
43
43
FE
F0
ENDCHAR
STARTCHAR C
ENCODING 67
SWIDTH 650 0
DWIDTH 10 0
BBX 9 12 1 0
BITMAP
0400
1F00
6180
4180
C000
4000
4000
C000
6180
6180
7F00
0F00
ENDCHAR
STARTCHAR D
ENCODING 68
SWIDTH 655 0
DWIDTH 10 0
BBX 8 12 2 0
BITMAP
E0
9C
86
86
82
82
82
82
83
86
FC
E0
ENDCHAR
STARTCHAR E
ENCODING 69
SWIDTH 568 0
DWIDTH 9 0
BBX 7 12 2 0
BITMAP
FE
80
80
80
80
FC
80
80
80
80
FE
FE
ENDCHAR
STARTCHAR F
ENCODING 70
SWIDTH 552 0
DWIDTH 9 0
BBX 7 12 2 0
BITMAP
FE
80
80
80
80
FC
FC
80
80
80
80
80
ENDCHAR
STARTCHAR G
ENCODING 71
SWIDTH 681 0
DWIDTH 11 0
BBX 9 12 1 0
BITMAP
0400
7F00
6180
C180
C000
4000
4780
C180
6180
6180
3F80
1F00
ENDCHAR
STARTCHAR H
ENCODING 72
SWIDTH 712 0
DWIDTH 11 0
BBX 9 12 1 0
BITMAP
4180
4180
4180
4180
4180
FF80
4180
4180
4180
4180
4180
4180
ENDCHAR
STARTCHAR I
ENCODING 73
SWIDTH 271 0
DWIDTH 4 0
BBX 1 12 2 0
BITMAP
80
80
80
80
80
80
80
80
80
80
80
80
ENDCHAR
STARTCHAR J
ENCODING 74
SWIDTH 551 0
DWIDTH 9 0
BBX 8 12 0 0
BITMAP
02
02
02
02
02
02
02
02
42
C3
7E
3E
ENDCHAR
STARTCHAR K
ENCODING 75
SWIDTH 626 0
DWIDTH 10 0
BBX 9 12 1 0
BITMAP
4180
4300
4600
4C00
5800
7000
F800
CC00
4600
4300
4180
4180
ENDCHAR
STARTCHAR L
ENCODING 76
SWIDTH 538 0
DWIDTH 9 0
BBX 7 12 1 0
BITMAP
40
40
40
40
40
40
40
40
40
40
FE
FE
ENDCHAR
STARTCHAR M
ENCODING 77
SWIDTH 873 0
DWIDTH 14 0
BBX 11 12 2 0
BITMAP
C060
C060
E0E0
A0A0
E120
A320
9120
9B20
8A20
8E20
8C20
8420
ENDCHAR
STARTCHAR N
ENCODING 78
SWIDTH 712 0
DWIDTH 11 0
BBX 9 12 1 0
BITMAP
C180
6180
7180
7180
5980
4D80
4D80
4780
4380
4380
4180
4180
ENDCHAR
STARTCHAR O
ENCODING 79
SWIDTH 687 0
DWIDTH 11 0
BBX 10 12 1 0
BITMAP
0400
1F00
6180
4180
C080
4080
4080
C080
60C0
6180
3F00
1F00
ENDCHAR
STARTCHAR P
ENCODING 80
SWIDTH 630 0
DWIDTH 10 0
BBX 7 12 2 0
BITMAP
F0
8E
86
82
82
86
FE
80
80
80
80
80
ENDCHAR
STARTCHAR Q
ENCODING 81
SWIDTH 687 0
DWIDTH 11 0
BBX 10 13 1 -1
BITMAP
0400
1F00
6180
4180
C080
4080
4080
C080
60C0
6180
3F00
1F80
00C0
ENDCHAR
STARTCHAR R
ENCODING 82
SWIDTH 615 0
DWIDTH 10 0
BBX 9 12 1 0
BITMAP
F000
4E00
4300
4300
4300
4300
FC00
4600
4600
4300
4300
4180
ENDCHAR
STARTCHAR S
ENCODING 83
SWIDTH 593 0
DWIDTH 9 0
BBX 8 12 2 0
BITMAP
0C
FE
C6
C0
C0
70
1C
06
83
C2
FE
3E
ENDCHAR
STARTCHAR T
ENCODING 84
SWIDTH 596 0
DWIDTH 10 0
BBX 9 12 0 0
BITMAP
FF80
0800
0800
0800
0800
0800
0800
0800
0800
0800
0800
0800
ENDCHAR
STARTCHAR U
ENCODING 85
SWIDTH 648 0
DWIDTH 10 0
BBX 8 12 2 0
BITMAP
82
82
82
82
82
82
82
82
82
C3
7E
78
ENDCHAR
STARTCHAR V
ENCODING 86
SWIDTH 636 0
DWIDTH 10 0
BBX 10 12 0 0
BITMAP
C0C0
60C0
60C0
6180
3180
1300
1900
1200
0E00
0E00
0C00
0C00
ENDCHAR
STARTCHAR W
ENCODING 87
SWIDTH 887 0
DWIDTH 14 0
BBX 14 12 0 0
BITMAP
C108
630C
430C
2288
2488
64D0
2C98
2470
18D0
3860
1860
1060
ENDCHAR
STARTCHAR X
ENCODING 88
SWIDTH 626 0
DWIDTH 10 0
BBX 10 12 0 0
BITMAP
6180
6180
3300
1B00
1E00
0E00
0E00
1E00
3300
3300
6180
C0C0
ENDCHAR
STARTCHAR Y
ENCODING 89
SWIDTH 600 0
DWIDTH 10 0
BBX 9 12 1 0
BITMAP
C180
C300
6300
6600
3600
3C00
1C00
0800
0800
0800
0800
0800
ENDCHAR
STARTCHAR Z
ENCODING 90
SWIDTH 598 0
DWIDTH 10 0
BBX 8 12 2 0
BITMAP
FF
06
06
0C
18
18
30
60
60
C0
FF
FF
ENDCHAR
STARTCHAR bracketleft
ENCODING 91
SWIDTH 265 0
DWIDTH 4 0
BBX 3 15 1 -2
BITMAP
E0
40
40
40
40
40
40
40
40
40
40
40
40
40
E0
ENDCHAR
STARTCHAR backslash
ENCODING 92
SWIDTH 410 0
DWIDTH 7 0
BBX 6 12 1 0
BITMAP
80
80
40
C0
40
20
30
20
30
10
08
0C
ENDCHAR
STARTCHAR bracketright
ENCODING 93
SWIDTH 265 0
DWIDTH 4 0
BBX 4 15 0 -2
BITMAP
E0
30
30
30
30
30
30
30
30
30
30
30
30
30
E0
ENDCHAR
STARTCHAR asciicircum
ENCODING 94
SWIDTH 417 0
DWIDTH 7 0
BBX 5 6 1 6
BITMAP
20
60
70
58
90
88
ENDCHAR
STARTCHAR underscore
ENCODING 95
SWIDTH 451 0
DWIDTH 7 0
BBX 7 2 1 -1
BITMAP
FE
FE
ENDCHAR
STARTCHAR grave
ENCODING 96
SWIDTH 309 0
DWIDTH 5 0
BBX 2 2 1 10
BITMAP
C0
40
ENDCHAR
STARTCHAR a
ENCODING 97
SWIDTH 543 0
DWIDTH 9 0
BBX 8 9 1 0
BITMAP
30
6E
06
0E
3E
C6
46
7F
3F
ENDCHAR
STARTCHAR b
ENCODING 98
SWIDTH 561 0
DWIDTH 9 0
BBX 7 12 2 0
BITMAP
80
80
80
90
FC
86
84
84
84
8C
FC
F8
ENDCHAR
STARTCHAR c
ENCODING 99
SWIDTH 523 0
DWIDTH 8 0
BBX 8 9 1 0
BITMAP
30
7C
63
40
40
C0
62
7E
3C
ENDCHAR
STARTCHAR d
ENCODING 100
SWIDTH 563 0
DWIDTH 9 0
BBX 8 12 1 0
BITMAP
02
02
02
12
3F
62
42
42
C2
62
3F
1E
ENDCHAR
STARTCHAR e
ENCODING 101
SWIDTH 529 0
DWIDTH 8 0
BBX 7 9 2 0
BITMAP
60
FC
C6
84
FE
80
C4
7E
78
ENDCHAR
STARTCHAR f
ENCODING 102
SWIDTH 347 0
DWIDTH 6 0
BBX 6 13 0 0
BITMAP
08
1C
30
30
F8
30
30
30
30
30
30
30
30
ENDCHAR
STARTCHAR g
ENCODING 103
SWIDTH 561 0
DWIDTH 9 0
BBX 8 12 1 -3
BITMAP
12
3F
62
42
42
C2
62
3F
1F
43
E2
3C
ENDCHAR
STARTCHAR h
ENCODING 104
SWIDTH 550 0
DWIDTH 9 0
BBX 6 12 2 0
BITMAP
80
80
80
90
FC
CC
8C
8C
8C
8C
8C
8C
ENDCHAR
STARTCHAR i
ENCODING 105
SWIDTH 242 0
DWIDTH 4 0
BBX 2 12 1 0
BITMAP
40
40
00
C0
C0
C0
C0
C0
C0
C0
C0
C0
ENDCHAR
STARTCHAR j
ENCODING 106
SWIDTH 238 0
DWIDTH 4 0
BBX 3 15 0 -3
BITMAP
40
40
00
40
40
40
40
40
40
40
40
40
40
60
C0
ENDCHAR
STARTCHAR k
ENCODING 107
SWIDTH 506 0
DWIDTH 8 0
BBX 8 12 1 0
BITMAP
40
40
40
46
4C
58
70
F0
58
4C
46
43
ENDCHAR
STARTCHAR l
ENCODING 108
SWIDTH 242 0
DWIDTH 4 0
BBX 1 12 2 0
BITMAP
80
80
80
80
80
80
80
80
80
80
80
80
ENDCHAR
STARTCHAR m
ENCODING 109
SWIDTH 876 0
DWIDTH 14 0
BBX 13 9 1 0
BITMAP
48C0
FFF0
4330
4618
4618
4618
4618
4618
4618
ENDCHAR
STARTCHAR n
ENCODING 110
SWIDTH 551 0
DWIDTH 9 0
BBX 6 9 2 0
BITMAP
90
FC
CC
8C
8C
8C
8C
8C
8C
ENDCHAR
STARTCHAR o
ENCODING 111
SWIDTH 570 0
DWIDTH 9 0
BBX 8 9 1 0
BITMAP
30
7E
63
C3
43
C3
63
3F
1C
ENDCHAR
STARTCHAR p
ENCODING 112
SWIDTH 561 0
DWIDTH 9 0
BBX 6 12 2 -3
BITMAP
90
FC
8C
84
84
84
8C
FC
F8
80
80
80
ENDCHAR
STARTCHAR q
ENCODING 113
SWIDTH 568 0
DWIDTH 9 0
BBX 8 12 1 -3
BITMAP
12
7E
62
42
42
C2
62
7E
1F
02
02
02
ENDCHAR
STARTCHAR r
ENCODING 114
SWIDTH 338 0
DWIDTH 5 0
BBX 4 9 2 0
BITMAP
90
E0
80
80
80
80
80
80
80
ENDCHAR
STARTCHAR s
ENCODING 115
SWIDTH 515 0
DWIDTH 8 0
BBX 6 9 2 0
BITMAP
20
5C
CC
C0
78
0C
8C
FC
78
ENDCHAR
STARTCHAR t
ENCODING 116
SWIDTH 326 0
DWIDTH 5 0
BBX 5 11 0 0
BITMAP
20
20
F8
20
20
20
20
20
20
38
38
ENDCHAR
STARTCHAR u
ENCODING 117
SWIDTH 551 0
DWIDTH 9 0
BBX 7 9 2 0
BITMAP
8C
8C
8C
8C
8C
8C
8C
FE
FC
ENDCHAR
STARTCHAR v
ENCODING 118
SWIDTH 484 0
DWIDTH 8 0
BBX 7 9 0 0
BITMAP
C2
46
22
64
2C
14
38
18
08
ENDCHAR
STARTCHAR w
ENCODING 119
SWIDTH 751 0
DWIDTH 12 0
BBX 12 9 0 0
BITMAP
C220
6630
4660
2520
6B40
3960
18C0
18C0
1880
ENDCHAR
STARTCHAR x
ENCODING 120
SWIDTH 495 0
DWIDTH 8 0
BBX 8 9 0 0
BITMAP
63
66
3C
1C
18
3C
36
66
C3
ENDCHAR
STARTCHAR y
ENCODING 121
SWIDTH 473 0
DWIDTH 8 0
BBX 8 12 0 -3
BITMAP
C3
66
62
64
2C
14
1C
18
08
10
30
70
ENDCHAR
STARTCHAR z
ENCODING 122
SWIDTH 495 0
DWIDTH 8 0
BBX 7 9 1 0
BITMAP
7E
06
0C
18
18
30
60
FE
FE
ENDCHAR
STARTCHAR braceleft
ENCODING 123
SWIDTH 338 0
DWIDTH 5 0
BBX 6 15 0 -2
BITMAP
08
1C
10
20
20
20
30
60
C0
20
20
20
20
10
1C
ENDCHAR
STARTCHAR bar
ENCODING 124
SWIDTH 243 0
DWIDTH 4 0
BBX 1 14 2 -2
BITMAP
80
80
80
80
80
80
80
80
80
80
80
80
80
80
ENDCHAR
STARTCHAR braceright
ENCODING 125
SWIDTH 338 0
DWIDTH 5 0
BBX 5 15 0 -2
BITMAP
80
60
30
20
20
20
10
18
18
20
20
20
20
60
60
ENDCHAR
STARTCHAR asciitilde
ENCODING 126
SWIDTH 680 0
DWIDTH 11 0
BBX 9 3 1 4
BITMAP
1080
7980
C780
ENDCHAR
STARTCHAR nonbreakingspace
ENCODING 160
SWIDTH 247 0
DWIDTH 4 0
BBX 1 1 0 0
BITMAP
00
ENDCHAR
STARTCHAR exclamdown
ENCODING 161
SWIDTH 243 0
DWIDTH 4 0
BBX 2 11 1 -2
BITMAP
40
40
00
C0
C0
C0
C0
C0
C0
C0
C0
ENDCHAR
STARTCHAR cent
ENCODING 162
SWIDTH 546 0
DWIDTH 9 0
BBX 8 12 1 -1
BITMAP
08
08
08
7E
63
40
40
C0
62
7E
1E
08
ENDCHAR
STARTCHAR sterling
ENCODING 163
SWIDTH 581 0
DWIDTH 9 0
BBX 8 12 2 0
BITMAP
08
3E
66
C0
C0
F8
F8
60
60
C0
FF
FF
ENDCHAR
STARTCHAR currency
ENCODING 164
SWIDTH 712 0
DWIDTH 11 0
BBX 10 10 1 0
BITMAP
64C0
7F80
3180
60C0
C0C0
C0C0
4080
2080
FFC0
7F40
ENDCHAR
STARTCHAR yen
ENCODING 165
SWIDTH 524 0
DWIDTH 8 0
BBX 9 12 0 0
BITMAP
C180
6300
6300
3600
3600
1C00
3F00
0C00
3F00
0C00
0C00
0C00
ENDCHAR
STARTCHAR brokenbar
ENCODING 166
SWIDTH 239 0
DWIDTH 4 0
BBX 1 14 2 -2
BITMAP
80
80
80
80
80
80
00
80
80
80
80
80
80
80
ENDCHAR
STARTCHAR section
ENCODING 167
SWIDTH 613 0
DWIDTH 10 0
BBX 9 15 1 -3
BITMAP
0800
3F00
6300
6000
6000
7E00
C700
4180
6100
7980
3E00
0300
4180
6180
7E00
ENDCHAR
STARTCHAR dieresis
ENCODING 168
SWIDTH 417 0
DWIDTH 7 0
BBX 4 2 2 10
BITMAP
90
90
ENDCHAR
STARTCHAR copyright
ENCODING 169
SWIDTH 785 0
DWIDTH 13 0
BBX 12 12 1 0
BITMAP
0200
1F80
34C0
4F20
49A0
9010
9010
5120
4F20
6060
1080
1F80
ENDCHAR
STARTCHAR ordfeminine
ENCODING 170
SWIDTH 446 0
DWIDTH 7 0
BBX 5 6 2 6
BITMAP
20
B0
18
D8
98
F8
ENDCHAR
STARTCHAR guillemotleft
ENCODING 171
SWIDTH 469 0
DWIDTH 8 0
BBX 6 6 1 2
BITMAP
14
68
48
D0
2C
24
ENDCHAR
STARTCHAR logicalnot
ENCODING 172
SWIDTH 553 0
DWIDTH 9 0
BBX 6 4 2 3
BITMAP
FC
FC
04
04
ENDCHAR
STARTCHAR uni00AD
ENCODING 173
SWIDTH 275 0
DWIDTH 4 0
BBX 4 1 0 5
BITMAP
F0
ENDCHAR
STARTCHAR registered
ENCODING 174
SWIDTH 786 0
DWIDTH 13 0
BBX 12 12 1 0
BITMAP
0200
1F80
3CC0
4B20
4920
8F10
8A10
4920
4920
6060
1080
1F80
ENDCHAR
STARTCHAR macron
ENCODING 175
SWIDTH 458 0
DWIDTH 7 0
BBX 5 1 2 11
BITMAP
F8
ENDCHAR
STARTCHAR degree
ENCODING 176
SWIDTH 373 0
DWIDTH 6 0
BBX 4 4 1 8
BITMAP
20
50
90
70
ENDCHAR
STARTCHAR plusminus
ENCODING 177
SWIDTH 534 0
DWIDTH 9 0
BBX 7 10 2 0
BITMAP
10
10
10
FE
10
10
10
00
FE
FE
ENDCHAR
STARTCHAR twosuperior
ENCODING 178
SWIDTH 366 0
DWIDTH 6 0
BBX 5 6 1 6
BITMAP
20
48
18
38
60
F8
ENDCHAR
STARTCHAR threesuperior
ENCODING 179
SWIDTH 366 0
DWIDTH 6 0
BBX 5 6 0 6
BITMAP
20
48
18
30
38
F8
ENDCHAR
STARTCHAR acute
ENCODING 180
SWIDTH 313 0
DWIDTH 5 0
BBX 2 2 2 10
BITMAP
C0
80
ENDCHAR
STARTCHAR mu
ENCODING 181
SWIDTH 566 0
DWIDTH 9 0
BBX 7 12 1 -3
BITMAP
46
46
46
46
46
46
C6
FE
7E
40
40
40
ENDCHAR
STARTCHAR paragraph
ENCODING 182
SWIDTH 488 0
DWIDTH 8 0
BBX 7 12 1 0
BITMAP
0C
7C
7E
FC
FC
7E
7C
06
06
06
06
06
ENDCHAR
STARTCHAR periodcentered
ENCODING 183
SWIDTH 260 0
DWIDTH 4 0
BBX 2 2 1 5
BITMAP
C0
C0
ENDCHAR
STARTCHAR cedilla
ENCODING 184
SWIDTH 247 0
DWIDTH 4 0
BBX 3 4 1 -3
BITMAP
40
40
20
C0
ENDCHAR
STARTCHAR onesuperior
ENCODING 185
SWIDTH 366 0
DWIDTH 6 0
BBX 3 6 1 6
BITMAP
20
E0
20
20
20
20
ENDCHAR
STARTCHAR ordmasculine
ENCODING 186
SWIDTH 454 0
DWIDTH 7 0
BBX 6 6 1 6
BITMAP
10
78
CC
44
C8
78
ENDCHAR
STARTCHAR guillemotright
ENCODING 187
SWIDTH 468 0
DWIDTH 8 0
BBX 5 6 2 2
BITMAP
90
50
58
28
48
90
ENDCHAR
STARTCHAR onequarter
ENCODING 188
SWIDTH 732 0
DWIDTH 12 0
BBX 11 12 1 0
BITMAP
2000
E080
2100
2100
2300
24C0
04C0
09C0
09C0
13E0
10C0
00C0
ENDCHAR
STARTCHAR onehalf
ENCODING 189
SWIDTH 775 0
DWIDTH 12 0
BBX 12 12 1 0
BITMAP
2000
E100
2300
2200
2200
2480
09C0
0830
1060
10C0
2180
01F0
ENDCHAR
STARTCHAR threequarters
ENCODING 190
SWIDTH 777 0
DWIDTH 12 0
BBX 11 12 1 0
BITMAP
2000
4880
18C0
3100
3900
FA40
0260
04C0
0940
0BE0
0840
0040
ENDCHAR
STARTCHAR questiondown
ENCODING 191
SWIDTH 473 0
DWIDTH 8 0
BBX 7 11 1 -2
BITMAP
10
10
00
10
18
30
20
60
40
C2
7C
ENDCHAR
STARTCHAR Agrave
ENCODING 192
SWIDTH 652 0
DWIDTH 10 0
BBX 11 15 0 0
BITMAP
1800
0800
0000
0C00
0C00
0E00
0A00
1100
1B00
1100
3F80
7F80
2080
60C0
C060
ENDCHAR
STARTCHAR Aacute
ENCODING 193
SWIDTH 652 0
DWIDTH 10 0
BBX 11 15 0 0
BITMAP
0300
0200
0000
0C00
0C00
0E00
0A00
1100
1B00
1100
3F80
7F80
2080
60C0
C060
ENDCHAR
STARTCHAR Acircumflex
ENCODING 194
SWIDTH 652 0
DWIDTH 10 0
BBX 11 15 0 0
BITMAP
0C00
1B00
0000
0C00
0C00
0E00
0A00
1100
1B00
1100
3F80
7F80
2080
60C0
C060
ENDCHAR
STARTCHAR Atilde
ENCODING 195
SWIDTH 652 0
DWIDTH 10 0
BBX 11 15 0 0
BITMAP
0900
1F00
0000
0C00
0C00
0E00
0A00
1100
1B00
1100
3F80
7F80
2080
60C0
C060
ENDCHAR
STARTCHAR Adieresis
ENCODING 196
SWIDTH 652 0
DWIDTH 10 0
BBX 11 14 0 0
BITMAP
1B00
0000
0C00
0C00
0E00
0A00
1100
1B00
1100
3F80
7F80
2080
60C0
C060
ENDCHAR
STARTCHAR Aring
ENCODING 197
SWIDTH 652 0
DWIDTH 10 0
BBX 11 16 0 0
BITMAP
0400
0A00
0A00
0C00
0C00
0C00
0E00
0A00
1100
1B00
1100
3F80
7F80
2080
60C0
C060
ENDCHAR
STARTCHAR AE
ENCODING 198
SWIDTH 934 0
DWIDTH 15 0
BBX 15 12 0 0
BITMAP
01FE
0380
03C0
0680
0680
0CFC
1880
1FC0
3F80
3080
60FE
C0FE
ENDCHAR
STARTCHAR Ccedilla
ENCODING 199
SWIDTH 650 0
DWIDTH 10 0
BBX 9 15 1 -3
BITMAP
0400
1F00
6180
4180
C000
4000
4000
C000
6180
6180
7F00
0F00
0800
0400
0C00
ENDCHAR
STARTCHAR Egrave
ENCODING 200
SWIDTH 568 0
DWIDTH 9 0
BBX 7 15 2 0
BITMAP
60
30
00
FE
80
80
80
80
FC
80
80
80
80
FE
FE
ENDCHAR
STARTCHAR Eacute
ENCODING 201
SWIDTH 568 0
DWIDTH 9 0
BBX 7 15 2 0
BITMAP
18
30
00
FE
80
80
80
80
FC
80
80
80
80
FE
FE
ENDCHAR
STARTCHAR Ecircumflex
ENCODING 202
SWIDTH 568 0
DWIDTH 9 0
BBX 7 15 2 0
BITMAP
30
48
00
FE
80
80
80
80
FC
80
80
80
80
FE
FE
ENDCHAR
STARTCHAR Edieresis
ENCODING 203
SWIDTH 568 0
DWIDTH 9 0
BBX 7 14 2 0
BITMAP
CC
00
FE
80
80
80
80
FC
80
80
80
80
FE
FE
ENDCHAR
STARTCHAR Igrave
ENCODING 204
SWIDTH 271 0
DWIDTH 4 0
BBX 2 15 1 0
BITMAP
C0
C0
00
40
40
40
40
40
40
40
40
40
40
40
40
ENDCHAR
STARTCHAR Iacute
ENCODING 205
SWIDTH 271 0
DWIDTH 4 0
BBX 4 15 1 0
BITMAP
30
40
00
C0
C0
C0
C0
C0
C0
C0
C0
C0
C0
C0
C0
ENDCHAR
STARTCHAR Icircumflex
ENCODING 206
SWIDTH 271 0
DWIDTH 4 0
BBX 3 15 1 0
BITMAP
60
A0
00
40
40
40
40
40
40
40
40
40
40
40
40
ENDCHAR
STARTCHAR Idieresis
ENCODING 207
SWIDTH 271 0
DWIDTH 4 0
BBX 6 14 0 0
BITMAP
CC
00
20
20
20
20
20
20
20
20
20
20
20
20
ENDCHAR
STARTCHAR Eth
ENCODING 208
SWIDTH 670 0
DWIDTH 11 0
BBX 10 12 0 0
BITMAP
3C00
3700
30C0
30C0
30C0
F8C0
30C0
30C0
30C0
30C0
3F80
3C00
ENDCHAR
STARTCHAR Ntilde
ENCODING 209
SWIDTH 712 0
DWIDTH 11 0
BBX 9 15 1 0
BITMAP
1100
3E00
0000
C180
6180
7180
7180
5980
4D80
4D80
4780
4380
4380
4180
4180
ENDCHAR
STARTCHAR Ograve
ENCODING 210
SWIDTH 687 0
DWIDTH 11 0
BBX 10 15 1 0
BITMAP
1800
0C00
0000
0400
1F00
6180
4180
C080
4080
4080
C080
60C0
6180
3F00
1F00
ENDCHAR
STARTCHAR Oacute
ENCODING 211
SWIDTH 687 0
DWIDTH 11 0
BBX 10 15 1 0
BITMAP
0600
0600
0000
0400
1F00
6180
4180
C080
4080
4080
C080
60C0
6180
3F00
1F00
ENDCHAR
STARTCHAR Ocircumflex
ENCODING 212
SWIDTH 687 0
DWIDTH 11 0
BBX 10 15 1 0
BITMAP
0400
0A00
0000
0400
1F00
6180
4180
C080
4080
4080
C080
60C0
6180
3F00
1F00
ENDCHAR
STARTCHAR Otilde
ENCODING 213
SWIDTH 687 0
DWIDTH 11 0
BBX 10 15 1 0
BITMAP
1100
1F00
0000
0400
1F00
6180
4180
C080
4080
4080
C080
60C0
6180
3F00
1F00
ENDCHAR
STARTCHAR Odieresis
ENCODING 214
SWIDTH 687 0
DWIDTH 11 0
BBX 10 14 1 0
BITMAP
3300
0000
0400
1F00
6180
4180
C080
4080
4080
C080
60C0
6180
3F00
1F00
ENDCHAR
STARTCHAR multiply
ENCODING 215
SWIDTH 533 0
DWIDTH 9 0
BBX 8 7 1 2
BITMAP
C3
66
3C
38
3C
66
42
ENDCHAR
STARTCHAR Oslash
ENCODING 216
SWIDTH 687 0
DWIDTH 11 0
BBX 10 12 1 0
BITMAP
0480
3F80
6180
42C0
C280
4480
4880
C880
70C0
6180
3F80
5F00
ENDCHAR
STARTCHAR Ugrave
ENCODING 217
SWIDTH 648 0
DWIDTH 10 0
BBX 8 15 2 0
BITMAP
60
10
00
82
82
82
82
82
82
82
82
82
C3
7E
78
ENDCHAR
STARTCHAR Uacute
ENCODING 218
SWIDTH 648 0
DWIDTH 10 0
BBX 8 15 2 0
BITMAP
0C
08
00
82
82
82
82
82
82
82
82
82
C3
7E
78
ENDCHAR
STARTCHAR Ucircumflex
ENCODING 219
SWIDTH 648 0
DWIDTH 10 0
BBX 8 15 2 0
BITMAP
18
3C
00
82
82
82
82
82
82
82
82
82
C3
7E
78
ENDCHAR
STARTCHAR Udieresis
ENCODING 220
SWIDTH 648 0
DWIDTH 10 0
BBX 8 14 2 0
BITMAP
6C
00
82
82
82
82
82
82
82
82
82
C3
7E
78
ENDCHAR
STARTCHAR Yacute
ENCODING 221
SWIDTH 600 0
DWIDTH 10 0
BBX 9 15 1 0
BITMAP
0C00
0800
0000
C180
C300
6300
6600
3600
3C00
1C00
0800
0800
0800
0800
0800
ENDCHAR
STARTCHAR Thorn
ENCODING 222
SWIDTH 590 0
DWIDTH 9 0
BBX 8 12 1 0
BITMAP
40
40
F0
FC
43
41
41
43
7E
40
40
40
ENDCHAR
STARTCHAR germandbls
ENCODING 223
SWIDTH 594 0
DWIDTH 10 0
BBX 7 13 2 0
BITMAP
20
78
EC
88
98
88
90
88
84
82
86
BE
9E
ENDCHAR
STARTCHAR agrave
ENCODING 224
SWIDTH 543 0
DWIDTH 9 0
BBX 8 12 1 0
BITMAP
30
08
00
30
6E
06
0E
3E
C6
46
7F
3F
ENDCHAR
STARTCHAR aacute
ENCODING 225
SWIDTH 543 0
DWIDTH 9 0
BBX 8 12 1 0
BITMAP
0C
08
00
30
6E
06
0E
3E
C6
46
7F
3F
ENDCHAR
STARTCHAR acircumflex
ENCODING 226
SWIDTH 543 0
DWIDTH 9 0
BBX 8 12 1 0
BITMAP
18
34
00
30
6E
06
0E
3E
C6
46
7F
3F
ENDCHAR
STARTCHAR atilde
ENCODING 227
SWIDTH 543 0
DWIDTH 9 0
BBX 8 12 1 0
BITMAP
3A
2C
00
30
6E
06
0E
3E
C6
46
7F
3F
ENDCHAR
STARTCHAR adieresis
ENCODING 228
SWIDTH 543 0
DWIDTH 9 0
BBX 8 12 1 0
BITMAP
34
34
00
30
6E
06
0E
3E
C6
46
7F
3F
ENDCHAR
STARTCHAR aring
ENCODING 229
SWIDTH 543 0
DWIDTH 9 0
BBX 8 13 1 0
BITMAP
1C
24
1C
00
30
6E
06
0E
3E
C6
46
7F
3F
ENDCHAR
STARTCHAR ae
ENCODING 230
SWIDTH 844 0
DWIDTH 14 0
BBX 12 9 2 0
BITMAP
1980
7FE0
CE30
0C10
7FF0
CC00
8600
FFF0
F0F0
ENDCHAR
STARTCHAR ccedilla
ENCODING 231
SWIDTH 523 0
DWIDTH 8 0
BBX 8 12 1 -3
BITMAP
30
7C
63
40
40
C0
62
7E
3C
10
04
18
ENDCHAR
STARTCHAR egrave
ENCODING 232
SWIDTH 529 0
DWIDTH 8 0
BBX 7 12 2 0
BITMAP
60
10
00
60
FC
C6
84
FE
80
C4
7E
78
ENDCHAR
STARTCHAR eacute
ENCODING 233
SWIDTH 529 0
DWIDTH 8 0
BBX 7 12 2 0
BITMAP
18
10
00
60
FC
C6
84
FE
80
C4
7E
78
ENDCHAR
STARTCHAR ecircumflex
ENCODING 234
SWIDTH 529 0
DWIDTH 8 0
BBX 7 12 2 0
BITMAP
30
68
00
60
FC
C6
84
FE
80
C4
7E
78
ENDCHAR
STARTCHAR edieresis
ENCODING 235
SWIDTH 529 0
DWIDTH 8 0
BBX 7 12 2 0
BITMAP
68
68
00
60
FC
C6
84
FE
80
C4
7E
78
ENDCHAR
STARTCHAR igrave
ENCODING 236
SWIDTH 247 0
DWIDTH 4 0
BBX 2 12 1 0
BITMAP
C0
40
00
40
40
40
40
40
40
40
40
40
ENDCHAR
STARTCHAR iacute
ENCODING 237
SWIDTH 247 0
DWIDTH 4 0
BBX 2 12 2 0
BITMAP
C0
80
00
80
80
80
80
80
80
80
80
80
ENDCHAR
STARTCHAR icircumflex
ENCODING 238
SWIDTH 247 0
DWIDTH 4 0
BBX 4 12 1 0
BITMAP
60
B0
00
40
40
40
40
40
40
40
40
40
ENDCHAR
STARTCHAR idieresis
ENCODING 239
SWIDTH 247 0
DWIDTH 4 0
BBX 4 12 0 0
BITMAP
90
90
00
40
40
40
40
40
40
40
40
40
ENDCHAR
STARTCHAR eth
ENCODING 240
SWIDTH 585 0
DWIDTH 9 0
BBX 7 13 2 0
BITMAP
80
7C
18
6C
0C
64
E6
C2
82
84
C6
FE
78
ENDCHAR
STARTCHAR ntilde
ENCODING 241
SWIDTH 551 0
DWIDTH 9 0
BBX 6 12 2 0
BITMAP
64
B8
00
90
FC
CC
8C
8C
8C
8C
8C
8C
ENDCHAR
STARTCHAR ograve
ENCODING 242
SWIDTH 570 0
DWIDTH 9 0
BBX 8 12 1 0
BITMAP
30
08
00
30
7E
63
C3
43
C3
63
3F
1C
ENDCHAR
STARTCHAR oacute
ENCODING 243
SWIDTH 570 0
DWIDTH 9 0
BBX 8 12 1 0
BITMAP
0C
08
00
30
7E
63
C3
43
C3
63
3F
1C
ENDCHAR
STARTCHAR ocircumflex
ENCODING 244
SWIDTH 570 0
DWIDTH 9 0
BBX 8 12 1 0
BITMAP
18
24
00
30
7E
63
C3
43
C3
63
3F
1C
ENDCHAR
STARTCHAR otilde
ENCODING 245
SWIDTH 570 0
DWIDTH 9 0
BBX 8 12 1 0
BITMAP
3E
2C
00
30
7E
63
C3
43
C3
63
3F
1C
ENDCHAR
STARTCHAR odieresis
ENCODING 246
SWIDTH 570 0
DWIDTH 9 0
BBX 8 12 1 0
BITMAP
34
34
00
30
7E
63
C3
43
C3
63
3F
1C
ENDCHAR
STARTCHAR divide
ENCODING 247
SWIDTH 570 0
DWIDTH 9 0
BBX 8 8 1 2
BITMAP
18
18
00
FF
FF
00
08
18
ENDCHAR
STARTCHAR oslash
ENCODING 248
SWIDTH 566 0
DWIDTH 9 0
BBX 8 11 1 -1
BITMAP
02
3E
74
67
4B
4B
D3
73
3F
3E
40
ENDCHAR
STARTCHAR ugrave
ENCODING 249
SWIDTH 551 0
DWIDTH 9 0
BBX 7 12 2 0
BITMAP
60
20
00
8C
8C
8C
8C
8C
8C
8C
FE
FC
ENDCHAR
STARTCHAR uacute
ENCODING 250
SWIDTH 551 0
DWIDTH 9 0
BBX 7 12 2 0
BITMAP
18
20
00
8C
8C
8C
8C
8C
8C
8C
FE
FC
ENDCHAR
STARTCHAR ucircumflex
ENCODING 251
SWIDTH 551 0
DWIDTH 9 0
BBX 7 12 2 0
BITMAP
30
58
00
8C
8C
8C
8C
8C
8C
8C
FE
FC
ENDCHAR
STARTCHAR udieresis
ENCODING 252
SWIDTH 551 0
DWIDTH 9 0
BBX 7 12 2 0
BITMAP
4C
4C
00
8C
8C
8C
8C
8C
8C
8C
FE
FC
ENDCHAR
STARTCHAR yacute
ENCODING 253
SWIDTH 473 0
DWIDTH 8 0
BBX 8 15 0 -3
BITMAP
0C
08
00
C3
66
62
64
2C
14
1C
18
08
10
30
70
ENDCHAR
STARTCHAR thorn
ENCODING 254
SWIDTH 576 0
DWIDTH 9 0
BBX 6 15 2 -3
BITMAP
80
80
80
90
FC
8C
84
84
84
8C
FC
F8
80
80
80
ENDCHAR
STARTCHAR ydieresis
ENCODING 255
SWIDTH 473 0
DWIDTH 8 0
BBX 8 15 0 -3
BITMAP
34
34
00
C3
66
62
64
2C
14
1C
18
08
10
30
70
ENDCHAR
STARTCHAR Amacron
ENCODING 256
SWIDTH 652 0
DWIDTH 10 0
BBX 11 14 0 0
BITMAP
1F80
0000
0C00
0C00
0E00
0A00
1100
1B00
1100
3F80
7F80
2080
60C0
C060
ENDCHAR
STARTCHAR amacron
ENCODING 257
SWIDTH 543 0
DWIDTH 9 0
BBX 8 12 1 0
BITMAP
3E
00
00
30
6E
06
0E
3E
C6
46
7F
3F
ENDCHAR
STARTCHAR Abreve
ENCODING 258
SWIDTH 652 0
DWIDTH 10 0
BBX 11 15 0 0
BITMAP
1100
0A00
0F00
0C00
0C00
0E00
0A00
1100
1B00
1100
3F80
7F80
2080
60C0
C060
ENDCHAR
STARTCHAR abreve
ENCODING 259
SWIDTH 543 0
DWIDTH 9 0
BBX 8 12 1 0
BITMAP
64
1C
00
30
6E
06
0E
3E
C6
46
7F
3F
ENDCHAR
STARTCHAR Aogonek
ENCODING 260
SWIDTH 652 0
DWIDTH 10 0
BBX 11 15 0 -3
BITMAP
0C00
0C00
0E00
0A00
1100
1B00
1100
3F80
7F80
2080
60C0
C060
00C0
0080
00E0
ENDCHAR
STARTCHAR aogonek
ENCODING 261
SWIDTH 543 0
DWIDTH 9 0
BBX 8 12 1 -3
BITMAP
30
6E
06
0E
3E
C6
46
7F
3F
06
04
07
ENDCHAR
STARTCHAR Cacute
ENCODING 262
SWIDTH 650 0
DWIDTH 10 0
BBX 9 15 1 0
BITMAP
0600
0400
0000
0400
1F00
6180
4180
C000
4000
4000
C000
6180
6180
7F00
0F00
ENDCHAR
STARTCHAR cacute
ENCODING 263
SWIDTH 523 0
DWIDTH 8 0
BBX 8 12 1 0
BITMAP
0C
10
00
30
7C
63
40
40
C0
62
7E
3C
ENDCHAR
STARTCHAR Ccircumflex
ENCODING 264
SWIDTH 650 0
DWIDTH 10 0
BBX 9 15 1 0
BITMAP
0C00
1A00
0000
0400
1F00
6180
4180
C000
4000
4000
C000
6180
6180
7F00
0F00
ENDCHAR
STARTCHAR ccircumflex
ENCODING 265
SWIDTH 523 0
DWIDTH 8 0
BBX 8 12 1 0
BITMAP
1C
6C
00
30
7C
63
40
40
C0
62
7E
3C
ENDCHAR
STARTCHAR uni010A
ENCODING 266
SWIDTH 650 0
DWIDTH 10 0
BBX 9 15 1 0
BITMAP
0800
0C00
0000
0400
1F00
6180
4180
C000
4000
4000
C000
6180
6180
7F00
0F00
ENDCHAR
STARTCHAR uni010B
ENCODING 267
SWIDTH 523 0
DWIDTH 8 0
BBX 8 12 1 0
BITMAP
10
10
00
30
7C
63
40
40
C0
62
7E
3C
ENDCHAR
STARTCHAR Ccaron
ENCODING 268
SWIDTH 650 0
DWIDTH 10 0
BBX 9 15 1 0
BITMAP
1A00
0C00
0000
0400
1F00
6180
4180
C000
4000
4000
C000
6180
6180
7F00
0F00
ENDCHAR
STARTCHAR ccaron
ENCODING 269
SWIDTH 523 0
DWIDTH 8 0
BBX 8 12 1 0
BITMAP
28
10
00
30
7C
63
40
40
C0
62
7E
3C
ENDCHAR
STARTCHAR Dcaron
ENCODING 270
SWIDTH 655 0
DWIDTH 10 0
BBX 8 15 2 0
BITMAP
C8
70
00
E0
9C
86
86
82
82
82
82
83
86
FC
E0
ENDCHAR
STARTCHAR dcaron
ENCODING 271
SWIDTH 637 0
DWIDTH 10 0
BBX 10 12 1 0
BITMAP
02C0
0240
0240
1200
3F00
6200
4200
4200
C200
6200
3F00
1E00
ENDCHAR
STARTCHAR Dcroat
ENCODING 272
SWIDTH 670 0
DWIDTH 11 0
BBX 10 12 0 0
BITMAP
3C00
3700
30C0
30C0
30C0
F8C0
30C0
30C0
30C0
30C0
3F80
3C00
ENDCHAR
STARTCHAR dcroat
ENCODING 273
SWIDTH 597 0
DWIDTH 10 0
BBX 9 12 1 0
BITMAP
0200
0F80
0200
1200
3F00
6200
4200
4200
C200
6200
3F00
1E00
ENDCHAR
STARTCHAR Emacron
ENCODING 274
SWIDTH 568 0
DWIDTH 9 0
BBX 7 14 2 0
BITMAP
7C
00
FE
80
80
80
80
FC
80
80
80
80
FE
FE
ENDCHAR
STARTCHAR emacron
ENCODING 275
SWIDTH 529 0
DWIDTH 8 0
BBX 7 12 2 0
BITMAP
7C
00
00
60
FC
C6
84
FE
80
C4
7E
78
ENDCHAR
STARTCHAR Ebreve
ENCODING 276
SWIDTH 568 0
DWIDTH 9 0
BBX 7 15 2 0
BITMAP
48
78
00
FE
80
80
80
80
FC
80
80
80
80
FE
FE
ENDCHAR
STARTCHAR ebreve
ENCODING 277
SWIDTH 529 0
DWIDTH 8 0
BBX 7 12 2 0
BITMAP
C8
38
00
60
FC
C6
84
FE
80
C4
7E
78
ENDCHAR
STARTCHAR Edotaccent
ENCODING 278
SWIDTH 568 0
DWIDTH 9 0
BBX 7 14 2 0
BITMAP
30
00
FE
80
80
80
80
FC
80
80
80
80
FE
FE
ENDCHAR
STARTCHAR edotaccent
ENCODING 279
SWIDTH 529 0
DWIDTH 8 0
BBX 7 12 2 0
BITMAP
10
10
00
60
FC
C6
84
FE
80
C4
7E
78
ENDCHAR
STARTCHAR Eogonek
ENCODING 280
SWIDTH 568 0
DWIDTH 9 0
BBX 7 15 2 -3
BITMAP
FE
80
80
80
80
FC
80
80
80
80
FE
FE
0C
08
0E
ENDCHAR
STARTCHAR eogonek
ENCODING 281
SWIDTH 529 0
DWIDTH 8 0
BBX 7 12 2 -3
BITMAP
60
FC
C6
84
FE
80
C4
7E
78
10
14
1C
ENDCHAR
STARTCHAR Ecaron
ENCODING 282
SWIDTH 568 0
DWIDTH 9 0
BBX 7 15 2 0
BITMAP
78
70
00
FE
80
80
80
80
FC
80
80
80
80
FE
FE
ENDCHAR
STARTCHAR ecaron
ENCODING 283
SWIDTH 529 0
DWIDTH 8 0
BBX 7 12 2 0
BITMAP
28
10
00
60
FC
C6
84
FE
80
C4
7E
78
ENDCHAR
STARTCHAR Gcircumflex
ENCODING 284
SWIDTH 681 0
DWIDTH 11 0
BBX 9 15 1 0
BITMAP
0C00
1A00
0000
0400
3F00
6180
C180
C000
4000
4780
C180
6180
6180
3F80
1F00
ENDCHAR
STARTCHAR gcircumflex
ENCODING 285
SWIDTH 561 0
DWIDTH 9 0
BBX 8 15 1 -3
BITMAP
38
36
00
12
3F
62
42
42
C2
62
3F
1F
43
E2
3C
ENDCHAR
STARTCHAR Gbreve
ENCODING 286
SWIDTH 681 0
DWIDTH 11 0
BBX 9 15 1 0
BITMAP
1300
1E00
0000
0400
3F00
6180
C180
C000
4000
4780
C180
6180
6180
3F80
1F00
ENDCHAR
STARTCHAR gbreve
ENCODING 287
SWIDTH 561 0
DWIDTH 9 0
BBX 8 15 1 -3
BITMAP
24
1C
00
12
3F
62
42
42
C2
62
3F
1F
43
E2
3C
ENDCHAR
STARTCHAR uni0120
ENCODING 288
SWIDTH 681 0
DWIDTH 11 0
BBX 9 15 1 0
BITMAP
0800
0C00
0000
0400
3F00
6180
C180
C000
4000
4780
C180
6180
6180
3F80
1F00
ENDCHAR
STARTCHAR uni0121
ENCODING 289
SWIDTH 561 0
DWIDTH 9 0
BBX 8 15 1 -3
BITMAP
08
08
00
12
3F
62
42
42
C2
62
3F
1F
43
E2
3C
ENDCHAR
STARTCHAR Gcommaaccent
ENCODING 290
SWIDTH 681 0
DWIDTH 11 0
BBX 9 16 1 -4
BITMAP
0400
3F00
6180
C180
C000
4000
4780
C180
6180
6180
3F80
1F00
0400
0400
0800
0800
ENDCHAR
STARTCHAR gcommaaccent
ENCODING 291
SWIDTH 561 0
DWIDTH 9 0
BBX 8 17 1 -3
BITMAP
08
18
08
08
00
12
3F
62
42
42
C2
62
3F
1F
43
E2
3C
ENDCHAR
STARTCHAR Hcircumflex
ENCODING 292
SWIDTH 712 0
DWIDTH 11 0
BBX 9 15 1 0
BITMAP
0C00
1C00
0000
4180
4180
4180
4180
4180
FF80
4180
4180
4180
4180
4180
4180
ENDCHAR
STARTCHAR hcircumflex
ENCODING 293
SWIDTH 550 0
DWIDTH 9 0
BBX 6 15 2 0
BITMAP
60
70
00
80
80
80
90
FC
CC
8C
8C
8C
8C
8C
8C
ENDCHAR
STARTCHAR Hbar
ENCODING 294
SWIDTH 700 0
DWIDTH 11 0
BBX 11 12 0 0
BITMAP
60C0
60C0
FFE0
FFE0
60C0
7FC0
60C0
60C0
60C0
60C0
60C0
60C0
ENDCHAR
STARTCHAR hbar
ENCODING 295
SWIDTH 565 0
DWIDTH 9 0
BBX 9 12 0 0
BITMAP
2000
F800
2000
2400
3F00
3180
2100
2100
2100
2100
2100
2100
ENDCHAR
STARTCHAR Itilde
ENCODING 296
SWIDTH 271 0
DWIDTH 4 0
BBX 5 15 0 0
BITMAP
48
F8
00
20
20
20
20
20
20
20
20
20
20
20
20
ENDCHAR
STARTCHAR itilde
ENCODING 297
SWIDTH 247 0
DWIDTH 4 0
BBX 5 12 0 0
BITMAP
E8
B0
00
20
20
20
20
20
20
20
20
20
ENDCHAR
STARTCHAR Imacron
ENCODING 298
SWIDTH 271 0
DWIDTH 4 0
BBX 5 14 1 0
BITMAP
F8
00
20
20
20
20
20
20
20
20
20
20
20
20
ENDCHAR
STARTCHAR imacron
ENCODING 299
SWIDTH 247 0
DWIDTH 4 0
BBX 5 12 0 0
BITMAP
F8
00
00
20
20
20
20
20
20
20
20
20
ENDCHAR
STARTCHAR Ibreve
ENCODING 300
SWIDTH 271 0
DWIDTH 4 0
BBX 5 15 1 0
BITMAP
98
90
00
40
40
40
40
40
40
40
40
40
40
40
40
ENDCHAR
STARTCHAR ibreve
ENCODING 301
SWIDTH 247 0
DWIDTH 4 0
BBX 5 12 1 0
BITMAP
98
E0
00
40
40
40
40
40
40
40
40
40
ENDCHAR
STARTCHAR Iogonek
ENCODING 302
SWIDTH 271 0
DWIDTH 4 0
BBX 3 15 1 -3
BITMAP
C0
C0
C0
C0
C0
C0
C0
C0
C0
C0
C0
C0
C0
80
E0
ENDCHAR
STARTCHAR iogonek
ENCODING 303
SWIDTH 242 0
DWIDTH 4 0
BBX 3 15 1 -3
BITMAP
C0
C0
00
C0
C0
C0
C0
C0
C0
C0
C0
C0
C0
80
E0
ENDCHAR
STARTCHAR Idotaccent
ENCODING 304
SWIDTH 271 0
DWIDTH 4 0
BBX 2 14 1 0
BITMAP
C0
00
C0
C0
C0
C0
C0
C0
C0
C0
C0
C0
C0
C0
ENDCHAR
STARTCHAR dotlessi
ENCODING 305
SWIDTH 247 0
DWIDTH 4 0
BBX 1 9 2 0
BITMAP
80
80
80
80
80
80
80
80
80
ENDCHAR
STARTCHAR IJ
ENCODING 306
SWIDTH 823 0
DWIDTH 13 0
BBX 10 12 2 0
BITMAP
8040
8040
8040
8040
8040
8040
8040
8040
9840
98C0
9F80
8F80
ENDCHAR
STARTCHAR ij
ENCODING 307
SWIDTH 481 0
DWIDTH 8 0
BBX 6 15 1 -3
BITMAP
44
44
00
C4
C4
C4
C4
C4
C4
C4
C4
C4
04
0C
38
ENDCHAR
STARTCHAR Jcircumflex
ENCODING 308
SWIDTH 551 0
DWIDTH 9 0
BBX 8 15 0 0
BITMAP
03
05
00
02
02
02
02
02
02
02
02
42
C3
7E
3E
ENDCHAR
STARTCHAR jcircumflex
ENCODING 309
SWIDTH 251 0
DWIDTH 4 0
BBX 7 15 -1 -3
BITMAP
30
58
00
10
10
10
10
10
10
10
10
10
10
20
E0
ENDCHAR
STARTCHAR Kcommaaccent
ENCODING 310
SWIDTH 626 0
DWIDTH 10 0
BBX 9 15 1 -3
BITMAP
4180
4300
4600
4C00
5800
7000
F800
CC00
4600
4300
4180
4180
0800
0800
0800
ENDCHAR
STARTCHAR kcommaaccent
ENCODING 311
SWIDTH 506 0
DWIDTH 8 0
BBX 8 15 1 -3
BITMAP
40
40
40
46
4C
58
70
F0
58
4C
46
43
18
30
10
ENDCHAR
STARTCHAR kgreenlandic
ENCODING 312
SWIDTH 556 0
DWIDTH 9 0
BBX 8 9 1 0
BITMAP
46
4C
4C
58
F0
58
4C
46
43
ENDCHAR
STARTCHAR Lacute
ENCODING 313
SWIDTH 538 0
DWIDTH 9 0
BBX 7 15 1 0
BITMAP
30
40
00
C0
C0
C0
C0
C0
C0
C0
C0
C0
C0
FE
FE
ENDCHAR
STARTCHAR lacute
ENCODING 314
SWIDTH 242 0
DWIDTH 4 0
BBX 4 16 1 0
BITMAP
30
20
40
00
C0
C0
C0
C0
C0
C0
C0
C0
C0
C0
C0
C0
ENDCHAR
STARTCHAR Lcommaaccent
ENCODING 315
SWIDTH 538 0
DWIDTH 9 0
BBX 7 15 1 -3
BITMAP
40
40
40
40
40
40
40
40
40
40
FE
FE
10
10
18
ENDCHAR
STARTCHAR lcommaaccent
ENCODING 316
SWIDTH 242 0
DWIDTH 4 0
BBX 2 15 1 -3
BITMAP
40
40
40
40
40
40
40
40
40
40
40
40
40
40
C0
ENDCHAR
STARTCHAR Lcaron
ENCODING 317
SWIDTH 538 0
DWIDTH 9 0
BBX 7 12 1 0
BITMAP
48
48
58
40
40
40
40
40
40
40
FE
FE
ENDCHAR
STARTCHAR lcaron
ENCODING 318
SWIDTH 315 0
DWIDTH 5 0
BBX 4 12 2 0
BITMAP
A0
B0
A0
80
80
80
80
80
80
80
80
80
ENDCHAR
STARTCHAR Ldot
ENCODING 319
SWIDTH 538 0
DWIDTH 9 0
BBX 7 12 1 0
BITMAP
40
40
40
40
48
4C
40
40
40
40
FE
FE
ENDCHAR
STARTCHAR ldot
ENCODING 320
SWIDTH 350 0
DWIDTH 6 0
BBX 4 12 2 0
BITMAP
80
80
80
80
80
B0
80
80
80
80
80
80
ENDCHAR
STARTCHAR Lslash
ENCODING 321
SWIDTH 538 0
DWIDTH 9 0
BBX 8 12 0 0
BITMAP
60
60
60
60
68
70
E0
60
60
60
7F
7F
ENDCHAR
STARTCHAR lslash
ENCODING 322
SWIDTH 270 0
DWIDTH 4 0
BBX 5 12 0 0
BITMAP
60
60
60
60
68
60
E0
60
60
60
60
60
ENDCHAR
STARTCHAR Nacute
ENCODING 323
SWIDTH 712 0
DWIDTH 11 0
BBX 9 15 1 0
BITMAP
0600
0C00
0000
C180
6180
7180
7180
5980
4D80
4D80
4780
4380
4380
4180
4180
ENDCHAR
STARTCHAR nacute
ENCODING 324
SWIDTH 551 0
DWIDTH 9 0
BBX 6 12 2 0
BITMAP
18
20
00
90
FC
CC
8C
8C
8C
8C
8C
8C
ENDCHAR
STARTCHAR Ncommaaccent
ENCODING 325
SWIDTH 712 0
DWIDTH 11 0
BBX 9 15 1 -3
BITMAP
C180
6180
7180
7180
5980
4D80
4D80
4780
4380
4380
4180
4180
0800
0800
1800
ENDCHAR
STARTCHAR ncommaaccent
ENCODING 326
SWIDTH 551 0
DWIDTH 9 0
BBX 6 12 2 -3
BITMAP
90
FC
CC
8C
8C
8C
8C
8C
8C
20
20
60
ENDCHAR
STARTCHAR Ncaron
ENCODING 327
SWIDTH 712 0
DWIDTH 11 0
BBX 9 15 1 0
BITMAP
1200
1C00
0000
C180
6180
7180
7180
5980
4D80
4D80
4780
4380
4380
4180
4180
ENDCHAR
STARTCHAR ncaron
ENCODING 328
SWIDTH 551 0
DWIDTH 9 0
BBX 6 12 2 0
BITMAP
50
20
00
90
FC
CC
8C
8C
8C
8C
8C
8C
ENDCHAR
STARTCHAR napostrophe
ENCODING 329
SWIDTH 551 0
DWIDTH 9 0
BBX 9 12 -1 0
BITMAP
4000
C000
4000
2200
3F00
3180
2080
2080
2080
2080
2080
2080
ENDCHAR
STARTCHAR Eng
ENCODING 330
SWIDTH 692 0
DWIDTH 11 0
BBX 9 15 1 -3
BITMAP
C180
6180
E180
7180
5980
4D80
4D80
4780
4780
4380
4380
4180
0180
0180
0380
ENDCHAR
STARTCHAR eng
ENCODING 331
SWIDTH 566 0
DWIDTH 9 0
BBX 6 12 2 -3
BITMAP
90
FC
8C
8C
8C
8C
8C
8C
8C
0C
0C
1C
ENDCHAR
STARTCHAR Omacron
ENCODING 332
SWIDTH 687 0
DWIDTH 11 0
BBX 10 14 1 0
BITMAP
1F00
0000
0400
1F00
6180
4180
C080
4080
4080
C080
60C0
6180
3F00
1F00
ENDCHAR
STARTCHAR omacron
ENCODING 333
SWIDTH 570 0
DWIDTH 9 0
BBX 8 12 1 0
BITMAP
3E
00
00
30
7E
63
C3
43
C3
63
3F
1C
ENDCHAR
STARTCHAR Obreve
ENCODING 334
SWIDTH 687 0
DWIDTH 11 0
BBX 10 15 1 0
BITMAP
1200
1300
0E00
0400
1F00
6180
4180
C080
4080
4080
C080
60C0
6180
3F00
1F00
ENDCHAR
STARTCHAR obreve
ENCODING 335
SWIDTH 570 0
DWIDTH 9 0
BBX 8 12 1 0
BITMAP
32
1C
00
30
7E
63
C3
43
C3
63
3F
1C
ENDCHAR
STARTCHAR Ohungarumlaut
ENCODING 336
SWIDTH 687 0
DWIDTH 11 0
BBX 10 15 1 0
BITMAP
0580
1A00
1400
0400
1F00
6180
4180
C080
4080
4080
C080
60C0
6180
3F00
1F00
ENDCHAR
STARTCHAR ohungarumlaut
ENCODING 337
SWIDTH 570 0
DWIDTH 9 0
BBX 8 12 1 0
BITMAP
16
16
00
30
7E
63
C3
43
C3
63
3F
1C
ENDCHAR
STARTCHAR OE
ENCODING 338
SWIDTH 953 0
DWIDTH 15 0
BBX 14 12 1 0
BITMAP
07FC
1900
6100
C100
4100
41F8
4100
4100
C100
6100
3FFC
1FFC
ENDCHAR
STARTCHAR oe
ENCODING 339
SWIDTH 908 0
DWIDTH 15 0
BBX 14 9 1 0
BITMAP
3CC0
7FF8
638C
41FC
41FC
C300
6380
7FF8
1C7C
ENDCHAR
STARTCHAR Racute
ENCODING 340
SWIDTH 615 0
DWIDTH 10 0
BBX 9 15 1 0
BITMAP
0C00
1800
0000
F000
4E00
4300
4300
4300
4300
FC00
4600
4600
4300
4300
4180
ENDCHAR
STARTCHAR racute
ENCODING 341
SWIDTH 338 0
DWIDTH 5 0
BBX 4 12 2 0
BITMAP
60
40
00
90
E0
80
80
80
80
80
80
80
ENDCHAR
STARTCHAR Rcommaaccent
ENCODING 342
SWIDTH 615 0
DWIDTH 10 0
BBX 9 15 1 -3
BITMAP
F000
4E00
4300
4300
4300
4300
FC00
4600
4600
4300
4300
4180
1000
1000
1800
ENDCHAR
STARTCHAR rcommaaccent
ENCODING 343
SWIDTH 338 0
DWIDTH 5 0
BBX 5 12 1 -3
BITMAP
68
78
60
60
60
60
60
60
60
40
40
C0
ENDCHAR
STARTCHAR Rcaron
ENCODING 344
SWIDTH 615 0
DWIDTH 10 0
BBX 9 15 1 0
BITMAP
6C00
3800
0000
F000
4E00
4300
4300
4300
4300
FC00
4600
4600
4300
4300
4180
ENDCHAR
STARTCHAR rcaron
ENCODING 345
SWIDTH 338 0
DWIDTH 5 0
BBX 5 12 1 0
BITMAP
50
20
00
68
F0
60
60
60
60
60
60
60
ENDCHAR
STARTCHAR Sacute
ENCODING 346
SWIDTH 593 0
DWIDTH 9 0
BBX 8 15 2 0
BITMAP
0C
08
00
0C
FE
C6
C0
C0
70
1C
06
83
C2
FE
3E
ENDCHAR
STARTCHAR sacute
ENCODING 347
SWIDTH 515 0
DWIDTH 8 0
BBX 6 12 2 0
BITMAP
18
10
00
20
5C
CC
C0
78
0C
8C
FC
78
ENDCHAR
STARTCHAR Scircumflex
ENCODING 348
SWIDTH 593 0
DWIDTH 9 0
BBX 8 15 2 0
BITMAP
18
28
00
0C
FE
C6
C0
C0
70
1C
06
83
C2
FE
3E
ENDCHAR
STARTCHAR scircumflex
ENCODING 349
SWIDTH 515 0
DWIDTH 8 0
BBX 6 12 2 0
BITMAP
70
68
00
20
5C
CC
C0
78
0C
8C
FC
78
ENDCHAR
STARTCHAR Scedilla
ENCODING 350
SWIDTH 593 0
DWIDTH 9 0
BBX 8 15 2 -3
BITMAP
0C
FE
C6
C0
C0
70
1C
06
83
C2
FE
3E
10
08
18
ENDCHAR
STARTCHAR scedilla
ENCODING 351
SWIDTH 515 0
DWIDTH 8 0
BBX 6 12 2 -3
BITMAP
20
5C
CC
C0
78
0C
8C
FC
78
10
08
30
ENDCHAR
STARTCHAR Scaron
ENCODING 352
SWIDTH 593 0
DWIDTH 9 0
BBX 8 15 2 0
BITMAP
24
18
00
0C
FE
C6
C0
C0
70
1C
06
83
C2
FE
3E
ENDCHAR
STARTCHAR scaron
ENCODING 353
SWIDTH 515 0
DWIDTH 8 0
BBX 6 12 2 0
BITMAP
28
10
00
20
5C
CC
C0
78
0C
8C
FC
78
ENDCHAR
STARTCHAR uni0162
ENCODING 354
SWIDTH 596 0
DWIDTH 10 0
BBX 9 15 0 -3
BITMAP
FF80
0800
0800
0800
0800
0800
0800
0800
0800
0800
0800
0800
0800
0400
0C00
ENDCHAR
STARTCHAR uni0163
ENCODING 355
SWIDTH 326 0
DWIDTH 5 0
BBX 6 14 0 -3
BITMAP
20
20
F8
20
20
20
20
20
20
38
38
10
04
18
ENDCHAR
STARTCHAR Tcaron
ENCODING 356
SWIDTH 596 0
DWIDTH 10 0
BBX 9 15 0 0
BITMAP
1600
1C00
0000
FF80
0800
0800
0800
0800
0800
0800
0800
0800
0800
0800
0800
ENDCHAR
STARTCHAR tcaron
ENCODING 357
SWIDTH 346 0
DWIDTH 6 0
BBX 7 13 0 0
BITMAP
06
04
24
20
F8
20
20
20
20
20
20
38
38
ENDCHAR
STARTCHAR Tbar
ENCODING 358
SWIDTH 596 0
DWIDTH 10 0
BBX 9 12 0 0
BITMAP
FF80
0800
0800
0800
3E00
0800
0800
0800
0800
0800
0800
0800
ENDCHAR
STARTCHAR tbar
ENCODING 359
SWIDTH 326 0
DWIDTH 5 0
BBX 5 11 0 0
BITMAP
20
20
F8
20
20
F8
20
20
20
38
38
ENDCHAR
STARTCHAR Utilde
ENCODING 360
SWIDTH 648 0
DWIDTH 10 0
BBX 8 15 2 0
BITMAP
24
7C
00
82
82
82
82
82
82
82
82
82
C3
7E
78
ENDCHAR
STARTCHAR utilde
ENCODING 361
SWIDTH 551 0
DWIDTH 9 0
BBX 7 12 2 0
BITMAP
64
B8
00
8C
8C
8C
8C
8C
8C
8C
FE
FC
ENDCHAR
STARTCHAR Umacron
ENCODING 362
SWIDTH 648 0
DWIDTH 10 0
BBX 8 14 2 0
BITMAP
7C
00
82
82
82
82
82
82
82
82
82
C3
7E
78
ENDCHAR
STARTCHAR umacron
ENCODING 363
SWIDTH 551 0
DWIDTH 9 0
BBX 7 12 2 0
BITMAP
F8
00
00
8C
8C
8C
8C
8C
8C
8C
FE
FC
ENDCHAR
STARTCHAR Ubreve
ENCODING 364
SWIDTH 648 0
DWIDTH 10 0
BBX 8 15 2 0
BITMAP
44
24
3C
82
82
82
82
82
82
82
82
82
C3
7E
78
ENDCHAR
STARTCHAR ubreve
ENCODING 365
SWIDTH 551 0
DWIDTH 9 0
BBX 7 12 2 0
BITMAP
48
70
00
8C
8C
8C
8C
8C
8C
8C
FE
FC
ENDCHAR
STARTCHAR Uring
ENCODING 366
SWIDTH 648 0
DWIDTH 10 0
BBX 8 16 2 0
BITMAP
10
28
28
18
82
82
82
82
82
82
82
82
82
C3
7E
78
ENDCHAR
STARTCHAR uring
ENCODING 367
SWIDTH 551 0
DWIDTH 9 0
BBX 7 13 2 0
BITMAP
70
48
70
00
8C
8C
8C
8C
8C
8C
8C
FE
FC
ENDCHAR
STARTCHAR Uhungarumlaut
ENCODING 368
SWIDTH 648 0
DWIDTH 10 0
BBX 8 15 2 0
BITMAP
1E
2C
2C
82
82
82
82
82
82
82
82
82
C3
7E
78
ENDCHAR
STARTCHAR uhungarumlaut
ENCODING 369
SWIDTH 551 0
DWIDTH 9 0
BBX 7 12 2 0
BITMAP
68
48
00
8C
8C
8C
8C
8C
8C
8C
FE
FC
ENDCHAR
STARTCHAR Uogonek
ENCODING 370
SWIDTH 648 0
DWIDTH 10 0
BBX 8 15 2 -3
BITMAP
82
82
82
82
82
82
82
82
82
C3
FE
7C
08
1C
0C
ENDCHAR
STARTCHAR uogonek
ENCODING 371
SWIDTH 551 0
DWIDTH 9 0
BBX 7 12 2 -3
BITMAP
8C
8C
8C
8C
8C
8C
8C
FE
FC
0C
08
0E
ENDCHAR
STARTCHAR Wcircumflex
ENCODING 372
SWIDTH 887 0
DWIDTH 14 0
BBX 14 15 0 0
BITMAP
0100
0280
0000
C108
630C
430C
2288
2488
64D0
2C98
2470
18D0
3860
1860
1060
ENDCHAR
STARTCHAR wcircumflex
ENCODING 373
SWIDTH 751 0
DWIDTH 12 0
BBX 12 12 0 0
BITMAP
0E00
0D00
0000
C220
6630
4660
2520
6B40
3960
18C0
18C0
1880
ENDCHAR
STARTCHAR Ycircumflex
ENCODING 374
SWIDTH 600 0
DWIDTH 10 0
BBX 9 15 1 0
BITMAP
0800
1400
0000
C180
C300
6300
6600
3600
3C00
1C00
0800
0800
0800
0800
0800
ENDCHAR
STARTCHAR ycircumflex
ENCODING 375
SWIDTH 473 0
DWIDTH 8 0
BBX 8 15 0 -3
BITMAP
18
24
00
C3
66
62
64
2C
14
1C
18
08
10
30
70
ENDCHAR
STARTCHAR Ydieresis
ENCODING 376
SWIDTH 600 0
DWIDTH 10 0
BBX 9 14 1 0
BITMAP
3600
0000
C180
C300
6300
6600
3600
3C00
1C00
0800
0800
0800
0800
0800
ENDCHAR
STARTCHAR Zacute
ENCODING 377
SWIDTH 598 0
DWIDTH 10 0
BBX 8 15 2 0
BITMAP
0C
08
00
FF
06
06
0C
18
18
30
60
60
C0
FF
FF
ENDCHAR
STARTCHAR zacute
ENCODING 378
SWIDTH 495 0
DWIDTH 8 0
BBX 7 12 1 0
BITMAP
0C
10
00
7E
06
0C
18
18
30
60
FE
FE
ENDCHAR
STARTCHAR Zdotaccent
ENCODING 379
SWIDTH 598 0
DWIDTH 10 0
BBX 8 14 2 0
BITMAP
18
00
FF
06
06
0C
18
18
30
60
60
C0
FF
FF
ENDCHAR
STARTCHAR zdotaccent
ENCODING 380
SWIDTH 495 0
DWIDTH 8 0
BBX 7 12 1 0
BITMAP
10
10
00
7E
06
0C
18
18
30
60
FE
FE
ENDCHAR
STARTCHAR Zcaron
ENCODING 381
SWIDTH 598 0
DWIDTH 10 0
BBX 8 15 2 0
BITMAP
24
18
00
FF
06
06
0C
18
18
30
60
60
C0
FF
FF
ENDCHAR
STARTCHAR zcaron
ENCODING 382
SWIDTH 495 0
DWIDTH 8 0
BBX 7 12 1 0
BITMAP
28
10
00
7E
06
0C
18
18
30
60
FE
FE
ENDCHAR
STARTCHAR longs
ENCODING 383
SWIDTH 248 0
DWIDTH 4 0
BBX 4 13 1 0
BITMAP
10
70
E0
40
40
40
40
40
40
40
40
40
40
ENDCHAR
STARTCHAR bbar
ENCODING 384
SWIDTH 602 0
DWIDTH 10 0
BBX 9 12 0 0
BITMAP
3000
F800
3000
3400
3F80
3180
3180
3180
3180
3180
3F80
3E00
ENDCHAR
STARTCHAR Bhook
ENCODING 385
SWIDTH 722 0
DWIDTH 12 0
BBX 11 12 0 0
BITMAP
3E00
79C0
D060
1040
10C0
1FC0
1180
1040
1020
1060
1FC0
1E00
ENDCHAR
STARTCHAR Btopbar
ENCODING 386
SWIDTH 626 0
DWIDTH 10 0
BBX 8 12 1 0
BITMAP
FE
40
40
40
40
78
47
43
41
43
7F
78
ENDCHAR
STARTCHAR btopbar
ENCODING 387
SWIDTH 561 0
DWIDTH 9 0
BBX 7 12 2 0
BITMAP
F8
80
80
90
FC
86
84
84
84
8C
FC
F8
ENDCHAR
STARTCHAR Tonesix
ENCODING 388
SWIDTH 670 0
DWIDTH 11 0
BBX 10 12 1 0
BITMAP
6000
E000
E000
6000
6000
7C00
6380
60C0
6040
60C0
3F80
7C00
ENDCHAR
STARTCHAR tonesix
ENCODING 389
SWIDTH 616 0
DWIDTH 10 0
BBX 9 12 1 0
BITMAP
6000
E000
6000
6400
3F00
6180
6080
6080
6080
6180
3F00
7C00
ENDCHAR
STARTCHAR Oopen
ENCODING 390
SWIDTH 650 0
DWIDTH 10 0
BBX 9 12 1 0
BITMAP
0800
7E00
6180
C180
0180
0180
0180
0180
4180
6180
3F00
7E00
ENDCHAR
STARTCHAR Chook
ENCODING 391
SWIDTH 706 0
DWIDTH 11 0
BBX 11 12 1 0
BITMAP
0420
3FC0
61C0
4180
C000
4000
4000
C000
6180
6180
7F00
0F00
ENDCHAR
STARTCHAR chook
ENCODING 392
SWIDTH 605 0
DWIDTH 10 0
BBX 9 9 1 0
BITMAP
3080
7F80
6300
4000
4000
C000
6200
7E00
3C00
ENDCHAR
STARTCHAR Dbar1
ENCODING 393
SWIDTH 690 0
DWIDTH 11 0
BBX 10 12 0 0
BITMAP
3800
2700
20C0
20C0
20C0
F8C0
20C0
20C0
20C0
20C0
3F00
3800
ENDCHAR
STARTCHAR Dhook
ENCODING 394
SWIDTH 755 0
DWIDTH 12 0
BBX 12 12 0 0
BITMAP
3C00
7B80
D060
1060
1030
1030
1030
1060
1060
1060
1F80
1C00
ENDCHAR
STARTCHAR Dtopbar
ENCODING 395
SWIDTH 625 0
DWIDTH 10 0
BBX 8 12 2 0
BITMAP
7F
02
02
02
02
1E
E2
C2
82
C2
FF
1E
ENDCHAR
STARTCHAR dtopbar
ENCODING 396
SWIDTH 563 0
DWIDTH 9 0
BBX 8 12 1 0
BITMAP
3E
02
02
12
3F
62
42
42
C2
62
3F
1E
ENDCHAR
STARTCHAR deltaturn
ENCODING 397
SWIDTH 566 0
DWIDTH 9 0
BBX 8 11 1 -2
BITMAP
30
7E
63
41
43
C1
43
7E
18
18
3E
ENDCHAR
STARTCHAR Eturn
ENCODING 398
SWIDTH 568 0
DWIDTH 9 0
BBX 7 12 2 0
BITMAP
FE
04
04
04
04
FC
FC
04
04
04
FE
FE
ENDCHAR
STARTCHAR Schwa
ENCODING 399
SWIDTH 690 0
DWIDTH 11 0
BBX 10 12 1 0
BITMAP
0800
3F80
0100
00C0
0040
0040
7FC0
4040
C0C0
6180
7F00
0F00
ENDCHAR
STARTCHAR Epsilon1
ENCODING 400
SWIDTH 598 0
DWIDTH 10 0
BBX 9 12 1 0
BITMAP
0600
3F00
6300
C000
6000
7C00
3000
6000
4100
C180
7F00
3E00
ENDCHAR
STARTCHAR Fhook
ENCODING 401
SWIDTH 582 0
DWIDTH 9 0
BBX 9 15 0 -3
BITMAP
3F80
1000
1000
1000
1000
1F80
1F80
1000
1000
1000
1000
1000
1000
3000
E000
ENDCHAR
STARTCHAR florin
ENCODING 402
SWIDTH 340 0
DWIDTH 5 0
BBX 6 16 0 -3
BITMAP
04
1C
38
10
78
10
10
10
10
10
10
10
10
10
20
E0
ENDCHAR
STARTCHAR Ghook
ENCODING 403
SWIDTH 708 0
DWIDTH 11 0
BBX 11 12 1 0
BITMAP
0420
7FE0
6180
C180
C000
4000
4780
C180
6180
6180
3F80
1F00
ENDCHAR
STARTCHAR Gamma1
ENCODING 404
SWIDTH 627 0
DWIDTH 10 0
BBX 10 15 0 -3
BITMAP
C0C0
60C0
6180
3180
3300
1B00
0B00
1A00
0C00
0C00
0C00
0E00
0E00
0B00
0E00
ENDCHAR
STARTCHAR hv
ENCODING 405
SWIDTH 836 0
DWIDTH 13 0
BBX 12 12 1 0
BITMAP
4000
4000
4000
4820
FC20
6620
4620
4620
4620
4330
43E0
41E0
ENDCHAR
STARTCHAR Iota1
ENCODING 406
SWIDTH 323 0
DWIDTH 5 0
BBX 4 12 1 0
BITMAP
40
40
40
40
40
40
40
40
40
40
F0
30
ENDCHAR
STARTCHAR Ibar
ENCODING 407
SWIDTH 330 0
DWIDTH 5 0
BBX 5 12 0 0
BITMAP
20
20
20
20
20
F8
20
20
20
20
20
20
ENDCHAR
STARTCHAR Khook
ENCODING 408
SWIDTH 626 0
DWIDTH 10 0
BBX 9 12 1 0
BITMAP
4180
4280
4600
4C00
5800
7000
F800
CC00
4600
4300
4180
4180
ENDCHAR
STARTCHAR khook
ENCODING 409
SWIDTH 506 0
DWIDTH 8 0
BBX 8 13 1 0
BITMAP
20
60
40
40
46
4C
58
70
F0
58
4C
46
43
ENDCHAR
STARTCHAR lbar
ENCODING 410
SWIDTH 330 0
DWIDTH 5 0
BBX 5 12 0 0
BITMAP
20
20
20
20
20
F8
20
20
20
20
20
20
ENDCHAR
STARTCHAR lambdabar
ENCODING 411
SWIDTH 553 0
DWIDTH 9 0
BBX 9 12 0 0
BITMAP
6000
3800
3800
1800
1800
1C00
3600
3600
6600
6300
6300
C180
ENDCHAR
STARTCHAR mcapturn
ENCODING 412
SWIDTH 910 0
DWIDTH 15 0
BBX 13 12 1 0
BITMAP
4618
4618
4618
4618
4618
4618
4618
4618
4618
C318
7FF8
71F8
ENDCHAR
STARTCHAR Nhook
ENCODING 413
SWIDTH 742 0
DWIDTH 12 0
BBX 12 15 0 -3
BITMAP
3060
1860
3860
1C60
1660
1360
1360
11E0
11E0
10E0
1070
1060
1000
3000
E000
ENDCHAR
STARTCHAR uni019E
ENCODING 414
SWIDTH 566 0
DWIDTH 9 0
BBX 6 12 2 -3
BITMAP
90
DC
8C
8C
8C
8C
8C
8C
8C
0C
0C
0C
ENDCHAR
STARTCHAR Obar
ENCODING 415
SWIDTH 680 0
DWIDTH 11 0
BBX 10 12 1 0
BITMAP
0400
1F00
6180
4180
C080
7FC0
7FC0
4080
60C0
6180
3F00
1F00
ENDCHAR
STARTCHAR Ohorn
ENCODING 416
SWIDTH 686 0
DWIDTH 11 0
BBX 11 13 1 0
BITMAP
0020
0420
3FC0
6180
40C0
C080
4080
4080
C080
60C0
6180
3F00
1F00
ENDCHAR
STARTCHAR ohorn
ENCODING 417
SWIDTH 571 0
DWIDTH 9 0
BBX 9 10 1 0
BITMAP
0080
3180
7F00
6300
4300
4300
C300
6300
3F00
1C00
ENDCHAR
STARTCHAR OI
ENCODING 418
SWIDTH 848 0
DWIDTH 14 0
BBX 12 15 1 -3
BITMAP
0430
1FF0
6190
4190
C190
4190
4190
C190
6190
6190
3F90
1E10
0010
0010
0010
ENDCHAR
STARTCHAR oi
ENCODING 419
SWIDTH 667 0
DWIDTH 11 0
BBX 10 12 1 -3
BITMAP
3180
7F80
66C0
42C0
42C0
C2C0
62C0
3EC0
3EC0
00C0
00C0
00C0
ENDCHAR
STARTCHAR Phook
ENCODING 420
SWIDTH 730 0
DWIDTH 12 0
BBX 12 12 0 0
BITMAP
3E00
79C0
D060
1030
1030
1060
1FC0
1000
1000
1000
1000
1000
ENDCHAR
STARTCHAR phook
ENCODING 421
SWIDTH 561 0
DWIDTH 9 0
BBX 7 14 1 -3
BITMAP
60
E0
48
7E
46
42
42
42
46
7E
7C
40
40
40
ENDCHAR
STARTCHAR YR
ENCODING 422
SWIDTH 685 0
DWIDTH 11 0
BBX 10 15 1 -2
BITMAP
4000
F000
4E00
4300
4300
4300
4300
FC00
4600
4600
4300
4300
4180
0180
00C0
ENDCHAR
STARTCHAR Tonetwo
ENCODING 423
SWIDTH 593 0
DWIDTH 9 0
BBX 9 12 1 0
BITMAP
3000
7E00
6300
0180
0300
1E00
3800
4000
C100
C180
7F00
3E00
ENDCHAR
STARTCHAR tonetwo
ENCODING 424
SWIDTH 515 0
DWIDTH 8 0
BBX 6 9 2 0
BITMAP
20
68
C4
0C
38
80
8C
FC
F0
ENDCHAR
STARTCHAR Esh
ENCODING 425
SWIDTH 571 0
DWIDTH 9 0
BBX 8 12 1 0
BITMAP
FF
60
60
30
18
0C
0C
18
30
60
FF
FF
ENDCHAR
STARTCHAR eshlooprev
ENCODING 426
SWIDTH 465 0
DWIDTH 7 0
BBX 7 16 1 -3
BITMAP
20
70
D8
88
F8
78
08
08
08
08
08
08
08
08
0E
0C
ENDCHAR
STARTCHAR tpalatalhook
ENCODING 427
SWIDTH 326 0
DWIDTH 5 0
BBX 5 13 0 -2
BITMAP
20
20
F8
20
20
20
20
20
20
38
18
08
18
ENDCHAR
STARTCHAR Thook
ENCODING 428
SWIDTH 625 0
DWIDTH 10 0
BBX 10 12 0 0
BITMAP
7FC0
EC00
CC00
0C00
0C00
0C00
0C00
0C00
0C00
0C00
0C00
0C00
ENDCHAR
STARTCHAR thook
ENCODING 429
SWIDTH 332 0
DWIDTH 5 0
BBX 5 13 0 0
BITMAP
08
18
20
20
F8
20
20
20
20
20
20
38
38
ENDCHAR
STARTCHAR Trthook
ENCODING 430
SWIDTH 596 0
DWIDTH 10 0
BBX 9 15 0 -3
BITMAP
FF80
0800
0800
0800
0800
0800
0800
0800
0800
0800
0800
0800
0800
0C00
0700
ENDCHAR
STARTCHAR Uhorn
ENCODING 431
SWIDTH 695 0
DWIDTH 11 0
BBX 11 12 2 0
BITMAP
8240
8260
83C0
8200
8200
8200
8200
8200
8200
C300
7E00
7800
ENDCHAR
STARTCHAR uhorn
ENCODING 432
SWIDTH 618 0
DWIDTH 10 0
BBX 8 10 2 0
BITMAP
01
8D
87
8C
8C
8C
8C
8C
FE
FC
ENDCHAR
STARTCHAR Upsilon2
ENCODING 433
SWIDTH 664 0
DWIDTH 11 0
BBX 9 12 1 0
BITMAP
F780
3600
2180
6180
C180
C180
C180
C180
C180
6180
3F00
3E00
ENDCHAR
STARTCHAR Vcursive
ENCODING 434
SWIDTH 652 0
DWIDTH 10 0
BBX 8 12 2 0
BITMAP
88
8E
83
82
82
82
82
82
82
C3
FE
7C
ENDCHAR
STARTCHAR Yhook
ENCODING 435
SWIDTH 648 0
DWIDTH 10 0
BBX 10 12 1 0
BITMAP
C100
C1C0
6300
6600
3600
3C00
1C00
0800
0800
0800
0800
0800
ENDCHAR
STARTCHAR yhook
ENCODING 436
SWIDTH 593 0
DWIDTH 10 0
BBX 10 14 0 -3
BITMAP
01C0
0300
C200
6600
6200
6400
2C00
1400
1C00
1800
0800
1000
3000
7000
ENDCHAR
STARTCHAR Zbar
ENCODING 437
SWIDTH 598 0
DWIDTH 10 0
BBX 9 12 1 0
BITMAP
7F80
0300
0300
0600
0C00
FF00
1800
3000
3000
6000
7F80
7F80
ENDCHAR
STARTCHAR zbar
ENCODING 438
SWIDTH 504 0
DWIDTH 8 0
BBX 7 9 1 0
BITMAP
7E
06
0C
18
7E
30
60
FE
FE
ENDCHAR
STARTCHAR uni01B7
ENCODING 439
SWIDTH 643 0
DWIDTH 10 0
BBX 8 15 2 -3
BITMAP
FF
03
06
0C
18
30
30
1E
03
03
03
83
C3
C3
FE
ENDCHAR
STARTCHAR uni01B8
ENCODING 440
SWIDTH 643 0
DWIDTH 10 0
BBX 9 15 1 -3
BITMAP
7F80
6000
3000
1800
0C00
0600
0600
7800
6000
C000
4000
C180
6180
2300
3F00
ENDCHAR
STARTCHAR uni01B9
ENCODING 441
SWIDTH 564 0
DWIDTH 9 0
BBX 7 12 2 -3
BITMAP
FE
C0
60
30
30
18
E0
C0
82
C6
FC
F8
ENDCHAR
STARTCHAR uni01BA
ENCODING 442
SWIDTH 532 0
DWIDTH 9 0
BBX 8 12 1 -3
BITMAP
7F
06
0C
18
3C
0E
06
1C
70
C6
66
3E
ENDCHAR
STARTCHAR uni01BB
ENCODING 443
SWIDTH 564 0
DWIDTH 9 0
BBX 8 12 1 0
BITMAP
08
3E
63
42
03
3F
0C
18
30
60
FF
FF
ENDCHAR
STARTCHAR Tonefive
ENCODING 444
SWIDTH 561 0
DWIDTH 9 0
BBX 8 12 1 0
BITMAP
FE
FE
60
60
D0
7E
06
03
03
86
7E
7C
ENDCHAR
STARTCHAR tonefive
ENCODING 445
SWIDTH 500 0
DWIDTH 8 0
BBX 7 9 0 0
BITMAP
FE
60
60
38
72
02
42
7E
1E
ENDCHAR
STARTCHAR glottalstopbarinv
ENCODING 446
SWIDTH 511 0
DWIDTH 8 0
BBX 6 11 2 0
BITMAP
30
30
F8
30
30
30
18
1C
8C
FC
78
ENDCHAR
STARTCHAR wynn
ENCODING 447
SWIDTH 561 0
DWIDTH 9 0
BBX 6 12 2 -3
BITMAP
90
FC
8C
84
84
84
8C
BC
F0
C0
80
80
ENDCHAR
STARTCHAR pipe
ENCODING 448
SWIDTH 254 0
DWIDTH 4 0
BBX 1 12 2 0
BITMAP
80
80
80
80
80
80
80
80
80
80
80
80
ENDCHAR
STARTCHAR pipedbl
ENCODING 449
SWIDTH 380 0
DWIDTH 6 0
BBX 3 12 2 0
BITMAP
A0
A0
A0
A0
A0
A0
A0
A0
A0
A0
A0
A0
ENDCHAR
STARTCHAR pipedblbar
ENCODING 450
SWIDTH 332 0
DWIDTH 5 0
BBX 5 12 0 0
BITMAP
10
10
10
F8
10
10
10
F8
10
10
10
10
ENDCHAR
STARTCHAR exclam1
ENCODING 451
SWIDTH 257 0
DWIDTH 4 0
BBX 2 12 1 0
BITMAP
C0
C0
C0
C0
C0
40
40
40
00
00
40
40
ENDCHAR
STARTCHAR uni01C4
ENCODING 452
SWIDTH 1163 0
DWIDTH 19 0
BBX 16 15 2 0
BITMAP
006C
0038
0000
E0FF
9C03
8606
860C
820C
8218
8230
8230
8360
86C0
FDFF
E1FF
ENDCHAR
STARTCHAR uni01C5
ENCODING 453
SWIDTH 1086 0
DWIDTH 17 0
BBX 15 12 2 0
BITMAP
E06C
9C18
8600
867E
8206
820C
8218
8230
8330
8660
FCFE
E0FE
ENDCHAR
STARTCHAR uni01C6
ENCODING 454
SWIDTH 992 0
DWIDTH 16 0
BBX 15 13 1 0
BITMAP
0200
0238
0218
0200
127E
3F06
620C
4218
4230
C230
6260
3FFE
1EFE
ENDCHAR
STARTCHAR LJ
ENCODING 455
SWIDTH 1089 0
DWIDTH 17 0
BBX 16 12 1 0
BITMAP
4003
4003
4003
4003
4003
4003
4003
4003
4083
40C6
FE7E
FE7C
ENDCHAR
STARTCHAR Lj
ENCODING 456
SWIDTH 776 0
DWIDTH 12 0
BBX 11 15 1 -3
BITMAP
4060
4060
4000
4060
4060
4060
4060
4060
4060
4060
FE60
FE60
0060
00C0
0180
ENDCHAR
STARTCHAR lj
ENCODING 457
SWIDTH 481 0
DWIDTH 8 0
BBX 5 15 2 -3
BITMAP
90
90
80
90
90
90
90
90
90
90
90
90
10
18
30
ENDCHAR
STARTCHAR NJ
ENCODING 458
SWIDTH 1264 0
DWIDTH 20 0
BBX 18 12 1 0
BITMAP
C180C0
6180C0
7180C0
7180C0
5980C0
4D80C0
4D80C0
4780C0
4398C0
4398C0
419F80
419F80
ENDCHAR
STARTCHAR Nj
ENCODING 459
SWIDTH 951 0
DWIDTH 15 0
BBX 13 15 1 -3
BITMAP
C188
6188
7180
7198
5998
4D98
4D98
4798
4398
4398
4198
4198
0018
0018
0030
ENDCHAR
STARTCHAR nj
ENCODING 460
SWIDTH 790 0
DWIDTH 13 0
BBX 10 15 2 -3
BITMAP
0040
0040
0000
9040
FC40
CC40
8C40
8C40
8C40
8C40
8C40
8C40
0040
00C0
0180
ENDCHAR
STARTCHAR Acaron
ENCODING 461
SWIDTH 652 0
DWIDTH 10 0
BBX 11 15 0 0
BITMAP
1300
0C00
0000
0C00
0C00
0E00
0A00
1100
1B00
1100
3F80
7F80
2080
60C0
C060
ENDCHAR
STARTCHAR acaron
ENCODING 462
SWIDTH 543 0
DWIDTH 9 0
BBX 8 12 1 0
BITMAP
14
08
00
30
6E
06
0E
3E
C6
46
7F
3F
ENDCHAR
STARTCHAR Icaron
ENCODING 463
SWIDTH 271 0
DWIDTH 4 0
BBX 5 15 0 0
BITMAP
C8
70
00
20
20
20
20
20
20
20
20
20
20
20
20
ENDCHAR
STARTCHAR icaron
ENCODING 464
SWIDTH 247 0
DWIDTH 4 0
BBX 3 12 1 0
BITMAP
A0
40
00
40
40
40
40
40
40
40
40
40
ENDCHAR
STARTCHAR Ocaron
ENCODING 465
SWIDTH 687 0
DWIDTH 11 0
BBX 10 15 1 0
BITMAP
1B00
0E00
0000
0400
1F00
6180
4180
C080
4080
4080
C080
60C0
6180
3F00
1F00
ENDCHAR
STARTCHAR ocaron
ENCODING 466
SWIDTH 570 0
DWIDTH 9 0
BBX 8 12 1 0
BITMAP
14
08
00
30
7E
63
C3
43
C3
63
3F
1C
ENDCHAR
STARTCHAR Ucaron
ENCODING 467
SWIDTH 648 0
DWIDTH 10 0
BBX 8 15 2 0
BITMAP
24
18
00
82
82
82
82
82
82
82
82
82
C3
7E
78
ENDCHAR
STARTCHAR ucaron
ENCODING 468
SWIDTH 551 0
DWIDTH 9 0
BBX 7 12 2 0
BITMAP
50
20
00
8C
8C
8C
8C
8C
8C
8C
FE
FC
ENDCHAR
STARTCHAR uni01D5
ENCODING 469
SWIDTH 648 0
DWIDTH 10 0
BBX 8 16 2 0
BITMAP
7E
00
6C
00
82
82
82
82
82
82
82
82
82
C3
7E
78
ENDCHAR
STARTCHAR uni01D6
ENCODING 470
SWIDTH 551 0
DWIDTH 9 0
BBX 7 14 2 0
BITMAP
F8
00
4C
4C
00
8C
8C
8C
8C
8C
8C
8C
FE
FC
ENDCHAR
STARTCHAR uni01D7
ENCODING 471
SWIDTH 648 0
DWIDTH 10 0
BBX 8 16 2 0
BITMAP
0C
10
6C
00
82
82
82
82
82
82
82
82
82
C3
7E
78
ENDCHAR
STARTCHAR uni01D8
ENCODING 472
SWIDTH 551 0
DWIDTH 9 0
BBX 7 15 2 0
BITMAP
18
18
20
4C
4C
00
8C
8C
8C
8C
8C
8C
8C
FE
FC
ENDCHAR
STARTCHAR uni01D9
ENCODING 473
SWIDTH 648 0
DWIDTH 10 0
BBX 8 16 2 0
BITMAP
68
18
6C
00
82
82
82
82
82
82
82
82
82
C3
7E
78
ENDCHAR
STARTCHAR uni01DA
ENCODING 474
SWIDTH 551 0
DWIDTH 9 0
BBX 7 15 2 0
BITMAP
4C
38
20
4C
4C
00
8C
8C
8C
8C
8C
8C
8C
FE
FC
ENDCHAR
STARTCHAR uni01DB
ENCODING 475
SWIDTH 648 0
DWIDTH 10 0
BBX 8 16 2 0
BITMAP
30
10
6C
00
82
82
82
82
82
82
82
82
82
C3
7E
78
ENDCHAR
STARTCHAR uni01DC
ENCODING 476
SWIDTH 551 0
DWIDTH 9 0
BBX 7 15 2 0
BITMAP
C0
20
20
4C
4C
00
8C
8C
8C
8C
8C
8C
8C
FE
FC
ENDCHAR
STARTCHAR eturn
ENCODING 477
SWIDTH 526 0
DWIDTH 8 0
BBX 8 9 1 0
BITMAP
10
7C
06
02
7F
42
C6
7E
3C
ENDCHAR
STARTCHAR uni01DE
ENCODING 478
SWIDTH 652 0
DWIDTH 10 0
BBX 11 16 0 0
BITMAP
1F80
0000
1900
0000
0C00
0C00
0E00
0A00
1100
1B00
1100
3F80
7F80
2080
60C0
C060
ENDCHAR
STARTCHAR uni01DF
ENCODING 479
SWIDTH 543 0
DWIDTH 9 0
BBX 8 14 1 0
BITMAP
3E
00
34
34
00
30
6E
06
0E
3E
C6
46
7F
3F
ENDCHAR
STARTCHAR uni01E0
ENCODING 480
SWIDTH 652 0
DWIDTH 10 0
BBX 11 16 0 0
BITMAP
1F80
0000
0600
0000
0C00
0C00
0E00
0A00
1100
1B00
1100
3F80
7F80
2080
60C0
C060
ENDCHAR
STARTCHAR uni01E1
ENCODING 481
SWIDTH 543 0
DWIDTH 9 0
BBX 8 14 1 0
BITMAP
3E
00
08
08
00
30
6E
06
0E
3E
C6
46
7F
3F
ENDCHAR
STARTCHAR AEmacron
ENCODING 482
SWIDTH 934 0
DWIDTH 15 0
BBX 15 14 0 0
BITMAP
07C0
0000
01FE
0380
03C0
0680
0680
0CFC
1880
1FC0
3F80
3080
60FE
C0FE
ENDCHAR
STARTCHAR aemacron
ENCODING 483
SWIDTH 844 0
DWIDTH 14 0
BBX 12 12 2 0
BITMAP
1F80
0000
0000
1980
7FE0
CE30
0C10
7FF0
CC00
8600
FFF0
F0F0
ENDCHAR
STARTCHAR Gbar
ENCODING 484
SWIDTH 681 0
DWIDTH 11 0
BBX 10 12 1 0
BITMAP
0400
7F00
6180
C180
C000
4000
4780
C180
67C0
6180
3F80
1F00
ENDCHAR
STARTCHAR gbar
ENCODING 485
SWIDTH 561 0
DWIDTH 9 0
BBX 9 12 0 -3
BITMAP
0980
3F00
6300
4300
4300
4300
6300
3F00
1F00
FF80
2300
7E00
ENDCHAR
STARTCHAR Gcaron
ENCODING 486
SWIDTH 681 0
DWIDTH 11 0
BBX 9 15 1 0
BITMAP
3200
0C00
0000
0400
3F00
6180
C180
C000
4000
4780
C180
6180
6180
3F80
1F00
ENDCHAR
STARTCHAR gcaron
ENCODING 487
SWIDTH 561 0
DWIDTH 9 0
BBX 8 15 1 -3
BITMAP
14
08
00
12
3F
62
42
42
C2
62
3F
1F
43
E2
3C
ENDCHAR
STARTCHAR Kcaron
ENCODING 488
SWIDTH 626 0
DWIDTH 10 0
BBX 9 15 1 0
BITMAP
2C00
1C00
0000
4180
4300
4600
4C00
5800
7000
F800
CC00
4600
4300
4180
4180
ENDCHAR
STARTCHAR kcaron
ENCODING 489
SWIDTH 506 0
DWIDTH 8 0
BBX 8 15 1 0
BITMAP
24
18
00
40
40
40
46
4C
58
70
F0
58
4C
46
43
ENDCHAR
STARTCHAR Oogonek
ENCODING 490
SWIDTH 687 0
DWIDTH 11 0
BBX 10 15 1 -3
BITMAP
0400
1F00
6180
4180
C080
4080
4080
C080
60C0
6180
3F00
1F00
1800
1000
0C00
ENDCHAR
STARTCHAR oogonek
ENCODING 491
SWIDTH 570 0
DWIDTH 9 0
BBX 8 12 1 -3
BITMAP
30
7E
63
C3
43
C3
63
3F
1C
18
20
38
ENDCHAR
STARTCHAR uni01EC
ENCODING 492
SWIDTH 687 0
DWIDTH 11 0
BBX 10 17 1 -3
BITMAP
1F00
0000
0400
1F00
6180
4180
C080
4080
4080
C080
60C0
6180
3F00
1F00
1800
1000
0C00
ENDCHAR
STARTCHAR uni01ED
ENCODING 493
SWIDTH 570 0
DWIDTH 9 0
BBX 8 15 1 -3
BITMAP
3E
00
00
30
7E
63
C3
43
C3
63
3F
1C
18
20
38
ENDCHAR
STARTCHAR uni01EE
ENCODING 494
SWIDTH 644 0
DWIDTH 10 0
BBX 8 18 2 -3
BITMAP
44
28
10
FF
03
06
0C
18
30
30
1E
03
03
03
83
C3
C3
FE
ENDCHAR
STARTCHAR uni01EF
ENCODING 495
SWIDTH 582 0
DWIDTH 9 0
BBX 7 15 2 -3
BITMAP
48
10
00
FE
0C
0C
18
30
30
1C
02
82
C6
FE
7C
ENDCHAR
STARTCHAR uni01F0
ENCODING 496
SWIDTH 251 0
DWIDTH 4 0
BBX 7 15 -1 -3
BITMAP
58
30
00
10
10
10
10
10
10
10
10
10
10
20
E0
ENDCHAR
STARTCHAR uni01F1
ENCODING 497
SWIDTH 1254 0
DWIDTH 20 0
BBX 17 12 2 0
BITMAP
E07F80
9C0180
860180
860300
820600
820600
820C00
821800
833000
863000
FC7F80
E07F80
ENDCHAR
STARTCHAR uni01F2
ENCODING 498
SWIDTH 1151 0
DWIDTH 18 0
BBX 16 12 2 0
BITMAP
E000
9C00
8600
863F
8203
8206
820C
8218
8318
8630
FC7F
E07F
ENDCHAR
STARTCHAR uni01F3
ENCODING 499
SWIDTH 1059 0
DWIDTH 17 0
BBX 16 12 1 0
BITMAP
0200
0200
0200
123F
3F03
6206
420C
4218
C218
6230
3F7F
1E7F
ENDCHAR
STARTCHAR Gacute
ENCODING 500
SWIDTH 681 0
DWIDTH 11 0
BBX 9 15 1 0
BITMAP
0600
0400
0000
0400
3F00
6180
C180
C000
4000
4780
C180
6180
6180
3F80
1F00
ENDCHAR
STARTCHAR gacute
ENCODING 501
SWIDTH 561 0
DWIDTH 9 0
BBX 8 15 1 -3
BITMAP
0C
08
00
12
3F
62
42
42
C2
62
3F
1F
43
E2
3C
ENDCHAR
STARTCHAR uni01F6
ENCODING 502
SWIDTH 1090 0
DWIDTH 17 0
BBX 16 12 1 0
BITMAP
4180
4180
4180
4183
4183
FF83
4183
4183
4183
40C6
407E
407E
ENDCHAR
STARTCHAR uni01F7
ENCODING 503
SWIDTH 660 0
DWIDTH 11 0
BBX 9 15 1 -3
BITMAP
4800
7F00
4300
4100
4080
4080
4180
4180
4300
4300
4C00
F800
6000
4000
4000
ENDCHAR
STARTCHAR uni01F8
ENCODING 504
SWIDTH 712 0
DWIDTH 11 0
BBX 9 15 1 0
BITMAP
1800
1800
0000
C180
6180
7180
7180
5980
4D80
4D80
4780
4380
4380
4180
4180
ENDCHAR
STARTCHAR uni01F9
ENCODING 505
SWIDTH 551 0
DWIDTH 9 0
BBX 6 12 2 0
BITMAP
60
20
00
90
FC
CC
8C
8C
8C
8C
8C
8C
ENDCHAR
STARTCHAR Aringacute
ENCODING 506
SWIDTH 652 0
DWIDTH 10 0
BBX 11 16 0 0
BITMAP
0100
0200
0400
0A00
0600
0C00
0E00
0A00
1100
1B00
1100
3F80
7F80
2080
60C0
C060
ENDCHAR
STARTCHAR aringacute
ENCODING 507
SWIDTH 543 0
DWIDTH 9 0
BBX 8 13 1 0
BITMAP
04
00
18
14
30
6E
06
0E
3E
C6
46
7F
3F
ENDCHAR
STARTCHAR AEacute
ENCODING 508
SWIDTH 934 0
DWIDTH 15 0
BBX 15 15 0 0
BITMAP
00C0
0180
0000
01FE
0380
03C0
0680
0680
0CFC
1880
1FC0
3F80
3080
60FE
C0FE
ENDCHAR
STARTCHAR aeacute
ENCODING 509
SWIDTH 844 0
DWIDTH 14 0
BBX 12 12 2 0
BITMAP
0600
0400
0000
1980
7FE0
CE30
0C10
7FF0
CC00
8600
FFF0
F0F0
ENDCHAR
STARTCHAR Oslashacute
ENCODING 510
SWIDTH 687 0
DWIDTH 11 0
BBX 10 15 1 0
BITMAP
0600
0400
0000
0480
3F80
6180
42C0
C280
4480
4880
C880
70C0
6180
3F80
5F00
ENDCHAR
STARTCHAR oslashacute
ENCODING 511
SWIDTH 566 0
DWIDTH 9 0
BBX 8 13 1 -1
BITMAP
0C
08
02
3E
74
67
4B
4B
D3
73
3F
3E
40
ENDCHAR
STARTCHAR uni0200
ENCODING 512
SWIDTH 652 0
DWIDTH 10 0
BBX 11 15 0 0
BITMAP
6C00
1C00
0000
0C00
0C00
0E00
0A00
1100
1B00
1100
3F80
7F80
2080
60C0
C060
ENDCHAR
STARTCHAR uni0201
ENCODING 513
SWIDTH 543 0
DWIDTH 9 0
BBX 7 12 1 0
BITMAP
D8
28
00
30
CC
06
0E
74
C4
C4
FC
FE
ENDCHAR
STARTCHAR uni0202
ENCODING 514
SWIDTH 652 0
DWIDTH 10 0
BBX 11 15 0 0
BITMAP
0400
0A00
0000
0C00
0C00
0E00
0A00
1100
1B00
1100
3F80
7F80
2080
60C0
C060
ENDCHAR
STARTCHAR uni0203
ENCODING 515
SWIDTH 543 0
DWIDTH 9 0
BBX 8 13 1 0
BITMAP
08
1C
34
00
30
6E
06
0E
3E
C6
46
7F
3F
ENDCHAR
STARTCHAR uni0204
ENCODING 516
SWIDTH 568 0
DWIDTH 9 0
BBX 7 15 2 0
BITMAP
F0
70
00
FE
80
80
80
80
FC
80
80
80
80
FE
FE
ENDCHAR
STARTCHAR uni0205
ENCODING 517
SWIDTH 529 0
DWIDTH 8 0
BBX 8 12 0 0
BITMAP
6C
14
00
18
3E
63
63
FF
60
61
3F
3C
ENDCHAR
STARTCHAR uni0206
ENCODING 518
SWIDTH 568 0
DWIDTH 9 0
BBX 7 15 2 0
BITMAP
10
48
00
FE
80
80
80
80
FC
80
80
80
80
FE
FE
ENDCHAR
STARTCHAR uni0207
ENCODING 519
SWIDTH 529 0
DWIDTH 8 0
BBX 7 13 2 0
BITMAP
10
38
68
00
60
FC
C6
84
FE
80
C4
7E
78
ENDCHAR
STARTCHAR uni0208
ENCODING 520
SWIDTH 271 0
DWIDTH 4 0
BBX 5 15 -1 0
BITMAP
F0
70
00
18
18
18
18
18
18
18
18
18
18
18
18
ENDCHAR
STARTCHAR uni0209
ENCODING 521
SWIDTH 247 0
DWIDTH 4 0
BBX 5 12 -1 0
BITMAP
D8
28
00
18
18
18
18
18
18
18
18
18
ENDCHAR
STARTCHAR uni020A
ENCODING 522
SWIDTH 271 0
DWIDTH 4 0
BBX 4 15 1 0
BITMAP
40
90
00
40
40
40
40
40
40
40
40
40
40
40
40
ENDCHAR
STARTCHAR uni020B
ENCODING 523
SWIDTH 247 0
DWIDTH 4 0
BBX 4 13 1 0
BITMAP
40
E0
B0
00
40
40
40
40
40
40
40
40
40
ENDCHAR
STARTCHAR uni020C
ENCODING 524
SWIDTH 687 0
DWIDTH 11 0
BBX 10 15 1 0
BITMAP
6C00
1C00
0000
0400
1F00
6180
4180
C080
4080
4080
C080
60C0
6180
3F00
1F00
ENDCHAR
STARTCHAR uni020D
ENCODING 525
SWIDTH 570 0
DWIDTH 9 0
BBX 8 12 1 0
BITMAP
D8
28
00
30
7E
C6
C3
C2
C3
C6
7E
1C
ENDCHAR
STARTCHAR uni020E
ENCODING 526
SWIDTH 687 0
DWIDTH 11 0
BBX 10 15 1 0
BITMAP
0400
1200
0000
0400
1F00
6180
4180
C080
4080
4080
C080
60C0
6180
3F00
1F00
ENDCHAR
STARTCHAR uni020F
ENCODING 527
SWIDTH 570 0
DWIDTH 9 0
BBX 8 13 1 0
BITMAP
08
1C
34
00
30
7E
63
C3
43
C3
63
3F
1C
ENDCHAR
STARTCHAR uni0210
ENCODING 528
SWIDTH 615 0
DWIDTH 10 0
BBX 9 15 2 0
BITMAP
F000
7000
0000
F000
8E00
8300
8100
8100
8600
FC00
8C00
8600
8600
8300
8180
ENDCHAR
STARTCHAR uni0211
ENCODING 529
SWIDTH 338 0
DWIDTH 5 0
BBX 6 12 0 0
BITMAP
D8
28
00
24
38
20
20
20
20
20
20
20
ENDCHAR
STARTCHAR uni0212
ENCODING 530
SWIDTH 615 0
DWIDTH 10 0
BBX 9 15 1 0
BITMAP
1000
2400
0000
F000
4E00
4300
4300
4300
4300
FC00
4600
4600
4300
4300
4180
ENDCHAR
STARTCHAR uni0213
ENCODING 531
SWIDTH 338 0
DWIDTH 5 0
BBX 5 13 1 0
BITMAP
20
70
58
00
C8
F0
C0
C0
C0
C0
C0
C0
C0
ENDCHAR
STARTCHAR uni0214
ENCODING 532
SWIDTH 648 0
DWIDTH 10 0
BBX 8 15 2 0
BITMAP
F0
70
00
82
82
82
82
82
82
82
82
82
C3
7E
78
ENDCHAR
STARTCHAR uni0215
ENCODING 533
SWIDTH 551 0
DWIDTH 9 0
BBX 7 12 1 0
BITMAP
D8
28
00
82
82
82
82
82
82
82
7E
7E
ENDCHAR
STARTCHAR uni0216
ENCODING 534
SWIDTH 648 0
DWIDTH 10 0
BBX 8 15 2 0
BITMAP
10
28
00
82
82
82
82
82
82
82
82
82
C3
7E
78
ENDCHAR
STARTCHAR uni0217
ENCODING 535
SWIDTH 551 0
DWIDTH 9 0
BBX 7 13 2 0
BITMAP
20
70
58
00
8C
8C
8C
8C
8C
8C
8C
FE
FC
ENDCHAR
STARTCHAR uni0218
ENCODING 536
SWIDTH 593 0
DWIDTH 9 0
BBX 8 15 2 -3
BITMAP
0C
FE
C6
C0
C0
70
1C
06
83
C2
FE
3E
10
10
30
ENDCHAR
STARTCHAR uni0219
ENCODING 537
SWIDTH 515 0
DWIDTH 8 0
BBX 6 13 2 -4
BITMAP
20
5C
CC
C0
78
0C
8C
FC
78
10
10
20
20
ENDCHAR
STARTCHAR uni021A
ENCODING 538
SWIDTH 596 0
DWIDTH 10 0
BBX 9 15 0 -3
BITMAP
FF80
0800
0800
0800
0800
0800
0800
0800
0800
0800
0800
0800
0800
0800
0C00
ENDCHAR
STARTCHAR uni021B
ENCODING 539
SWIDTH 326 0
DWIDTH 5 0
BBX 5 14 0 -3
BITMAP
20
20
F8
20
20
20
20
20
20
38
38
10
10
18
ENDCHAR
STARTCHAR uni021C
ENCODING 540
SWIDTH 600 0
DWIDTH 10 0
BBX 8 15 2 -3
BITMAP
60
FC
C6
03
06
0C
1C
3E
C3
03
06
06
0E
08
F0
ENDCHAR
STARTCHAR uni021D
ENCODING 541
SWIDTH 502 0
DWIDTH 8 0
BBX 6 12 2 -3
BITMAP
20
78
04
08
38
78
84
04
0C
08
38
C0
ENDCHAR
STARTCHAR uni021E
ENCODING 542
SWIDTH 712 0
DWIDTH 11 0
BBX 9 15 1 0
BITMAP
1200
0C00
0000
4180
4180
4180
4180
4180
FF80
4180
4180
4180
4180
4180
4180
ENDCHAR
STARTCHAR uni021F
ENCODING 543
SWIDTH 550 0
DWIDTH 9 0
BBX 6 15 2 0
BITMAP
90
60
00
80
80
80
90
FC
CC
8C
8C
8C
8C
8C
8C
ENDCHAR
STARTCHAR uni0220
ENCODING 544
SWIDTH 660 0
DWIDTH 11 0
BBX 7 15 2 -3
BITMAP
8C
FE
86
82
82
82
82
82
82
82
82
82
02
02
02
ENDCHAR
STARTCHAR uni0221
ENCODING 545
SWIDTH 712 0
DWIDTH 11 0
BBX 11 15 1 -3
BITMAP
0200
0200
0200
1200
3F00
6200
4200
4200
C200
6200
3F00
1FE0
0760
0F60
05C0
ENDCHAR
STARTCHAR uni0222
ENCODING 546
SWIDTH 667 0
DWIDTH 11 0
BBX 10 12 1 0
BITMAP
1200
6300
C180
40C0
6180
3E00
6180
C180
40C0
6180
7F00
7F00
ENDCHAR
STARTCHAR uni0223
ENCODING 547
SWIDTH 649 0
DWIDTH 10 0
BBX 9 13 1 0
BITMAP
1200
6300
C180
4180
4180
6300
3E00
6180
C180
4180
6180
7F00
7F00
ENDCHAR
STARTCHAR uni0224
ENCODING 548
SWIDTH 610 0
DWIDTH 10 0
BBX 9 13 1 -1
BITMAP
7F80
0300
0300
0600
0C00
0C00
1800
3000
3000
6000
FC00
FF80
0180
ENDCHAR
STARTCHAR uni0225
ENCODING 549
SWIDTH 512 0
DWIDTH 8 0
BBX 7 10 2 -1
BITMAP
FC
0C
18
30
30
60
C0
F0
FC
06
ENDCHAR
STARTCHAR uni0226
ENCODING 550
SWIDTH 652 0
DWIDTH 10 0
BBX 11 14 0 0
BITMAP
0600
0000
0C00
0C00
0E00
0A00
1100
1B00
1100
3F80
7F80
2080
60C0
C060
ENDCHAR
STARTCHAR uni0227
ENCODING 551
SWIDTH 543 0
DWIDTH 9 0
BBX 8 12 1 0
BITMAP
08
08
00
30
6E
06
0E
3E
C6
46
7F
3F
ENDCHAR
STARTCHAR uni0228
ENCODING 552
SWIDTH 568 0
DWIDTH 9 0
BBX 7 15 2 -3
BITMAP
FE
80
80
80
80
FC
80
80
80
80
FE
FE
20
08
30
ENDCHAR
STARTCHAR uni0229
ENCODING 553
SWIDTH 529 0
DWIDTH 8 0
BBX 7 12 2 -3
BITMAP
60
FC
C6
84
FE
80
C4
7E
78
10
08
30
ENDCHAR
STARTCHAR uni022A
ENCODING 554
SWIDTH 687 0
DWIDTH 11 0
BBX 10 16 1 0
BITMAP
1F00
0000
3300
0000
0400
1F00
6180
4180
C080
4080
4080
C080
60C0
6180
3F00
1F00
ENDCHAR
STARTCHAR uni022B
ENCODING 555
SWIDTH 570 0
DWIDTH 9 0
BBX 8 14 1 0
BITMAP
3E
00
34
34
00
30
7E
63
C3
43
C3
63
3F
1C
ENDCHAR
STARTCHAR uni022C
ENCODING 556
SWIDTH 687 0
DWIDTH 11 0
BBX 10 16 1 0
BITMAP
1F00
0000
1E00
0000
0400
1F00
6180
4180
C080
4080
4080
C080
60C0
6180
3F00
1F00
ENDCHAR
STARTCHAR uni022D
ENCODING 557
SWIDTH 570 0
DWIDTH 9 0
BBX 8 14 1 0
BITMAP
3E
00
3E
2C
00
30
7E
63
C3
43
C3
63
3F
1C
ENDCHAR
STARTCHAR uni022E
ENCODING 558
SWIDTH 687 0
DWIDTH 11 0
BBX 10 14 1 0
BITMAP
0C00
0000
0400
1F00
6180
4180
C080
4080
4080
C080
60C0
6180
3F00
1F00
ENDCHAR
STARTCHAR uni022F
ENCODING 559
SWIDTH 570 0
DWIDTH 9 0
BBX 8 12 1 0
BITMAP
08
08
00
30
7E
63
C3
43
C3
63
3F
1C
ENDCHAR
STARTCHAR uni0230
ENCODING 560
SWIDTH 687 0
DWIDTH 11 0
BBX 10 16 1 0
BITMAP
1F00
0000
0C00
0000
0400
1F00
6180
4180
C080
4080
4080
C080
60C0
6180
3F00
1F00
ENDCHAR
STARTCHAR uni0231
ENCODING 561
SWIDTH 570 0
DWIDTH 9 0
BBX 8 14 1 0
BITMAP
3E
00
08
08
00
30
7E
63
C3
43
C3
63
3F
1C
ENDCHAR
STARTCHAR uni0232
ENCODING 562
SWIDTH 600 0
DWIDTH 10 0
BBX 9 14 1 0
BITMAP
3E00
0000
C180
C300
6300
6600
3600
3C00
1C00
0800
0800
0800
0800
0800
ENDCHAR
STARTCHAR uni0233
ENCODING 563
SWIDTH 473 0
DWIDTH 8 0
BBX 8 15 0 -3
BITMAP
3E
00
00
C3
66
62
64
2C
14
1C
18
08
10
30
70
ENDCHAR
STARTCHAR uni0234
ENCODING 564
SWIDTH 427 0
DWIDTH 7 0
BBX 7 15 0 -3
BITMAP
20
20
20
20
20
20
20
20
20
20
20
3C
76
F6
5C
ENDCHAR
STARTCHAR uni0235
ENCODING 565
SWIDTH 704 0
DWIDTH 11 0
BBX 10 12 2 -3
BITMAP
9000
FC00
CC00
8C00
8C00
8C00
8C00
8C00
8780
0CC0
1EC0
1380
ENDCHAR
STARTCHAR uni0236
ENCODING 566
SWIDTH 430 0
DWIDTH 7 0
BBX 7 11 0 0
BITMAP
20
20
F8
20
20
20
20
3C
36
FE
1C
ENDCHAR
STARTCHAR uni0237
ENCODING 567
SWIDTH 251 0
DWIDTH 4 0
BBX 4 12 -1 -3
BITMAP
10
10
10
10
10
10
10
10
10
10
20
E0
ENDCHAR
STARTCHAR uni0238
ENCODING 568
SWIDTH 895 0
DWIDTH 14 0
BBX 14 12 1 0
BITMAP
0200
0200
0200
1240
3FF8
6218
420C
420C
C218
6218
7FF0
1FE0
ENDCHAR
STARTCHAR uni0239
ENCODING 569
SWIDTH 894 0
DWIDTH 14 0
BBX 14 12 1 -3
BITMAP
1240
7FF0
6218
4218
420C
C218
6218
7FF0
1FE0
0200
0200
0200
ENDCHAR
STARTCHAR uni023A
ENCODING 570
SWIDTH 652 0
DWIDTH 10 0
BBX 12 13 0 0
BITMAP
0030
0640
0E80
0780
0900
1B80
0D00
1D80
3F80
3FC0
30C0
6060
C060
ENDCHAR
STARTCHAR uni023B
ENCODING 571
SWIDTH 650 0
DWIDTH 10 0
BBX 9 13 1 0
BITMAP
0100
0700
3A00
6380
4580
C400
4400
4800
C800
6980
7180
3F80
2F00
ENDCHAR
STARTCHAR uni023C
ENCODING 572
SWIDTH 523 0
DWIDTH 8 0
BBX 8 15 1 -3
BITMAP
02
02
04
3C
7E
6B
C8
D0
D0
72
7E
3C
40
60
40
ENDCHAR
STARTCHAR uni023D
ENCODING 573
SWIDTH 572 0
DWIDTH 9 0
BBX 9 12 0 0
BITMAP
2000
2000
2000
2000
2000
F800
2000
2000
2000
2000
3F80
3F80
ENDCHAR
STARTCHAR uni023E
ENCODING 574
SWIDTH 596 0
DWIDTH 10 0
BBX 9 13 0 0
BITMAP
0080
FF80
0900
0A00
0A00
0C00
0C00
0800
0C00
1800
1800
2800
2800
ENDCHAR
STARTCHAR uni023F
ENCODING 575
SWIDTH 515 0
DWIDTH 8 0
BBX 7 12 2 -3
BITMAP
20
5C
CC
80
60
08
86
FC
F8
40
68
38
ENDCHAR
STARTCHAR uni0240
ENCODING 576
SWIDTH 497 0
DWIDTH 8 0
BBX 8 12 2 -3
BITMAP
FC
0C
18
30
30
60
C0
C0
F0
08
09
0E
ENDCHAR
STARTCHAR uni0241
ENCODING 577
SWIDTH 538 0
DWIDTH 9 0
BBX 7 12 1 0
BITMAP
20
7C
CC
04
04
04
06
0C
3C
20
20
20
ENDCHAR
STARTCHAR uni0242
ENCODING 578
SWIDTH 476 0
DWIDTH 8 0
BBX 7 9 0 0
BITMAP
30
FC
C6
02
06
1C
10
10
10
ENDCHAR
STARTCHAR uni0243
ENCODING 579
SWIDTH 656 0
DWIDTH 11 0
BBX 10 12 0 0
BITMAP
3C00
2380
2180
20C0
2180
3F80
2300
2080
F840
20C0
3F80
3C00
ENDCHAR
STARTCHAR uni0244
ENCODING 580
SWIDTH 774 0
DWIDTH 12 0
BBX 12 12 0 0
BITMAP
1040
1040
1040
1040
1040
FFF0
1040
1040
1040
30C0
1F80
1F80
ENDCHAR
STARTCHAR uni0245
ENCODING 581
SWIDTH 636 0
DWIDTH 10 0
BBX 10 12 0 0
BITMAP
0C00
0C00
0E00
0B00
1200
3100
3180
3180
6180
60C0
60C0
C0C0
ENDCHAR
STARTCHAR uni0246
ENCODING 582
SWIDTH 568 0
DWIDTH 9 0
BBX 7 13 2 0
BITMAP
04
FE
88
88
88
90
FC
90
90
A0
A0
FE
FE
ENDCHAR
STARTCHAR uni0247
ENCODING 583
SWIDTH 529 0
DWIDTH 8 0
BBX 8 15 1 -3
BITMAP
02
02
04
3C
7E
6B
CA
7F
D0
72
3F
3C
40
60
40
ENDCHAR
STARTCHAR uni0248
ENCODING 584
SWIDTH 598 0
DWIDTH 10 0
BBX 9 12 0 0
BITMAP
0200
0200
0200
0200
0200
0F80
0200
0200
4200
C300
7E00
3E00
ENDCHAR
STARTCHAR uni0249
ENCODING 585
SWIDTH 340 0
DWIDTH 5 0
BBX 5 15 0 -3
BITMAP
20
20
00
20
20
20
F8
20
20
20
20
20
20
30
60
ENDCHAR
STARTCHAR uni024A
ENCODING 586
SWIDTH 711 0
DWIDTH 11 0
BBX 11 15 1 -3
BITMAP
0480
3B80
6180
4180
C180
4180
4180
C180
6180
6180
7F80
0F80
0180
00C0
0060
ENDCHAR
STARTCHAR uni024B
ENCODING 587
SWIDTH 590 0
DWIDTH 9 0
BBX 10 12 1 -3
BITMAP
1200
7E00
6200
4200
4200
C200
6200
7E00
1F00
0200
0200
01C0
ENDCHAR
STARTCHAR uni024C
ENCODING 588
SWIDTH 645 0
DWIDTH 10 0
BBX 9 12 1 0
BITMAP
7800
4700
4180
4100
4100
4300
FE00
4600
4300
4300
4180
4180
ENDCHAR
STARTCHAR uni024D
ENCODING 589
SWIDTH 382 0
DWIDTH 6 0
BBX 6 9 0 0
BITMAP
24
38
20
20
F8
20
20
20
20
ENDCHAR
STARTCHAR uni024E
ENCODING 590
SWIDTH 674 0
DWIDTH 11 0
BBX 10 12 1 0
BITMAP
C180
6180
FFC0
3300
3600
1E00
0C00
0C00
0C00
0C00
0C00
0C00
ENDCHAR
STARTCHAR uni024F
ENCODING 591
SWIDTH 511 0
DWIDTH 8 0
BBX 8 12 0 -3
BITMAP
63
63
66
FF
14
3C
1C
18
18
08
18
60
ENDCHAR
STARTCHAR aturn
ENCODING 592
SWIDTH 543 0
DWIDTH 9 0
BBX 7 9 2 0
BITMAP
90
FC
CC
C6
FC
C0
C6
8C
78
ENDCHAR
STARTCHAR ascript
ENCODING 593
SWIDTH 588 0
DWIDTH 9 0
BBX 9 9 1 0
BITMAP
1200
7E00
6200
C200
4200
4200
6200
7F00
3980
ENDCHAR
STARTCHAR ascriptturn
ENCODING 594
SWIDTH 588 0
DWIDTH 9 0
BBX 9 9 0 0
BITMAP
8400
7F00
6180
2100
2100
2100
2300
3F00
2C00
ENDCHAR
STARTCHAR bhook
ENCODING 595
SWIDTH 562 0
DWIDTH 9 0
BBX 7 13 2 0
BITMAP
20
C0
80
80
90
FC
86
84
84
84
8C
FC
F8
ENDCHAR
STARTCHAR oopen
ENCODING 596
SWIDTH 523 0
DWIDTH 8 0
BBX 6 9 2 0
BITMAP
20
7C
CC
04
04
04
8C
FC
78
ENDCHAR
STARTCHAR ccurl
ENCODING 597
SWIDTH 528 0
DWIDTH 8 0
BBX 8 9 0 0
BITMAP
38
7E
63
40
64
4F
3B
7E
FE
ENDCHAR
STARTCHAR drthook
ENCODING 598
SWIDTH 590 0
DWIDTH 9 0
BBX 10 15 1 -3
BITMAP
0200
0200
0200
1200
3F00
6200
4200
4200
C200
6200
7F00
3E00
0200
0200
01C0
ENDCHAR
STARTCHAR dhook
ENCODING 599
SWIDTH 590 0
DWIDTH 9 0
BBX 9 13 1 0
BITMAP
0080
0180
0200
0200
1200
3F00
6200
4200
4200
C200
6200
7F00
3E00
ENDCHAR
STARTCHAR erev
ENCODING 600
SWIDTH 529 0
DWIDTH 8 0
BBX 8 9 1 0
BITMAP
0C
3E
66
42
7F
02
46
FE
1C
ENDCHAR
STARTCHAR schwa
ENCODING 601
SWIDTH 526 0
DWIDTH 8 0
BBX 8 9 1 0
BITMAP
10
7C
06
02
7F
42
C6
7E
3C
ENDCHAR
STARTCHAR schwahook
ENCODING 602
SWIDTH 694 0
DWIDTH 11 0
BBX 11 9 1 0
BITMAP
7000
FC00
0680
1F80
F2C0
4260
6600
7E00
3C00
ENDCHAR
STARTCHAR epsilon1
ENCODING 603
SWIDTH 539 0
DWIDTH 9 0
BBX 7 9 1 0
BITMAP
08
2C
C0
60
38
70
42
FE
7C
ENDCHAR
STARTCHAR epsilon1rev
ENCODING 604
SWIDTH 539 0
DWIDTH 9 0
BBX 7 9 2 0
BITMAP
10
E8
06
0C
38
1C
84
FC
7C
ENDCHAR
STARTCHAR epsilon1revhook
ENCODING 605
SWIDTH 710 0
DWIDTH 11 0
BBX 10 9 2 0
BITMAP
1800
ED00
0780
0DC0
38C0
1C00
8400
FC00
7C00
ENDCHAR
STARTCHAR epsilon1revclosed
ENCODING 606
SWIDTH 521 0
DWIDTH 8 0
BBX 8 9 1 0
BITMAP
08
74
66
46
5C
C6
63
3E
7C
ENDCHAR
STARTCHAR jdotlessbar
ENCODING 607
SWIDTH 325 0
DWIDTH 5 0
BBX 5 12 1 -3
BITMAP
20
20
20
20
20
20
20
F8
F8
20
30
60
ENDCHAR
STARTCHAR ghook
ENCODING 608
SWIDTH 592 0
DWIDTH 9 0
BBX 10 14 1 -3
BITMAP
01C0
0380
1200
3F00
6200
4200
4200
C200
6200
3F00
1F00
4300
E200
3C00
ENDCHAR
STARTCHAR gcursive
ENCODING 609
SWIDTH 561 0
DWIDTH 9 0
BBX 8 12 1 -3
BITMAP
12
3F
62
42
42
C2
62
3F
1F
43
E2
3C
ENDCHAR
STARTCHAR Gsmallcap
ENCODING 610
SWIDTH 600 0
DWIDTH 10 0
BBX 7 9 2 0
BITMAP
60
FC
C6
80
9E
86
C6
FE
7C
ENDCHAR
STARTCHAR gamma1
ENCODING 611
SWIDTH 544 0
DWIDTH 9 0
BBX 9 12 0 -3
BITMAP
C180
6300
6300
3600
3400
1C00
0C00
0C00
1C00
1C00
3400
1C00
ENDCHAR
STARTCHAR babygamma
ENCODING 612
SWIDTH 634 0
DWIDTH 10 0
BBX 8 9 1 0
BITMAP
67
F7
3C
18
18
1C
36
3C
1C
ENDCHAR
STARTCHAR hturn
ENCODING 613
SWIDTH 550 0
DWIDTH 9 0
BBX 6 12 2 -3
BITMAP
8C
8C
8C
8C
8C
8C
8C
FC
6C
0C
0C
0C
ENDCHAR
STARTCHAR hhook
ENCODING 614
SWIDTH 550 0
DWIDTH 9 0
BBX 6 13 2 0
BITMAP
20
C0
80
80
90
FC
CC
8C
8C
8C
8C
8C
8C
ENDCHAR
STARTCHAR henghook
ENCODING 615
SWIDTH 550 0
DWIDTH 9 0
BBX 6 15 2 -2
BITMAP
20
C0
80
80
90
FC
CC
8C
8C
8C
8C
8C
8C
0C
1C
ENDCHAR
STARTCHAR ibar
ENCODING 616
SWIDTH 332 0
DWIDTH 5 0
BBX 5 12 0 0
BITMAP
20
20
00
20
20
20
F8
20
20
20
20
20
ENDCHAR
STARTCHAR iota1
ENCODING 617
SWIDTH 283 0
DWIDTH 5 0
BBX 2 9 2 0
BITMAP
80
80
80
80
80
80
80
C0
C0
ENDCHAR
STARTCHAR Ismallcap
ENCODING 618
SWIDTH 335 0
DWIDTH 5 0
BBX 4 9 1 0
BITMAP
F0
60
60
60
60
60
60
F0
F0
ENDCHAR
STARTCHAR lmidtilde
ENCODING 619
SWIDTH 357 0
DWIDTH 6 0
BBX 5 12 1 0
BITMAP
20
20
20
20
28
F8
A0
20
20
20
20
20
ENDCHAR
STARTCHAR lbelt
ENCODING 620
SWIDTH 433 0
DWIDTH 7 0
BBX 6 12 1 0
BITMAP
30
30
30
70
F0
B0
FC
30
30
30
30
30
ENDCHAR
STARTCHAR lrthook
ENCODING 621
SWIDTH 324 0
DWIDTH 5 0
BBX 2 15 3 -3
BITMAP
80
80
80
80
80
80
80
80
80
80
80
80
80
80
C0
ENDCHAR
STARTCHAR lyogh
ENCODING 622
SWIDTH 606 0
DWIDTH 10 0
BBX 7 15 2 -3
BITMAP
80
80
80
FE
8C
8C
98
B0
B0
BC
86
82
82
C6
7C
ENDCHAR
STARTCHAR mturn
ENCODING 623
SWIDTH 876 0
DWIDTH 14 0
BBX 12 9 2 0
BITMAP
8C30
8C30
8C30
8C30
8C30
8C30
8C30
FFF0
73F0
ENDCHAR
STARTCHAR mturndescend
ENCODING 624
SWIDTH 876 0
DWIDTH 14 0
BBX 12 12 2 -3
BITMAP
8C30
8C30
8C30
8C30
8C30
8C30
8C30
FFF0
73E0
0030
0030
0030
ENDCHAR
STARTCHAR mhook
ENCODING 625
SWIDTH 876 0
DWIDTH 14 0
BBX 13 12 1 -3
BITMAP
48C0
FFF0
4330
4618
4618
4618
4618
4618
4618
0018
0018
0060
ENDCHAR
STARTCHAR nlfthook
ENCODING 626
SWIDTH 582 0
DWIDTH 9 0
BBX 8 12 1 -3
BITMAP
44
77
63
41
41
41
41
41
41
40
40
C0
ENDCHAR
STARTCHAR nrthook
ENCODING 627
SWIDTH 583 0
DWIDTH 9 0
BBX 8 12 2 -3
BITMAP
90
FC
CC
8C
8C
8C
8C
8C
8C
0C
0C
03
ENDCHAR
STARTCHAR Nsmallcap
ENCODING 628
SWIDTH 561 0
DWIDTH 9 0
BBX 8 9 1 0
BITMAP
C3
63
63
73
53
4F
4E
46
43
ENDCHAR
STARTCHAR obar
ENCODING 629
SWIDTH 567 0
DWIDTH 9 0
BBX 8 9 1 0
BITMAP
30
7E
63
43
FF
43
63
3F
1C
ENDCHAR
STARTCHAR OEsmallcap
ENCODING 630
SWIDTH 839 0
DWIDTH 13 0
BBX 12 9 1 0
BITMAP
3FF0
7200
6200
4200
43E0
C200
6200
7FF0
1FF0
ENDCHAR
STARTCHAR omegaclosed
ENCODING 631
SWIDTH 822 0
DWIDTH 13 0
BBX 12 9 1 0
BITMAP
0200
1F80
6060
C220
4220
4220
6630
7FE0
70E0
ENDCHAR
STARTCHAR philatin
ENCODING 632
SWIDTH 570 0
DWIDTH 9 0
BBX 8 15 1 -3
BITMAP
18
18
18
18
7E
7B
DB
5B
DB
7A
7E
18
18
18
18
ENDCHAR
STARTCHAR rturn
ENCODING 633
SWIDTH 338 0
DWIDTH 5 0
BBX 5 9 0 0
BITMAP
10
10
10
10
10
10
10
78
F0
ENDCHAR
STARTCHAR rturnascend
ENCODING 634
SWIDTH 338 0
DWIDTH 5 0
BBX 5 12 0 0
BITMAP
10
10
10
10
10
10
10
10
10
10
78
F0
ENDCHAR
STARTCHAR rturnrthook
ENCODING 635
SWIDTH 369 0
DWIDTH 6 0
BBX 5 12 1 -3
BITMAP
20
20
20
20
20
20
20
F0
F0
20
20
38
ENDCHAR
STARTCHAR rdescend
ENCODING 636
SWIDTH 338 0
DWIDTH 5 0
BBX 4 12 2 -3
BITMAP
90
E0
80
80
80
80
80
80
80
80
80
80
ENDCHAR
STARTCHAR rrthook
ENCODING 637
SWIDTH 338 0
DWIDTH 5 0
BBX 4 12 2 -3
BITMAP
90
E0
80
80
80
80
80
80
80
80
80
C0
ENDCHAR
STARTCHAR rfishhook
ENCODING 638
SWIDTH 278 0
DWIDTH 4 0
BBX 3 9 2 0
BITMAP
20
C0
80
80
80
80
80
80
80
ENDCHAR
STARTCHAR rfishhookrev
ENCODING 639
SWIDTH 278 0
DWIDTH 4 0
BBX 3 12 0 -3
BITMAP
80
60
20
20
20
20
20
20
20
20
20
20
ENDCHAR
STARTCHAR Rsmallcap
ENCODING 640
SWIDTH 547 0
DWIDTH 9 0
BBX 8 9 1 0
BITMAP
F0
4C
46
46
7E
4C
46
46
43
ENDCHAR
STARTCHAR Rsmallcapinv
ENCODING 641
SWIDTH 547 0
DWIDTH 9 0
BBX 8 9 1 0
BITMAP
43
46
4C
7C
7C
42
46
7E
F0
ENDCHAR
STARTCHAR srthook
ENCODING 642
SWIDTH 515 0
DWIDTH 8 0
BBX 6 12 2 -3
BITMAP
20
5C
CC
C0
78
0C
8C
FC
FC
80
80
C0
ENDCHAR
STARTCHAR esh
ENCODING 643
SWIDTH 410 0
DWIDTH 7 0
BBX 6 16 1 -3
BITMAP
08
1C
30
30
30
30
30
30
30
30
30
30
30
30
60
E0
ENDCHAR
STARTCHAR jhookdblbar
ENCODING 644
SWIDTH 410 0
DWIDTH 7 0
BBX 6 16 1 -3
BITMAP
08
1C
30
30
30
30
30
30
30
30
30
F8
F8
30
60
E0
ENDCHAR
STARTCHAR eshshortrev
ENCODING 645
SWIDTH 410 0
DWIDTH 7 0
BBX 6 12 1 -3
BITMAP
80
C0
60
30
30
30
30
30
30
30
30
1C
ENDCHAR
STARTCHAR eshcurl
ENCODING 646
SWIDTH 456 0
DWIDTH 7 0
BBX 7 16 0 -3
BITMAP
02
0E
0C
18
18
18
18
18
18
18
18
18
78
CC
DE
72
ENDCHAR
STARTCHAR tturn
ENCODING 647
SWIDTH 326 0
DWIDTH 5 0
BBX 5 11 1 0
BITMAP
E0
30
20
20
20
20
20
F8
20
20
20
ENDCHAR
STARTCHAR trthook
ENCODING 648
SWIDTH 330 0
DWIDTH 5 0
BBX 5 14 0 -3
BITMAP
20
20
F8
20
20
20
20
20
20
20
20
20
20
38
ENDCHAR
STARTCHAR ubar
ENCODING 649
SWIDTH 632 0
DWIDTH 10 0
BBX 10 9 0 0
BITMAP
2100
2100
2100
2100
FFC0
2100
2100
1F80
1F00
ENDCHAR
STARTCHAR upsilonlatin
ENCODING 650
SWIDTH 609 0
DWIDTH 10 0
BBX 9 9 1 0
BITMAP
C180
E300
2200
4100
C180
4100
C180
7F00
3F00
ENDCHAR
STARTCHAR vscript
ENCODING 651
SWIDTH 535 0
DWIDTH 9 0
BBX 7 9 1 0
BITMAP
58
46
42
42
42
42
C4
7C
7C
ENDCHAR
STARTCHAR vturn
ENCODING 652
SWIDTH 484 0
DWIDTH 8 0
BBX 7 9 1 0
BITMAP
10
30
30
48
6C
48
84
C6
84
ENDCHAR
STARTCHAR wturn
ENCODING 653
SWIDTH 749 0
DWIDTH 12 0
BBX 12 9 0 0
BITMAP
1880
18C0
29C0
3D40
2940
2520
4E60
C620
4210
ENDCHAR
STARTCHAR yturn
ENCODING 654
SWIDTH 473 0
DWIDTH 8 0
BBX 8 12 0 0
BITMAP
06
0C
08
08
1C
18
24
3C
24
46
63
C3
ENDCHAR
STARTCHAR Ysmallcap
ENCODING 655
SWIDTH 521 0
DWIDTH 8 0
BBX 8 9 1 0
BITMAP
C3
C6
6C
68
38
18
18
18
18
ENDCHAR
STARTCHAR zrthook
ENCODING 656
SWIDTH 546 0
DWIDTH 9 0
BBX 8 12 2 -3
BITMAP
FC
0C
18
30
30
60
C0
FC
FC
04
04
03
ENDCHAR
STARTCHAR zcurl
ENCODING 657
SWIDTH 598 0
DWIDTH 10 0
BBX 9 10 1 -1
BITMAP
7E00
0600
0C00
1800
1A00
3780
6D80
FF00
7C00
2000
ENDCHAR
STARTCHAR uni0292
ENCODING 658
SWIDTH 563 0
DWIDTH 9 0
BBX 7 12 2 -3
BITMAP
FE
0C
0C
10
30
30
1E
06
02
82
C6
7C
ENDCHAR
STARTCHAR uni0293
ENCODING 659
SWIDTH 549 0
DWIDTH 9 0
BBX 8 12 1 -3
BITMAP
7F
06
06
08
18
18
0F
23
71
CF
63
3F
ENDCHAR
STARTCHAR glottalstop
ENCODING 660
SWIDTH 522 0
DWIDTH 8 0
BBX 7 13 2 0
BITMAP
20
78
84
04
04
04
06
0C
3C
20
20
20
20
ENDCHAR
STARTCHAR glottalstoprevinv
ENCODING 661
SWIDTH 522 0
DWIDTH 8 0
BBX 8 13 1 0
BITMAP
08
3C
63
C0
40
40
C0
60
78
08
08
08
08
ENDCHAR
STARTCHAR glottalstopinv
ENCODING 662
SWIDTH 522 0
DWIDTH 8 0
BBX 7 12 2 0
BITMAP
20
20
20
20
1C
06
04
04
04
8C
FC
78
ENDCHAR
STARTCHAR cstretch
ENCODING 663
SWIDTH 522 0
DWIDTH 8 0
BBX 7 12 2 -3
BITMAP
60
F8
C6
80
80
80
80
80
80
C4
8C
78
ENDCHAR
STARTCHAR bullseye
ENCODING 664
SWIDTH 687 0
DWIDTH 11 0
BBX 10 12 1 0
BITMAP
0400
1F00
6180
4180
C080
4480
4480
C080
60C0
6180
3F00
1F00
ENDCHAR
STARTCHAR uni0299
ENCODING 665
SWIDTH 571 0
DWIDTH 9 0
BBX 8 9 1 0
BITMAP
70
4E
43
46
7C
4E
42
FE
F0
ENDCHAR
STARTCHAR epsilonclosed
ENCODING 666
SWIDTH 521 0
DWIDTH 8 0
BBX 8 9 1 0
BITMAP
10
2E
C6
63
7B
C6
46
7E
38
ENDCHAR
STARTCHAR Gsmallcaphook
ENCODING 667
SWIDTH 620 0
DWIDTH 10 0
BBX 9 9 2 0
BITMAP
6080
FF00
C600
8000
9E00
8600
C600
FE00
7C00
ENDCHAR
STARTCHAR uni029C
ENCODING 668
SWIDTH 576 0
DWIDTH 9 0
BBX 8 9 1 0
BITMAP
43
43
43
43
FE
43
43
43
43
ENDCHAR
STARTCHAR jcrosstail
ENCODING 669
SWIDTH 413 0
DWIDTH 7 0
BBX 7 15 0 -3
BITMAP
0C
0C
00
18
18
18
18
18
18
18
18
7E
D8
D8
70
ENDCHAR
STARTCHAR kturn
ENCODING 670
SWIDTH 506 0
DWIDTH 8 0
BBX 7 12 1 -3
BITMAP
C4
C4
64
36
1E
1C
34
64
C4
04
04
04
ENDCHAR
STARTCHAR Lsmallcap
ENCODING 671
SWIDTH 439 0
DWIDTH 7 0
BBX 6 9 1 0
BITMAP
40
40
40
40
40
40
40
FC
FC
ENDCHAR
STARTCHAR qhook
ENCODING 672
SWIDTH 590 0
DWIDTH 9 0
BBX 10 14 1 -3
BITMAP
01C0
0380
1200
7E00
6200
4200
4200
C200
6200
7E00
1F00
0200
0200
0200
ENDCHAR
STARTCHAR glottalstopbar
ENCODING 673
SWIDTH 522 0
DWIDTH 8 0
BBX 7 13 2 0
BITMAP
20
78
84
04
04
04
06
0C
3C
20
F8
20
20
ENDCHAR
STARTCHAR glottalstopbarrev
ENCODING 674
SWIDTH 523 0
DWIDTH 8 0
BBX 8 13 1 0
BITMAP
08
3C
63
C0
40
40
C0
60
78
08
3E
08
08
ENDCHAR
STARTCHAR dz
ENCODING 675
SWIDTH 944 0
DWIDTH 15 0
BBX 14 12 1 0
BITMAP
0200
0200
0200
13FC
3F0C
6218
4230
4230
C260
62C0
7FFC
1FFC
ENDCHAR
STARTCHAR dyogh
ENCODING 676
SWIDTH 923 0
DWIDTH 15 0
BBX 13 15 1 -3
BITMAP
0200
0200
0200
13F8
3F08
6230
4230
4260
C240
6238
3F18
1E08
0208
0318
01F0
ENDCHAR
STARTCHAR dzcurl
ENCODING 677
SWIDTH 1046 0
DWIDTH 17 0
BBX 16 13 1 -1
BITMAP
0200
0200
0200
13FC
3F0C
6218
4230
423C
C27D
62DB
7FFE
1FF8
0040
ENDCHAR
STARTCHAR ts
ENCODING 678
SWIDTH 700 0
DWIDTH 11 0
BBX 10 11 1 0
BITMAP
4000
4000
FE00
4D80
48C0
5800
4C00
4180
4040
7F80
1E00
ENDCHAR
STARTCHAR tesh
ENCODING 679
SWIDTH 532 0
DWIDTH 9 0
BBX 9 16 0 -3
BITMAP
0100
0380
2600
2600
FC00
2600
2600
2600
2600
2600
2600
3C00
3C00
0600
0C00
1C00
ENDCHAR
STARTCHAR tccurl
ENCODING 680
SWIDTH 772 0
DWIDTH 12 0
BBX 13 11 0 0
BITMAP
2000
2000
F980
23F0
2630
2400
2420
24F0
2718
3FE0
3FE0
ENDCHAR
STARTCHAR uni02A9
ENCODING 681
SWIDTH 830 0
DWIDTH 13 0
BBX 11 15 1 -2
BITMAP
1000
3800
6000
6000
FC80
6FC0
6660
6460
6460
6460
6460
6460
6460
0060
00E0
ENDCHAR
STARTCHAR finalkaf
ENCODING 682
SWIDTH 657 0
DWIDTH 11 0
BBX 9 12 1 0
BITMAP
4000
4000
4000
4400
5300
5180
5800
4F00
4180
4080
7F80
FF00
ENDCHAR
STARTCHAR uni02AB
ENCODING 683
SWIDTH 619 0
DWIDTH 10 0
BBX 9 12 1 0
BITMAP
4000
4000
4000
FF00
4300
4600
4600
4C00
5800
7000
7F80
7F80
ENDCHAR
STARTCHAR uni02AC
ENCODING 684
SWIDTH 450 0
DWIDTH 7 0
BBX 6 12 1 0
BITMAP
A4
B4
B8
D8
48
00
00
A4
B4
D8
D8
48
ENDCHAR
STARTCHAR finalmem
ENCODING 685
SWIDTH 472 0
DWIDTH 8 0
BBX 6 12 2 0
BITMAP
FC
84
84
84
84
00
00
FC
84
84
84
84
ENDCHAR
STARTCHAR uni02AE
ENCODING 686
SWIDTH 626 0
DWIDTH 10 0
BBX 9 12 0 -3
BITMAP
8180
6180
1180
1180
1180
1180
3180
3F80
1F80
0180
0180
0180
ENDCHAR
STARTCHAR finalnun
ENCODING 687
SWIDTH 634 0
DWIDTH 10 0
BBX 11 12 0 -3
BITMAP
8080
6080
2080
2080
2080
2080
3080
1F80
1F80
0080
0080
00E0
ENDCHAR
STARTCHAR hsuper
ENCODING 688
SWIDTH 411 0
DWIDTH 7 0
BBX 5 9 1 6
BITMAP
40
40
40
50
F8
48
48
48
48
ENDCHAR
STARTCHAR hhooksuper
ENCODING 689
SWIDTH 411 0
DWIDTH 7 0
BBX 5 9 1 6
BITMAP
40
60
40
50
F8
48
48
48
48
ENDCHAR
STARTCHAR jsuper
ENCODING 690
SWIDTH 222 0
DWIDTH 4 0
BBX 3 11 0 3
BITMAP
20
00
20
20
20
20
20
20
20
20
C0
ENDCHAR
STARTCHAR rsuper
ENCODING 691
SWIDTH 270 0
DWIDTH 4 0
BBX 3 6 2 6
BITMAP
A0
E0
80
80
80
80
ENDCHAR
STARTCHAR rturnsuper
ENCODING 692
SWIDTH 270 0
DWIDTH 4 0
BBX 4 7 0 5
BITMAP
10
10
10
10
10
70
C0
ENDCHAR
STARTCHAR finaltsadi
ENCODING 693
SWIDTH 301 0
DWIDTH 5 0
BBX 4 9 1 3
BITMAP
20
20
20
20
20
E0
E0
20
30
ENDCHAR
STARTCHAR Rturnsuper
ENCODING 694
SWIDTH 426 0
DWIDTH 7 0
BBX 6 6 1 6
BITMAP
4C
58
78
58
48
F8
ENDCHAR
STARTCHAR wsuper
ENCODING 695
SWIDTH 556 0
DWIDTH 9 0
BBX 7 6 1 6
BITMAP
92
DA
9E
6E
6C
6C
ENDCHAR
STARTCHAR ysuper
ENCODING 696
SWIDTH 397 0
DWIDTH 6 0
BBX 6 9 0 3
BITMAP
CC
64
28
78
28
30
10
10
60
ENDCHAR
STARTCHAR uni02B9
ENCODING 697
SWIDTH 161 0
DWIDTH 3 0
BBX 2 3 1 10
BITMAP
40
80
80
ENDCHAR
STARTCHAR uni02BA
ENCODING 698
SWIDTH 301 0
DWIDTH 5 0
BBX 4 3 1 10
BITMAP
50
A0
A0
ENDCHAR
STARTCHAR uni02BB
ENCODING 699
SWIDTH 214 0
DWIDTH 3 0
BBX 3 5 1 8
BITMAP
40
60
C0
40
40
ENDCHAR
STARTCHAR uni02BC
ENCODING 700
SWIDTH 199 0
DWIDTH 3 0
BBX 2 3 0 9
BITMAP
40
40
C0
ENDCHAR
STARTCHAR uni02BD
ENCODING 701
SWIDTH 214 0
DWIDTH 3 0
BBX 2 5 2 8
BITMAP
80
80
80
C0
80
ENDCHAR
STARTCHAR uni02BE
ENCODING 702
SWIDTH 139 0
DWIDTH 2 0
BBX 1 3 1 9
BITMAP
80
80
80
ENDCHAR
STARTCHAR uni02BF
ENCODING 703
SWIDTH 139 0
DWIDTH 2 0
BBX 2 3 0 9
BITMAP
C0
80
C0
ENDCHAR
STARTCHAR uni02C0
ENCODING 704
SWIDTH 373 0
DWIDTH 6 0
BBX 5 9 1 6
BITMAP
40
F0
F8
08
08
10
10
60
20
ENDCHAR
STARTCHAR uni02C1
ENCODING 705
SWIDTH 373 0
DWIDTH 6 0
BBX 5 9 1 6
BITMAP
20
F0
F8
80
80
80
80
60
20
ENDCHAR
STARTCHAR uni02C2
ENCODING 706
SWIDTH 406 0
DWIDTH 7 0
BBX 7 6 0 5
BITMAP
0C
1E
70
E0
1C
04
ENDCHAR
STARTCHAR uni02C3
ENCODING 707
SWIDTH 404 0
DWIDTH 6 0
BBX 6 6 0 5
BITMAP
80
70
1C
3C
70
80
ENDCHAR
STARTCHAR uni02C4
ENCODING 708
SWIDTH 389 0
DWIDTH 6 0
BBX 5 6 1 5
BITMAP
20
60
70
58
90
88
ENDCHAR
STARTCHAR uni02C5
ENCODING 709
SWIDTH 391 0
DWIDTH 6 0
BBX 5 6 1 5
BITMAP
98
C8
50
D0
60
60
ENDCHAR
STARTCHAR circumflex
ENCODING 710
SWIDTH 470 0
DWIDTH 8 0
BBX 4 2 2 10
BITMAP
60
B0
ENDCHAR
STARTCHAR caron
ENCODING 711
SWIDTH 443 0
DWIDTH 7 0
BBX 3 2 2 10
BITMAP
A0
40
ENDCHAR
STARTCHAR linevert
ENCODING 712
SWIDTH 120 0
DWIDTH 2 0
BBX 1 4 1 9
BITMAP
80
80
80
80
ENDCHAR
STARTCHAR uni02C9
ENCODING 713
SWIDTH 458 0
DWIDTH 7 0
BBX 5 1 2 11
BITMAP
F8
ENDCHAR
STARTCHAR uni02CA
ENCODING 714
SWIDTH 279 0
DWIDTH 4 0
BBX 2 2 2 10
BITMAP
C0
80
ENDCHAR
STARTCHAR uni02CB
ENCODING 715
SWIDTH 276 0
DWIDTH 4 0
BBX 2 2 1 10
BITMAP
C0
40
ENDCHAR
STARTCHAR uni02CC
ENCODING 716
SWIDTH 120 0
DWIDTH 2 0
BBX 1 3 1 -3
BITMAP
80
80
80
ENDCHAR
STARTCHAR macronsub
ENCODING 717
SWIDTH 399 0
DWIDTH 6 0
BBX 5 1 2 -2
BITMAP
F8
ENDCHAR
STARTCHAR uni02CE
ENCODING 718
SWIDTH 276 0
DWIDTH 4 0
BBX 3 2 1 -2
BITMAP
C0
60
ENDCHAR
STARTCHAR uni02CF
ENCODING 719
SWIDTH 279 0
DWIDTH 4 0
BBX 2 2 2 -2
BITMAP
C0
80
ENDCHAR
STARTCHAR uni02D0
ENCODING 720
SWIDTH 212 0
DWIDTH 3 0
BBX 2 9 2 0
BITMAP
C0
80
00
00
00
00
00
80
C0
ENDCHAR
STARTCHAR uni02D1
ENCODING 721
SWIDTH 212 0
DWIDTH 3 0
BBX 2 2 2 7
BITMAP
C0
80
ENDCHAR
STARTCHAR uni02D2
ENCODING 722
SWIDTH 140 0
DWIDTH 2 0
BBX 2 3 0 2
BITMAP
80
40
40
ENDCHAR
STARTCHAR uni02D3
ENCODING 723
SWIDTH 139 0
DWIDTH 2 0
BBX 3 3 0 2
BITMAP
20
40
80
ENDCHAR
STARTCHAR uni02D4
ENCODING 724
SWIDTH 277 0
DWIDTH 4 0
BBX 3 2 2 2
BITMAP
40
E0
ENDCHAR
STARTCHAR uni02D5
ENCODING 725
SWIDTH 277 0
DWIDTH 4 0
BBX 3 3 2 2
BITMAP
E0
40
40
ENDCHAR
STARTCHAR uni02D6
ENCODING 726
SWIDTH 277 0
DWIDTH 4 0
BBX 3 3 2 2
BITMAP
40
E0
40
ENDCHAR
STARTCHAR uni02D7
ENCODING 727
SWIDTH 270 0
DWIDTH 4 0
BBX 3 1 1 3
BITMAP
E0
ENDCHAR
STARTCHAR breve
ENCODING 728
SWIDTH 426 0
DWIDTH 7 0
BBX 5 2 2 10
BITMAP
98
E0
ENDCHAR
STARTCHAR dotaccent
ENCODING 729
SWIDTH 242 0
DWIDTH 4 0
BBX 1 2 2 10
BITMAP
80
80
ENDCHAR
STARTCHAR ring
ENCODING 730
SWIDTH 334 0
DWIDTH 5 0
BBX 3 3 2 10
BITMAP
E0
A0
E0
ENDCHAR
STARTCHAR ogonek
ENCODING 731
SWIDTH 270 0
DWIDTH 4 0
BBX 3 4 1 -3
BITMAP
40
C0
80
E0
ENDCHAR
STARTCHAR tilde
ENCODING 732
SWIDTH 471 0
DWIDTH 8 0
BBX 5 2 2 10
BITMAP
E8
B0
ENDCHAR
STARTCHAR hungarumlaut
ENCODING 733
SWIDTH 373 0
DWIDTH 6 0
BBX 5 2 2 10
BITMAP
58
A0
ENDCHAR
STARTCHAR uni02DE
ENCODING 734
SWIDTH 209 0
DWIDTH 3 0
BBX 5 4 -2 3
BITMAP
20
E0
38
18
ENDCHAR
STARTCHAR qofdagesh
ENCODING 735
SWIDTH 314 0
DWIDTH 5 0
BBX 4 4 1 9
BITMAP
F0
60
D0
50
ENDCHAR
STARTCHAR gammasuper
ENCODING 736
SWIDTH 417 0
DWIDTH 7 0
BBX 6 10 0 2
BITMAP
CC
64
28
78
28
30
30
30
28
30
ENDCHAR
STARTCHAR shindagesh
ENCODING 737
SWIDTH 182 0
DWIDTH 3 0
BBX 1 9 2 6
BITMAP
80
80
80
80
80
80
80
80
80
ENDCHAR
STARTCHAR tavdages
ENCODING 738
SWIDTH 379 0
DWIDTH 6 0
BBX 6 7 0 5
BITMAP
20
48
C0
38
0C
7C
78
ENDCHAR
STARTCHAR xsuper
ENCODING 739
SWIDTH 394 0
DWIDTH 6 0
BBX 6 6 0 6
BITMAP
CC
2C
38
30
68
68
ENDCHAR
STARTCHAR uni02E4
ENCODING 740
SWIDTH 409 0
DWIDTH 7 0
BBX 4 6 2 6
BITMAP
20
F0
80
80
C0
E0
ENDCHAR
STARTCHAR uni02E5
ENCODING 741
SWIDTH 325 0
DWIDTH 5 0
BBX 4 12 0 0
BITMAP
F0
30
30
30
30
30
30
30
30
30
30
30
ENDCHAR
STARTCHAR uni02E6
ENCODING 742
SWIDTH 325 0
DWIDTH 5 0
BBX 4 12 0 0
BITMAP
30
30
F0
F0
30
30
30
30
30
30
30
30
ENDCHAR
STARTCHAR uni02E7
ENCODING 743
SWIDTH 325 0
DWIDTH 5 0
BBX 4 12 0 0
BITMAP
30
30
30
30
30
F0
30
30
30
30
30
30
ENDCHAR
STARTCHAR uni02E8
ENCODING 744
SWIDTH 325 0
DWIDTH 5 0
BBX 4 12 0 0
BITMAP
30
30
30
30
30
30
30
30
F0
30
30
30
ENDCHAR
STARTCHAR uni02E9
ENCODING 745
SWIDTH 325 0
DWIDTH 5 0
BBX 4 12 0 0
BITMAP
30
30
30
30
30
30
30
30
30
30
F0
F0
ENDCHAR
STARTCHAR uni02EA
ENCODING 746
SWIDTH 367 0
DWIDTH 6 0
BBX 4 8 2 0
BITMAP
80
80
80
80
80
80
F0
F0
ENDCHAR
STARTCHAR uni02EB
ENCODING 747
SWIDTH 341 0
DWIDTH 5 0
BBX 4 8 2 0
BITMAP
80
80
80
F0
F0
80
80
80
ENDCHAR
STARTCHAR uni02EC
ENCODING 748
SWIDTH 380 0
DWIDTH 6 0
BBX 3 2 2 -3
BITMAP
A0
40
ENDCHAR
STARTCHAR uni02ED
ENCODING 749
SWIDTH 389 0
DWIDTH 6 0
BBX 5 2 1 10
BITMAP
F8
F8
ENDCHAR
STARTCHAR dblapostrophe
ENCODING 750
SWIDTH 367 0
DWIDTH 6 0
BBX 4 5 2 8
BITMAP
B0
B0
B0
D0
A0
ENDCHAR
STARTCHAR uni02EF
ENCODING 751
SWIDTH 302 0
DWIDTH 5 0
BBX 3 4 1 -4
BITMAP
A0
A0
C0
40
ENDCHAR
STARTCHAR uni02F0
ENCODING 752
SWIDTH 302 0
DWIDTH 5 0
BBX 3 4 1 -4
BITMAP
C0
A0
A0
A0
ENDCHAR
STARTCHAR uni02F1
ENCODING 753
SWIDTH 300 0
DWIDTH 5 0
BBX 4 4 1 -4
BITMAP
60
C0
C0
10
ENDCHAR
STARTCHAR uni02F2
ENCODING 754
SWIDTH 300 0
DWIDTH 5 0
BBX 4 4 0 -4
BITMAP
40
30
70
80
ENDCHAR
STARTCHAR uni02F3
ENCODING 755
SWIDTH 293 0
DWIDTH 5 0
BBX 3 3 1 -3
BITMAP
60
A0
60
ENDCHAR
STARTCHAR uni02F4
ENCODING 756
SWIDTH 276 0
DWIDTH 4 0
BBX 3 3 0 2
BITMAP
C0
60
20
ENDCHAR
STARTCHAR uni02F5
ENCODING 757
SWIDTH 453 0
DWIDTH 7 0
BBX 6 3 0 2
BITMAP
D8
6C
24
ENDCHAR
STARTCHAR uni02F6
ENCODING 758
SWIDTH 456 0
DWIDTH 7 0
BBX 6 3 2 2
BITMAP
6C
50
90
ENDCHAR
STARTCHAR uni02F7
ENCODING 759
SWIDTH 414 0
DWIDTH 7 0
BBX 5 2 2 -3
BITMAP
E8
B0
ENDCHAR
STARTCHAR uni02F8
ENCODING 760
SWIDTH 176 0
DWIDTH 3 0
BBX 2 8 1 4
BITMAP
C0
C0
00
00
00
00
00
C0
ENDCHAR
STARTCHAR uni02F9
ENCODING 761
SWIDTH 272 0
DWIDTH 4 0
BBX 3 3 2 9
BITMAP
E0
80
80
ENDCHAR
STARTCHAR uni02FA
ENCODING 762
SWIDTH 272 0
DWIDTH 4 0
BBX 3 3 2 9
BITMAP
E0
20
20
ENDCHAR
STARTCHAR uni02FB
ENCODING 763
SWIDTH 272 0
DWIDTH 4 0
BBX 3 3 2 -3
BITMAP
80
80
E0
ENDCHAR
STARTCHAR uni02FC
ENCODING 764
SWIDTH 272 0
DWIDTH 4 0
BBX 3 3 2 -3
BITMAP
20
20
E0
ENDCHAR
STARTCHAR uni02FD
ENCODING 765
SWIDTH 407 0
DWIDTH 7 0
BBX 5 3 2 -3
BITMAP
88
88
F8
ENDCHAR
STARTCHAR uni02FE
ENCODING 766
SWIDTH 401 0
DWIDTH 6 0
BBX 5 3 2 -3
BITMAP
80
80
F8
ENDCHAR
STARTCHAR uni02FF
ENCODING 767
SWIDTH 443 0
DWIDTH 7 0
BBX 6 5 0 -3
BITMAP
10
60
FC
20
10
ENDCHAR
STARTCHAR gravecomb
ENCODING 768
SWIDTH 0 0
DWIDTH 0 0
BBX 2 2 -6 10
BITMAP
C0
40
ENDCHAR
STARTCHAR acutecomb
ENCODING 769
SWIDTH 0 0
DWIDTH 0 0
BBX 2 2 -4 10
BITMAP
C0
80
ENDCHAR
STARTCHAR circumflexnosp
ENCODING 770
SWIDTH 0 0
DWIDTH 0 0
BBX 4 2 -6 10
BITMAP
60
B0
ENDCHAR
STARTCHAR tildecomb
ENCODING 771
SWIDTH 0 0
DWIDTH 0 0
BBX 5 2 -6 10
BITMAP
E8
B0
ENDCHAR
STARTCHAR macroncomb
ENCODING 772
SWIDTH 0 0
DWIDTH 0 0
BBX 5 1 -6 11
BITMAP
F8
ENDCHAR
STARTCHAR overscorenosp
ENCODING 773
SWIDTH 0 0
DWIDTH 0 0
BBX 7 1 -7 13
BITMAP
FE
ENDCHAR
STARTCHAR brevenosp
ENCODING 774
SWIDTH 0 0
DWIDTH 0 0
BBX 5 2 -6 10
BITMAP
98
E0
ENDCHAR
STARTCHAR dotnosp
ENCODING 775
SWIDTH 0 0
DWIDTH 0 0
BBX 1 2 -4 10
BITMAP
80
80
ENDCHAR
STARTCHAR dieresisnosp
ENCODING 776
SWIDTH 0 0
DWIDTH 0 0
BBX 4 2 -7 10
BITMAP
90
90
ENDCHAR
STARTCHAR hook
ENCODING 777
SWIDTH 0 0
DWIDTH 0 0
BBX 3 3 -5 10
BITMAP
C0
20
40
ENDCHAR
STARTCHAR ringnosp
ENCODING 778
SWIDTH 0 0
DWIDTH 0 0
BBX 3 3 -5 10
BITMAP
E0
A0
E0
ENDCHAR
STARTCHAR acutedblnosp
ENCODING 779
SWIDTH 0 0
DWIDTH 0 0
BBX 5 2 -7 10
BITMAP
D8
90
ENDCHAR
STARTCHAR uni030C
ENCODING 780
SWIDTH 0 0
DWIDTH 0 0
BBX 3 2 -6 10
BITMAP
A0
40
ENDCHAR
STARTCHAR linevertnosp
ENCODING 781
SWIDTH 0 0
DWIDTH 0 0
BBX 1 4 -4 9
BITMAP
80
80
80
80
ENDCHAR
STARTCHAR linevertdblnosp
ENCODING 782
SWIDTH 0 0
DWIDTH 0 0
BBX 2 4 -5 9
BITMAP
C0
C0
C0
C0
ENDCHAR
STARTCHAR uni030F
ENCODING 783
SWIDTH 0 0
DWIDTH 0 0
BBX 5 2 -7 10
BITMAP
D8
38
ENDCHAR
STARTCHAR candrabindunosp
ENCODING 784
SWIDTH 0 0
DWIDTH 0 0
BBX 5 3 -6 10
BITMAP
60
98
E0
ENDCHAR
STARTCHAR breveinvnosp
ENCODING 785
SWIDTH 0 0
DWIDTH 0 0
BBX 4 2 -6 10
BITMAP
40
90
ENDCHAR
STARTCHAR commaturnsupnosp
ENCODING 786
SWIDTH 0 0
DWIDTH 0 0
BBX 3 5 -5 8
BITMAP
40
60
C0
40
40
ENDCHAR
STARTCHAR uni0313
ENCODING 787
SWIDTH 0 0
DWIDTH 0 0
BBX 2 5 -5 8
BITMAP
80
80
80
C0
80
ENDCHAR
STARTCHAR commasuprevnosp
ENCODING 788
SWIDTH 0 0
DWIDTH 0 0
BBX 2 5 -5 8
BITMAP
80
80
80
C0
80
ENDCHAR
STARTCHAR uni0315
ENCODING 789
SWIDTH 0 0
DWIDTH 0 0
BBX 2 5 -1 8
BITMAP
80
80
80
C0
80
ENDCHAR
STARTCHAR gravesubnosp
ENCODING 790
SWIDTH 0 0
DWIDTH 0 0
BBX 3 3 -5 -3
BITMAP
C0
C0
20
ENDCHAR
STARTCHAR acutesubnosp
ENCODING 791
SWIDTH 0 0
DWIDTH 0 0
BBX 3 3 -5 -3
BITMAP
60
80
80
ENDCHAR
STARTCHAR tackleftsubnosp
ENCODING 792
SWIDTH 0 0
DWIDTH 0 0
BBX 3 3 -5 -3
BITMAP
40
E0
40
ENDCHAR
STARTCHAR tackrightsubnosp
ENCODING 793
SWIDTH 0 0
DWIDTH 0 0
BBX 3 3 -5 -3
BITMAP
80
E0
80
ENDCHAR
STARTCHAR anglesupnosp
ENCODING 794
SWIDTH 0 0
DWIDTH 0 0
BBX 5 3 -5 10
BITMAP
F8
08
08
ENDCHAR
STARTCHAR hornnosp
ENCODING 795
SWIDTH 0 0
DWIDTH 0 0
BBX 2 5 -2 8
BITMAP
80
80
80
C0
80
ENDCHAR
STARTCHAR ringlefthalfsubnosp
ENCODING 796
SWIDTH 0 0
DWIDTH 0 0
BBX 3 3 -5 -3
BITMAP
20
40
C0
ENDCHAR
STARTCHAR tackupsubnosp
ENCODING 797
SWIDTH 0 0
DWIDTH 0 0
BBX 3 3 -5 -3
BITMAP
40
40
E0
ENDCHAR
STARTCHAR tackdownsubnosp
ENCODING 798
SWIDTH 0 0
DWIDTH 0 0
BBX 3 3 -5 -3
BITMAP
E0
40
40
ENDCHAR
STARTCHAR plussubnosp
ENCODING 799
SWIDTH 0 0
DWIDTH 0 0
BBX 3 3 -5 -3
BITMAP
40
E0
40
ENDCHAR
STARTCHAR minussubnosp
ENCODING 800
SWIDTH 0 0
DWIDTH 0 0
BBX 4 1 -6 -2
BITMAP
F0
ENDCHAR
STARTCHAR hooksubpalatnosp
ENCODING 801
SWIDTH 0 0
DWIDTH 0 0
BBX 3 5 -4 -3
BITMAP
40
40
40
60
C0
ENDCHAR
STARTCHAR hooksubretronosp
ENCODING 802
SWIDTH 0 0
DWIDTH 0 0
BBX 3 5 -2 -3
BITMAP
40
40
40
C0
60
ENDCHAR
STARTCHAR dotbelow
ENCODING 803
SWIDTH 0 0
DWIDTH 0 0
BBX 2 1 -6 -2
BITMAP
C0
ENDCHAR
STARTCHAR dotdblsubnosp
ENCODING 804
SWIDTH 0 0
DWIDTH 0 0
BBX 6 1 -8 -2
BITMAP
CC
ENDCHAR
STARTCHAR ringsubnosp
ENCODING 805
SWIDTH 0 0
DWIDTH 0 0
BBX 3 3 -5 -3
BITMAP
E0
A0
E0
ENDCHAR
STARTCHAR uni0326
ENCODING 806
SWIDTH 0 0
DWIDTH 0 0
BBX 2 3 -4 -4
BITMAP
80
C0
C0
ENDCHAR
STARTCHAR cedillanosp
ENCODING 807
SWIDTH 0 0
DWIDTH 0 0
BBX 3 4 -5 -3
BITMAP
40
40
20
C0
ENDCHAR
STARTCHAR ogoneknosp
ENCODING 808
SWIDTH 0 0
DWIDTH 0 0
BBX 3 4 -5 -3
BITMAP
40
C0
80
E0
ENDCHAR
STARTCHAR linevertsubnosp
ENCODING 809
SWIDTH 0 0
DWIDTH 0 0
BBX 1 3 -4 -3
BITMAP
80
80
80
ENDCHAR
STARTCHAR bridgesubnosp
ENCODING 810
SWIDTH 0 0
DWIDTH 0 0
BBX 5 3 -6 -3
BITMAP
F8
88
88
ENDCHAR
STARTCHAR archdblsubnosp
ENCODING 811
SWIDTH 0 0
DWIDTH 0 0
BBX 7 2 -8 -2
BITMAP
92
FC
ENDCHAR
STARTCHAR uni032C
ENCODING 812
SWIDTH 0 0
DWIDTH 0 0
BBX 3 2 -6 -3
BITMAP
A0
40
ENDCHAR
STARTCHAR circumflexsubnosp
ENCODING 813
SWIDTH 0 0
DWIDTH 0 0
BBX 5 3 -6 -3
BITMAP
40
60
98
ENDCHAR
STARTCHAR brevesubnosp
ENCODING 814
SWIDTH 0 0
DWIDTH 0 0
BBX 5 2 -6 -2
BITMAP
98
F0
ENDCHAR
STARTCHAR breveinvsubnosp
ENCODING 815
SWIDTH 0 0
DWIDTH 0 0
BBX 3 2 -6 -2
BITMAP
40
E0
ENDCHAR
STARTCHAR tildesubnosp
ENCODING 816
SWIDTH 0 0
DWIDTH 0 0
BBX 5 2 -6 -2
BITMAP
48
F8
ENDCHAR
STARTCHAR macronsubnosp
ENCODING 817
SWIDTH 0 0
DWIDTH 0 0
BBX 6 1 -7 -2
BITMAP
FC
ENDCHAR
STARTCHAR underscorenosp
ENCODING 818
SWIDTH 0 0
DWIDTH 0 0
BBX 7 1 -7 -2
BITMAP
FE
ENDCHAR
STARTCHAR underscoredblnosp
ENCODING 819
SWIDTH 0 0
DWIDTH 0 0
BBX 7 3 -7 -3
BITMAP
FE
00
FE
ENDCHAR
STARTCHAR tildemidnosp
ENCODING 820
SWIDTH 0 0
DWIDTH 0 0
BBX 5 2 -6 4
BITMAP
48
F8
ENDCHAR
STARTCHAR barmidshortnosp
ENCODING 821
SWIDTH 0 0
DWIDTH 0 0
BBX 5 1 -7 4
BITMAP
F8
ENDCHAR
STARTCHAR barmidlongnosp
ENCODING 822
SWIDTH 0 0
DWIDTH 0 0
BBX 10 1 -9 4
BITMAP
FFC0
ENDCHAR
STARTCHAR slashshortnosp
ENCODING 823
SWIDTH 0 0
DWIDTH 0 0
BBX 5 11 -7 -1
BITMAP
08
08
10
10
20
20
40
40
80
80
80
ENDCHAR
STARTCHAR slashlongnosp
ENCODING 824
SWIDTH 0 0
DWIDTH 0 0
BBX 8 12 -9 0
BITMAP
01
02
04
04
08
08
10
20
20
40
80
80
ENDCHAR
STARTCHAR ringrighthalfsubnosp
ENCODING 825
SWIDTH 0 0
DWIDTH 0 0
BBX 2 3 -5 -3
BITMAP
80
40
C0
ENDCHAR
STARTCHAR bridgeinvsubnosp
ENCODING 826
SWIDTH 0 0
DWIDTH 0 0
BBX 5 3 -6 -3
BITMAP
88
88
F8
ENDCHAR
STARTCHAR squaresubnosp
ENCODING 827
SWIDTH 0 0
DWIDTH 0 0
BBX 4 3 -6 -3
BITMAP
70
90
70
ENDCHAR
STARTCHAR seagullsubnosp
ENCODING 828
SWIDTH 0 0
DWIDTH 0 0
BBX 5 2 -7 -2
BITMAP
50
F8
ENDCHAR
STARTCHAR xsupnosp
ENCODING 829
SWIDTH 0 0
DWIDTH 0 0
BBX 3 4 -5 10
BITMAP
A0
C0
C0
A0
ENDCHAR
STARTCHAR tildevertsupnosp
ENCODING 830
SWIDTH 0 0
DWIDTH 0 0
BBX 2 4 -4 9
BITMAP
C0
80
80
80
ENDCHAR
STARTCHAR overscoredblnosp
ENCODING 831
SWIDTH 0 0
DWIDTH 0 0
BBX 7 3 -7 12
BITMAP
FE
00
FE
ENDCHAR
STARTCHAR graveleftnosp
ENCODING 832
SWIDTH 0 0
DWIDTH 0 0
BBX 4 2 -1 10
BITMAP
C0
40
ENDCHAR
STARTCHAR acuterightnosp
ENCODING 833
SWIDTH 0 0
DWIDTH 0 0
BBX 4 2 -1 10
BITMAP
C0
80
ENDCHAR
STARTCHAR uni0342
ENCODING 834
SWIDTH 0 0
DWIDTH 0 0
BBX 5 2 -6 10
BITMAP
E8
B0
ENDCHAR
STARTCHAR uni0343
ENCODING 835
SWIDTH 0 0
DWIDTH 0 0
BBX 2 3 -5 10
BITMAP
40
40
C0
ENDCHAR
STARTCHAR diaeresistonosnosp
ENCODING 836
SWIDTH 0 0
DWIDTH 0 0
BBX 5 3 -7 10
BITMAP
20
B8
88
ENDCHAR
STARTCHAR iotasubnosp
ENCODING 837
SWIDTH 0 0
DWIDTH 0 0
BBX 1 4 -4 -4
BITMAP
80
80
80
80
ENDCHAR
STARTCHAR uni0346
ENCODING 838
SWIDTH 0 0
DWIDTH 0 0
BBX 5 3 -6 10
BITMAP
F8
88
88
ENDCHAR
STARTCHAR uni0347
ENCODING 839
SWIDTH 0 0
DWIDTH 0 0
BBX 4 3 -6 -3
BITMAP
F0
00
F0
ENDCHAR
STARTCHAR uni0348
ENCODING 840
SWIDTH 0 0
DWIDTH 0 0
BBX 3 3 -5 -3
BITMAP
A0
A0
A0
ENDCHAR
STARTCHAR uni0349
ENCODING 841
SWIDTH 0 0
DWIDTH 0 0
BBX 3 3 -5 -3
BITMAP
E0
20
20
ENDCHAR
STARTCHAR uni034A
ENCODING 842
SWIDTH 0 0
DWIDTH 0 0
BBX 5 3 -6 10
BITMAP
20
E8
F0
ENDCHAR
STARTCHAR uni034B
ENCODING 843
SWIDTH 0 0
DWIDTH 0 0
BBX 5 6 -7 9
BITMAP
20
60
48
B0
20
20
ENDCHAR
STARTCHAR uni034C
ENCODING 844
SWIDTH 0 0
DWIDTH 0 0
BBX 5 3 -6 10
BITMAP
F8
48
B0
ENDCHAR
STARTCHAR uni034D
ENCODING 845
SWIDTH 0 0
DWIDTH 0 0
BBX 5 4 -7 -4
BITMAP
50
88
88
50
ENDCHAR
STARTCHAR uni034E
ENCODING 846
SWIDTH 0 0
DWIDTH 0 0
BBX 5 4 -6 -4
BITMAP
20
70
A8
20
ENDCHAR
STARTCHAR uni034F
ENCODING 847
SWIDTH 0 0
DWIDTH 0 0
BBX 1 1 0 0
BITMAP
00
ENDCHAR
STARTCHAR uni0350
ENCODING 848
SWIDTH 0 0
DWIDTH 0 0
BBX 5 5 -6 10
BITMAP
C0
70
18
70
C0
ENDCHAR
STARTCHAR uni0351
ENCODING 849
SWIDTH 0 0
DWIDTH 0 0
BBX 2 3 -5 9
BITMAP
C0
80
C0
ENDCHAR
STARTCHAR uni0352
ENCODING 850
SWIDTH 0 0
DWIDTH 0 0
BBX 4 4 -6 10
BITMAP
40
E0
B0
40
ENDCHAR
STARTCHAR uni0353
ENCODING 851
SWIDTH 0 0
DWIDTH 0 0
BBX 3 4 -5 -4
BITMAP
A0
C0
E0
A0
ENDCHAR
STARTCHAR uni0354
ENCODING 852
SWIDTH 0 0
DWIDTH 0 0
BBX 4 4 -5 -4
BITMAP
60
C0
C0
10
ENDCHAR
STARTCHAR uni0355
ENCODING 853
SWIDTH 0 0
DWIDTH 0 0
BBX 4 4 -6 -4
BITMAP
40
30
70
80
ENDCHAR
STARTCHAR uni0356
ENCODING 854
SWIDTH 0 0
DWIDTH 0 0
BBX 8 4 -8 -4
BITMAP
46
35
75
85
ENDCHAR
STARTCHAR uni0357
ENCODING 855
SWIDTH 0 0
DWIDTH 0 0
BBX 1 3 -4 9
BITMAP
80
80
80
ENDCHAR
STARTCHAR uni0358
ENCODING 856
SWIDTH 195 0
DWIDTH 3 0
BBX 2 1 1 10
BITMAP
C0
ENDCHAR
STARTCHAR uni0359
ENCODING 857
SWIDTH 0 0
DWIDTH 0 0
BBX 3 4 -5 -4
BITMAP
40
E0
C0
C0
ENDCHAR
STARTCHAR uni035A
ENCODING 858
SWIDTH 0 0
DWIDTH 0 0
BBX 6 3 -7 -3
BITMAP
64
74
FC
ENDCHAR
STARTCHAR uni035B
ENCODING 859
SWIDTH 0 0
DWIDTH 0 0
BBX 3 3 -6 10
BITMAP
40
E0
20
ENDCHAR
STARTCHAR uni035C
ENCODING 860
SWIDTH 0 0
DWIDTH 0 0
BBX 10 3 -4 -3
BITMAP
8040
6180
7F00
ENDCHAR
STARTCHAR uni035D
ENCODING 861
SWIDTH 0 0
DWIDTH 0 0
BBX 10 2 -4 10
BITMAP
80C0
7F00
ENDCHAR
STARTCHAR uni035E
ENCODING 862
SWIDTH 0 0
DWIDTH 0 0
BBX 9 2 -4 10
BITMAP
FF80
FF80
ENDCHAR
STARTCHAR uni035F
ENCODING 863
SWIDTH 0 0
DWIDTH 0 0
BBX 9 1 -4 -2
BITMAP
FF80
ENDCHAR
STARTCHAR uni0360
ENCODING 864
SWIDTH 0 0
DWIDTH 0 0
BBX 14 2 -6 10
BITMAP
FE04
C0F8
ENDCHAR
STARTCHAR uni0361
ENCODING 865
SWIDTH 0 0
DWIDTH 0 0
BBX 6 2 -2 10
BITMAP
20
84
ENDCHAR
STARTCHAR uni0362
ENCODING 866
SWIDTH 0 0
DWIDTH 0 0
BBX 3 4 4 -4
BITMAP
80
20
60
80
ENDCHAR
STARTCHAR uni0363
ENCODING 867
SWIDTH 0 0
DWIDTH 0 0
BBX 4 4 -6 10
BITMAP
60
10
70
F0
ENDCHAR
STARTCHAR uni0364
ENCODING 868
SWIDTH 0 0
DWIDTH 0 0
BBX 5 4 -6 10
BITMAP
70
F0
80
78
ENDCHAR
STARTCHAR uni0365
ENCODING 869
SWIDTH 0 0
DWIDTH 0 0
BBX 1 6 -4 10
BITMAP
80
00
80
80
80
80
ENDCHAR
STARTCHAR uni0366
ENCODING 870
SWIDTH 0 0
DWIDTH 0 0
BBX 5 4 -6 10
BITMAP
70
70
88
78
ENDCHAR
STARTCHAR uni0367
ENCODING 871
SWIDTH 0 0
DWIDTH 0 0
BBX 4 4 -6 10
BITMAP
90
90
90
F0
ENDCHAR
STARTCHAR uni0368
ENCODING 872
SWIDTH 0 0
DWIDTH 0 0
BBX 4 4 -6 10
BITMAP
70
40
80
50
ENDCHAR
STARTCHAR uni0369
ENCODING 873
SWIDTH 0 0
DWIDTH 0 0
BBX 5 6 -6 10
BITMAP
10
10
78
D0
90
50
ENDCHAR
STARTCHAR uni036A
ENCODING 874
SWIDTH 0 0
DWIDTH 0 0
BBX 4 6 -6 10
BITMAP
80
80
60
B0
90
90
ENDCHAR
STARTCHAR uni036B
ENCODING 875
SWIDTH 0 0
DWIDTH 0 0
BBX 7 4 -7 10
BITMAP
64
9A
92
92
ENDCHAR
STARTCHAR uni036C
ENCODING 876
SWIDTH 0 0
DWIDTH 0 0
BBX 3 4 -5 10
BITMAP
60
80
80
80
ENDCHAR
STARTCHAR uni036D
ENCODING 877
SWIDTH 0 0
DWIDTH 0 0
BBX 3 5 -6 10
BITMAP
40
E0
40
40
60
ENDCHAR
STARTCHAR uni036E
ENCODING 878
SWIDTH 0 0
DWIDTH 0 0
BBX 3 4 -5 10
BITMAP
A0
A0
A0
C0
ENDCHAR
STARTCHAR uni036F
ENCODING 879
SWIDTH 0 0
DWIDTH 0 0
BBX 4 4 -6 10
BITMAP
F0
60
60
F0
ENDCHAR
STARTCHAR uni0370
ENCODING 880
SWIDTH 559 0
DWIDTH 9 0
BBX 7 12 2 0
BITMAP
80
80
80
80
80
FE
80
80
80
80
80
80
ENDCHAR
STARTCHAR uni0371
ENCODING 881
SWIDTH 479 0
DWIDTH 8 0
BBX 8 9 0 0
BITMAP
80
60
20
20
3F
20
20
20
20
ENDCHAR
STARTCHAR uni0372
ENCODING 882
SWIDTH 596 0
DWIDTH 10 0
BBX 9 12 0 0
BITMAP
FF80
4880
4880
4880
0800
0800
0800
0800
0800
0800
0800
0800
ENDCHAR
STARTCHAR uni0373
ENCODING 883
SWIDTH 462 0
DWIDTH 7 0
BBX 7 12 0 0
BITMAP
FE
56
56
56
10
10
10
10
10
10
10
10
ENDCHAR
STARTCHAR numeralgreek
ENCODING 884
SWIDTH 222 0
DWIDTH 4 0
BBX 2 3 2 10
BITMAP
40
80
80
ENDCHAR
STARTCHAR numeralgreeksub
ENCODING 885
SWIDTH 222 0
DWIDTH 4 0
BBX 2 3 2 -3
BITMAP
40
80
80
ENDCHAR
STARTCHAR uni0376
ENCODING 886
SWIDTH 713 0
DWIDTH 11 0
BBX 9 12 1 0
BITMAP
4180
4380
4380
4780
4780
4D80
5980
5980
7180
E180
6180
4180
ENDCHAR
STARTCHAR uni0377
ENCODING 887
SWIDTH 594 0
DWIDTH 10 0
BBX 9 9 1 0
BITMAP
4600
4700
4700
5B00
5300
5300
E300
6380
4300
ENDCHAR
STARTCHAR uni037A
ENCODING 890
SWIDTH 213 0
DWIDTH 3 0
BBX 1 4 2 -4
BITMAP
80
80
80
80
ENDCHAR
STARTCHAR uni037B
ENCODING 891
SWIDTH 523 0
DWIDTH 8 0
BBX 6 9 2 0
BITMAP
20
7C
CC
04
04
04
8C
FC
78
ENDCHAR
STARTCHAR uni037C
ENCODING 892
SWIDTH 523 0
DWIDTH 8 0
BBX 8 9 1 0
BITMAP
30
7C
63
40
58
C0
62
7E
3C
ENDCHAR
STARTCHAR uni037D
ENCODING 893
SWIDTH 523 0
DWIDTH 8 0
BBX 6 9 2 0
BITMAP
20
7C
CC
04
34
04
8C
FC
78
ENDCHAR
STARTCHAR questiongreek
ENCODING 894
SWIDTH 250 0
DWIDTH 4 0
BBX 2 11 2 -2
BITMAP
80
80
00
00
00
00
00
80
80
C0
80
ENDCHAR
STARTCHAR uni037F
ENCODING 895
SWIDTH 551 0
DWIDTH 9 0
BBX 8 12 0 0
BITMAP
02
02
02
02
02
02
02
02
42
C3
7E
3E
ENDCHAR
STARTCHAR tonos
ENCODING 900
SWIDTH 256 0
DWIDTH 4 0
BBX 2 3 1 10
BITMAP
C0
40
80
ENDCHAR
STARTCHAR dieresistonos
ENCODING 901
SWIDTH 505 0
DWIDTH 8 0
BBX 5 3 2 10
BITMAP
20
B8
88
ENDCHAR
STARTCHAR Alphatonos
ENCODING 902
SWIDTH 652 0
DWIDTH 10 0
BBX 11 13 0 0
BITMAP
2000
6C00
2C00
0E00
0A00
1100
1B00
1100
3F80
7F80
2080
60C0
C060
ENDCHAR
STARTCHAR anoteleia
ENCODING 903
SWIDTH 261 0
DWIDTH 4 0
BBX 2 2 1 5
BITMAP
C0
C0
ENDCHAR
STARTCHAR Epsilontonos
ENCODING 904
SWIDTH 568 0
DWIDTH 9 0
BBX 11 13 -2 0
BITMAP
C000
4FE0
8800
0800
0800
0800
0FC0
0800
0800
0800
0800
0FE0
0FE0
ENDCHAR
STARTCHAR Etatonos
ENCODING 905
SWIDTH 712 0
DWIDTH 11 0
BBX 12 13 -2 0
BITMAP
C000
4830
8830
0830
0830
0830
1FF0
0830
0830
0830
0830
0830
0830
ENDCHAR
STARTCHAR Iotatonos
ENCODING 906
SWIDTH 271 0
DWIDTH 4 0
BBX 5 13 -2 0
BITMAP
C0
48
88
08
08
08
08
08
08
08
08
08
08
ENDCHAR
STARTCHAR Omicrontonos
ENCODING 908
SWIDTH 697 0
DWIDTH 11 0
BBX 11 13 0 0
BITMAP
C000
4200
8F80
30C0
2040
3020
3020
3020
3020
3060
30C0
1F80
0F80
ENDCHAR
STARTCHAR Upsilontonos
ENCODING 910
SWIDTH 649 0
DWIDTH 10 0
BBX 13 13 -2 0
BITMAP
C000
5818
8C30
0C60
0660
06C0
03C0
0380
0100
0100
0100
0100
0100
ENDCHAR
STARTCHAR Omegatonos
ENCODING 911
SWIDTH 674 0
DWIDTH 11 0
BBX 11 13 0 0
BITMAP
C000
4200
8F80
30C0
30C0
6060
6060
6060
30C0
2040
1080
3FC0
3FC0
ENDCHAR
STARTCHAR iotadieresistonos
ENCODING 912
SWIDTH 323 0
DWIDTH 5 0
BBX 7 13 -1 0
BITMAP
10
54
C6
00
18
18
18
18
18
18
18
1C
0C
ENDCHAR
STARTCHAR Alpha
ENCODING 913
SWIDTH 652 0
DWIDTH 10 0
BBX 11 12 0 0
BITMAP
0C00
0C00
0E00
0A00
1100
1B00
1100
3F80
7F80
2080
60C0
C060
ENDCHAR
STARTCHAR Beta
ENCODING 914
SWIDTH 622 0
DWIDTH 10 0
BBX 8 12 1 0
BITMAP
F0
4E
43
41
43
FE
4C
41
43
43
FE
F0
ENDCHAR
STARTCHAR Gamma
ENCODING 915
SWIDTH 556 0
DWIDTH 9 0
BBX 7 12 1 0
BITMAP
FE
40
40
40
40
40
40
40
40
40
40
40
ENDCHAR
STARTCHAR Delta
ENCODING 916
SWIDTH 705 0
DWIDTH 11 0
BBX 11 12 0 0
BITMAP
0600
0E00
0600
0D00
0980
1100
3180
2080
3040
6060
7FE0
FFE0
ENDCHAR
STARTCHAR Epsilon
ENCODING 917
SWIDTH 568 0
DWIDTH 9 0
BBX 7 12 2 0
BITMAP
FE
80
80
80
80
FC
80
80
80
80
FE
FE
ENDCHAR
STARTCHAR Zeta
ENCODING 918
SWIDTH 598 0
DWIDTH 10 0
BBX 8 12 2 0
BITMAP
FF
06
06
0C
18
18
30
60
60
C0
FF
FF
ENDCHAR
STARTCHAR Eta
ENCODING 919
SWIDTH 712 0
DWIDTH 11 0
BBX 9 12 1 0
BITMAP
4180
4180
4180
4180
4180
FF80
4180
4180
4180
4180
4180
4180
ENDCHAR
STARTCHAR Theta
ENCODING 920
SWIDTH 680 0
DWIDTH 11 0
BBX 10 12 1 0
BITMAP
0400
1F00
6180
4180
C080
5E80
4080
C080
60C0
6180
3F00
1F00
ENDCHAR
STARTCHAR Iota
ENCODING 921
SWIDTH 271 0
DWIDTH 4 0
BBX 1 12 2 0
BITMAP
80
80
80
80
80
80
80
80
80
80
80
80
ENDCHAR
STARTCHAR Kappa
ENCODING 922
SWIDTH 626 0
DWIDTH 10 0
BBX 9 12 1 0
BITMAP
4180
4300
4600
4C00
5800
7000
F800
CC00
4600
4300
4180
4180
ENDCHAR
STARTCHAR Lambda
ENCODING 923
SWIDTH 655 0
DWIDTH 10 0
BBX 10 12 0 0
BITMAP
0C00
0C00
0E00
1E00
1B00
3300
3300
3180
6180
60C0
60C0
C0C0
ENDCHAR
STARTCHAR Mu
ENCODING 924
SWIDTH 873 0
DWIDTH 14 0
BBX 11 12 2 0
BITMAP
C060
C060
E0E0
A0A0
E120
A320
9120
9B20
8A20
8E20
8C20
8420
ENDCHAR
STARTCHAR Nu
ENCODING 925
SWIDTH 712 0
DWIDTH 11 0
BBX 9 12 1 0
BITMAP
C180
6180
7180
7180
5980
4D80
4D80
4780
4380
4380
4180
4180
ENDCHAR
STARTCHAR Xi
ENCODING 926
SWIDTH 570 0
DWIDTH 9 0
BBX 7 12 2 0
BITMAP
FE
00
00
00
00
FC
00
00
00
00
FE
FE
ENDCHAR
STARTCHAR Omicron
ENCODING 927
SWIDTH 687 0
DWIDTH 11 0
BBX 10 12 1 0
BITMAP
0400
1F00
6180
4180
C080
4080
4080
C080
60C0
6180
3F00
1F00
ENDCHAR
STARTCHAR Pi
ENCODING 928
SWIDTH 713 0
DWIDTH 11 0
BBX 9 12 1 0
BITMAP
FF80
4180
4180
4180
4180
4180
4180
4180
4180
4180
4180
4180
ENDCHAR
STARTCHAR Rho
ENCODING 929
SWIDTH 630 0
DWIDTH 10 0
BBX 7 12 2 0
BITMAP
F0
8E
86
82
82
86
FE
80
80
80
80
80
ENDCHAR
STARTCHAR Sigma
ENCODING 931
SWIDTH 570 0
DWIDTH 9 0
BBX 8 12 1 0
BITMAP
FF
60
60
30
18
0C
0C
18
30
60
FF
FF
ENDCHAR
STARTCHAR Tau
ENCODING 932
SWIDTH 596 0
DWIDTH 10 0
BBX 9 12 0 0
BITMAP
FF80
0800
0800
0800
0800
0800
0800
0800
0800
0800
0800
0800
ENDCHAR
STARTCHAR Upsilon
ENCODING 933
SWIDTH 600 0
DWIDTH 10 0
BBX 9 12 1 0
BITMAP
C180
C300
6300
6600
3600
3C00
1C00
0800
0800
0800
0800
0800
ENDCHAR
STARTCHAR Phi
ENCODING 934
SWIDTH 716 0
DWIDTH 11 0
BBX 10 12 2 0
BITMAP
0C00
0C00
7E00
FF80
CD80
8C80
8C80
CCC0
4D80
7F00
0C00
0C00
ENDCHAR
STARTCHAR Chi
ENCODING 935
SWIDTH 626 0
DWIDTH 10 0
BBX 10 12 0 0
BITMAP
6180
6180
3300
1B00
1E00
0E00
0E00
1E00
3300
3300
6180
C0C0
ENDCHAR
STARTCHAR Psi
ENCODING 936
SWIDTH 691 0
DWIDTH 11 0
BBX 10 12 1 0
BITMAP
4440
4440
4440
4440
4440
C4C0
64C0
3F80
1F00
0400
0400
0400
ENDCHAR
STARTCHAR Omega
ENCODING 937
SWIDTH 665 0
DWIDTH 11 0
BBX 9 12 1 0
BITMAP
0800
3E00
6180
C180
C180
C180
C180
C080
6100
2100
F780
F780
ENDCHAR
STARTCHAR Iotadieresis
ENCODING 938
SWIDTH 271 0
DWIDTH 4 0
BBX 6 14 0 0
BITMAP
CC
00
20
20
20
20
20
20
20
20
20
20
20
20
ENDCHAR
STARTCHAR Upsilondieresis
ENCODING 939
SWIDTH 600 0
DWIDTH 10 0
BBX 9 14 1 0
BITMAP
3600
0000
C180
C300
6300
6600
3600
3C00
1C00
0800
0800
0800
0800
0800
ENDCHAR
STARTCHAR alphatonos
ENCODING 940
SWIDTH 564 0
DWIDTH 9 0
BBX 9 13 1 0
BITMAP
0400
0800
0800
0000
1200
7E00
6200
C200
4200
4200
6200
7F00
3980
ENDCHAR
STARTCHAR epsilontonos
ENCODING 941
SWIDTH 539 0
DWIDTH 9 0
BBX 7 13 1 0
BITMAP
18
08
10
00
08
2C
C0
60
38
70
42
FE
7C
ENDCHAR
STARTCHAR etatonos
ENCODING 942
SWIDTH 566 0
DWIDTH 9 0
BBX 6 16 2 -3
BITMAP
10
10
20
00
90
DC
8C
8C
8C
8C
8C
8C
8C
0C
0C
0C
ENDCHAR
STARTCHAR iotatonos
ENCODING 943
SWIDTH 323 0
DWIDTH 5 0
BBX 3 13 3 0
BITMAP
80
C0
80
00
80
80
80
80
80
80
80
E0
60
ENDCHAR
STARTCHAR upsilondieresistonos
ENCODING 944
SWIDTH 545 0
DWIDTH 9 0
BBX 8 13 1 0
BITMAP
10
D4
C6
00
46
46
46
43
43
46
C6
7C
70
ENDCHAR
STARTCHAR alpha
ENCODING 945
SWIDTH 564 0
DWIDTH 9 0
BBX 9 9 1 0
BITMAP
1200
7E00
6200
C200
4200
4200
6200
7F00
3980
ENDCHAR
STARTCHAR beta
ENCODING 946
SWIDTH 592 0
DWIDTH 9 0
BBX 8 14 1 -2
BITMAP
30
7E
66
43
46
5C
4E
43
41
43
FE
7E
40
40
ENDCHAR
STARTCHAR gamma
ENCODING 947
SWIDTH 500 0
DWIDTH 8 0
BBX 8 12 0 -3
BITMAP
C2
43
22
64
26
14
1C
18
08
08
08
08
ENDCHAR
STARTCHAR delta
ENCODING 948
SWIDTH 566 0
DWIDTH 9 0
BBX 8 13 1 0
BITMAP
08
3C
60
20
38
1E
43
C3
43
43
63
3F
7C
ENDCHAR
STARTCHAR epsilon
ENCODING 949
SWIDTH 539 0
DWIDTH 9 0
BBX 7 9 1 0
BITMAP
08
2C
C0
60
38
70
42
FE
7C
ENDCHAR
STARTCHAR zeta
ENCODING 950
SWIDTH 518 0
DWIDTH 8 0
BBX 7 14 1 -2
BITMAP
FE
02
0C
18
10
20
20
60
40
40
38
1E
02
04
ENDCHAR
STARTCHAR eta
ENCODING 951
SWIDTH 566 0
DWIDTH 9 0
BBX 6 12 2 -3
BITMAP
90
DC
8C
8C
8C
8C
8C
8C
8C
0C
0C
0C
ENDCHAR
STARTCHAR theta
ENCODING 952
SWIDTH 569 0
DWIDTH 9 0
BBX 8 12 1 0
BITMAP
08
3E
66
C2
42
7F
42
42
C2
66
3E
1C
ENDCHAR
STARTCHAR iota
ENCODING 953
SWIDTH 323 0
DWIDTH 5 0
BBX 3 9 3 0
BITMAP
80
80
80
80
80
80
80
E0
60
ENDCHAR
STARTCHAR kappa
ENCODING 954
SWIDTH 556 0
DWIDTH 9 0
BBX 8 9 1 0
BITMAP
46
4C
4C
58
F0
58
4C
46
43
ENDCHAR
STARTCHAR lambda
ENCODING 955
SWIDTH 553 0
DWIDTH 9 0
BBX 9 12 0 0
BITMAP
6000
3000
1800
1800
1800
1C00
3600
3600
6600
6300
6300
C180
ENDCHAR
STARTCHAR uni03BC
ENCODING 956
SWIDTH 566 0
DWIDTH 9 0
BBX 7 12 1 -3
BITMAP
46
46
46
46
46
46
C6
FE
7E
40
40
40
ENDCHAR
STARTCHAR nu
ENCODING 957
SWIDTH 484 0
DWIDTH 8 0
BBX 7 9 0 0
BITMAP
C2
46
22
64
2C
14
38
18
08
ENDCHAR
STARTCHAR xi
ENCODING 958
SWIDTH 490 0
DWIDTH 8 0
BBX 6 15 2 -3
BITMAP
0C
7C
C0
80
F8
3C
C0
80
80
C0
E0
78
04
08
08
ENDCHAR
STARTCHAR omicron
ENCODING 959
SWIDTH 570 0
DWIDTH 9 0
BBX 8 9 1 0
BITMAP
30
7E
63
C3
43
C3
63
3F
1C
ENDCHAR
STARTCHAR pi
ENCODING 960
SWIDTH 595 0
DWIDTH 10 0
BBX 9 9 0 0
BITMAP
FF80
3100
3100
3100
3100
3100
3100
3380
3180
ENDCHAR
STARTCHAR rho
ENCODING 961
SWIDTH 566 0
DWIDTH 9 0
BBX 7 12 2 -3
BITMAP
60
FC
CC
84
84
86
8C
FC
FC
80
80
80
ENDCHAR
STARTCHAR sigma1
ENCODING 962
SWIDTH 537 0
DWIDTH 9 0
BBX 7 11 1 -2
BITMAP
30
7C
66
40
40
C0
60
78
0C
02
06
ENDCHAR
STARTCHAR sigma
ENCODING 963
SWIDTH 566 0
DWIDTH 9 0
BBX 8 9 1 0
BITMAP
0F
3C
63
C1
43
C3
63
3F
1C
ENDCHAR
STARTCHAR tau
ENCODING 964
SWIDTH 521 0
DWIDTH 8 0
BBX 7 9 2 0
BITMAP
FE
20
20
20
20
20
20
38
1C
ENDCHAR
STARTCHAR upsilon
ENCODING 965
SWIDTH 545 0
DWIDTH 9 0
BBX 8 9 1 0
BITMAP
46
46
46
43
43
46
C6
7C
70
ENDCHAR
STARTCHAR phi
ENCODING 966
SWIDTH 704 0
DWIDTH 11 0
BBX 11 12 1 -3
BITMAP
2200
6700
4CC0
CC60
4C60
CCC0
6CC0
7F80
0E00
0C00
0C00
0C00
ENDCHAR
STARTCHAR chi
ENCODING 967
SWIDTH 495 0
DWIDTH 8 0
BBX 8 9 0 0
BITMAP
63
66
3C
1C
18
3C
36
66
C3
ENDCHAR
STARTCHAR psi
ENCODING 968
SWIDTH 700 0
DWIDTH 11 0
BBX 11 12 1 -3
BITMAP
44C0
44C0
44C0
44C0
4460
C4C0
64C0
7F80
0E00
0400
0400
0400
ENDCHAR
STARTCHAR omega
ENCODING 969
SWIDTH 823 0
DWIDTH 13 0
BBX 12 9 1 0
BITMAP
6060
6060
C030
4220
4220
C220
6630
7FE0
38C0
ENDCHAR
STARTCHAR iotadieresis
ENCODING 970
SWIDTH 323 0
DWIDTH 5 0
BBX 6 12 0 0
BITMAP
48
CC
00
20
20
20
20
20
20
20
38
18
ENDCHAR
STARTCHAR upsilondieresis
ENCODING 971
SWIDTH 545 0
DWIDTH 9 0
BBX 8 12 1 0
BITMAP
44
6C
00
46
46
46
43
43
46
C6
7C
70
ENDCHAR
STARTCHAR omicrontonos
ENCODING 972
SWIDTH 570 0
DWIDTH 9 0
BBX 8 13 1 0
BITMAP
08
18
08
00
30
7E
63
C3
43
C3
63
3F
1C
ENDCHAR
STARTCHAR upsilontonos
ENCODING 973
SWIDTH 545 0
DWIDTH 9 0
BBX 8 13 1 0
BITMAP
08
10
10
00
46
46
46
43
43
46
C6
7C
70
ENDCHAR
STARTCHAR omegatonos
ENCODING 974
SWIDTH 823 0
DWIDTH 13 0
BBX 12 13 1 0
BITMAP
0300
0200
0200
0000
6060
6060
C030
4220
4220
C220
6630
7FE0
38C0
ENDCHAR
STARTCHAR uni03CF
ENCODING 975
SWIDTH 626 0
DWIDTH 10 0
BBX 9 14 1 -2
BITMAP
4180
4300
4600
4C00
5800
7000
F800
CC00
4600
4300
4180
4180
0300
0600
ENDCHAR
STARTCHAR beta1
ENCODING 976
SWIDTH 561 0
DWIDTH 9 0
BBX 8 13 1 0
BITMAP
18
3C
76
FE
7E
48
5E
61
C3
C3
43
7E
1E
ENDCHAR
STARTCHAR uni03D1
ENCODING 977
SWIDTH 578 0
DWIDTH 9 0
BBX 9 12 1 0
BITMAP
0800
1E00
2300
2300
3300
1380
4780
4300
4300
C600
7C00
7C00
ENDCHAR
STARTCHAR uni03D2
ENCODING 978
SWIDTH 532 0
DWIDTH 9 0
BBX 9 12 1 0
BITMAP
C180
C300
6600
6600
2400
1C00
1800
0800
0800
0800
0800
0800
ENDCHAR
STARTCHAR uni03D3
ENCODING 979
SWIDTH 581 0
DWIDTH 9 0
BBX 12 13 -2 0
BITMAP
C000
5830
8E30
0660
06C0
0340
0380
0180
0100
0100
0100
0100
0100
ENDCHAR
STARTCHAR uni03D4
ENCODING 980
SWIDTH 532 0
DWIDTH 9 0
BBX 9 14 1 0
BITMAP
6600
0000
C180
C300
6600
6600
2400
1C00
1800
0800
0800
0800
0800
0800
ENDCHAR
STARTCHAR phi1
ENCODING 981
SWIDTH 725 0
DWIDTH 12 0
BBX 10 15 2 -3
BITMAP
1800
1800
1800
3C00
FB80
D980
98C0
9880
98C0
D980
FF00
FF80
1800
1800
1800
ENDCHAR
STARTCHAR uni03D6
ENCODING 982
SWIDTH 785 0
DWIDTH 13 0
BBX 12 9 1 0
BITMAP
FFF0
6060
6030
6220
6220
6230
4660
7FE0
18C0
ENDCHAR
STARTCHAR uni03D7
ENCODING 983
SWIDTH 650 0
DWIDTH 10 0
BBX 11 12 0 -3
BITMAP
8180
6180
3380
1780
1D80
38C0
30C0
3040
6060
0060
01C0
01C0
ENDCHAR
STARTCHAR uni03D8
ENCODING 984
SWIDTH 687 0
DWIDTH 11 0
BBX 10 15 1 -3
BITMAP
0400
1F00
6180
4180
C080
4080
4080
C080
60C0
6180
3F80
0E00
0400
0400
0400
ENDCHAR
STARTCHAR uni03D9
ENCODING 985
SWIDTH 570 0
DWIDTH 9 0
BBX 8 12 1 -3
BITMAP
30
7E
63
C3
43
C3
63
7E
18
18
18
18
ENDCHAR
STARTCHAR Stigma
ENCODING 986
SWIDTH 650 0
DWIDTH 10 0
BBX 9 15 1 -3
BITMAP
0400
1F00
6180
4180
C000
4000
4000
C000
6000
7000
1E00
0600
0180
0180
0300
ENDCHAR
STARTCHAR stigma
ENCODING 987
SWIDTH 523 0
DWIDTH 8 0
BBX 8 11 1 -2
BITMAP
08
3E
63
40
40
C0
60
78
0E
02
06
ENDCHAR
STARTCHAR Digamma
ENCODING 988
SWIDTH 552 0
DWIDTH 9 0
BBX 7 12 2 0
BITMAP
FE
80
80
80
80
FC
FC
84
80
80
80
80
ENDCHAR
STARTCHAR digamma
ENCODING 989
SWIDTH 513 0
DWIDTH 8 0
BBX 7 12 1 -3
BITMAP
7E
40
40
40
FC
46
46
40
40
40
40
40
ENDCHAR
STARTCHAR Koppa
ENCODING 990
SWIDTH 613 0
DWIDTH 10 0
BBX 10 12 0 0
BITMAP
8000
E000
2080
2180
2700
3D80
7980
3300
2300
0300
01C0
0180
ENDCHAR
STARTCHAR koppa
ENCODING 991
SWIDTH 520 0
DWIDTH 8 0
BBX 7 12 2 0
BITMAP
60
60
60
C0
C0
FE
06
0C
0C
18
18
18
ENDCHAR
STARTCHAR Sampi
ENCODING 992
SWIDTH 753 0
DWIDTH 12 0
BBX 12 15 0 -3
BITMAP
0400
1F80
6040
60E0
C1E0
0630
1830
00F0
01B0
0330
0460
0060
0060
0380
0380
ENDCHAR
STARTCHAR sampi
ENCODING 993
SWIDTH 677 0
DWIDTH 11 0
BBX 10 16 1 -3
BITMAP
8000
E000
3000
1C00
0400
0E00
3300
6300
C180
0780
0D80
3180
20C0
00C0
00C0
0080
ENDCHAR
STARTCHAR kappa1
ENCODING 1008
SWIDTH 643 0
DWIDTH 10 0
BBX 10 9 0 0
BITMAP
8180
6180
3300
1780
1D80
3980
3180
31C0
61C0
ENDCHAR
STARTCHAR rho1
ENCODING 1009
SWIDTH 561 0
DWIDTH 9 0
BBX 8 12 1 -3
BITMAP
30
7E
63
41
43
C3
63
7E
40
20
1C
03
ENDCHAR
STARTCHAR uni03F2
ENCODING 1010
SWIDTH 523 0
DWIDTH 8 0
BBX 8 9 1 0
BITMAP
30
7C
63
40
40
C0
62
7E
3C
ENDCHAR
STARTCHAR uni03F3
ENCODING 1011
SWIDTH 238 0
DWIDTH 4 0
BBX 3 15 0 -3
BITMAP
40
40
00
40
40
40
40
40
40
40
40
40
40
60
C0
ENDCHAR
STARTCHAR uni03F4
ENCODING 1012
SWIDTH 680 0
DWIDTH 11 0
BBX 10 12 1 0
BITMAP
0400
1F00
6180
4180
C080
7FC0
7FC0
4080
60C0
6180
3F00
1F00
ENDCHAR
STARTCHAR uni03F5
ENCODING 1013
SWIDTH 449 0
DWIDTH 7 0
BBX 7 9 1 0
BITMAP
0C
70
60
40
F8
40
60
3E
0C
ENDCHAR
STARTCHAR uni03F6
ENCODING 1014
SWIDTH 449 0
DWIDTH 7 0
BBX 6 9 1 0
BITMAP
C0
38
18
08
7C
08
18
F8
C0
ENDCHAR
STARTCHAR uni03F7
ENCODING 1015
SWIDTH 590 0
DWIDTH 9 0
BBX 8 12 1 0
BITMAP
40
40
F0
FC
43
41
41
43
7E
40
40
40
ENDCHAR
STARTCHAR uni03F8
ENCODING 1016
SWIDTH 576 0
DWIDTH 9 0
BBX 6 15 2 -3
BITMAP
80
80
80
90
FC
8C
84
84
84
8C
FC
F8
80
80
80
ENDCHAR
STARTCHAR uni03F9
ENCODING 1017
SWIDTH 650 0
DWIDTH 10 0
BBX 9 12 1 0
BITMAP
0400
1F00
6180
4180
C000
4000
4000
C000
6180
6180
7F00
0F00
ENDCHAR
STARTCHAR uni03FA
ENCODING 1018
SWIDTH 873 0
DWIDTH 14 0
BBX 11 12 2 0
BITMAP
C060
C060
E0E0
A0A0
E120
A320
9120
9B20
8A20
8E20
8C20
8420
ENDCHAR
STARTCHAR uni03FB
ENCODING 1019
SWIDTH 725 0
DWIDTH 12 0
BBX 9 12 2 -3
BITMAP
C180
C180
C280
A280
B480
9C80
B880
9880
8880
8000
8000
8000
ENDCHAR
STARTCHAR uni03FC
ENCODING 1020
SWIDTH 599 0
DWIDTH 10 0
BBX 9 12 0 -3
BITMAP
0C00
1F00
3180
3080
3180
3180
3180
3F80
3F00
F800
3000
3000
ENDCHAR
STARTCHAR uni03FD
ENCODING 1021
SWIDTH 650 0
DWIDTH 10 0
BBX 9 12 1 0
BITMAP
0800
7E00
6180
C180
0180
0180
0180
0180
4180
6180
3F00
7E00
ENDCHAR
STARTCHAR uni03FE
ENCODING 1022
SWIDTH 650 0
DWIDTH 10 0
BBX 9 12 1 0
BITMAP
0400
1F00
6180
4180
C000
4800
4800
C000
6180
6180
7F00
0F00
ENDCHAR
STARTCHAR uni03FF
ENCODING 1023
SWIDTH 650 0
DWIDTH 10 0
BBX 9 12 1 0
BITMAP
0800
7E00
6180
C180
0180
0D80
0D80
0180
4180
6180
3F00
7E00
ENDCHAR
STARTCHAR uni0400
ENCODING 1024
SWIDTH 568 0
DWIDTH 9 0
BBX 7 15 2 0
BITMAP
60
30
00
FE
80
80
80
80
FC
80
80
80
80
FE
FE
ENDCHAR
STARTCHAR uni0401
ENCODING 1025
SWIDTH 568 0
DWIDTH 9 0
BBX 7 14 2 0
BITMAP
CC
00
FE
80
80
80
80
FC
80
80
80
80
FE
FE
ENDCHAR
STARTCHAR uni0402
ENCODING 1026
SWIDTH 749 0
DWIDTH 12 0
BBX 12 12 0 0
BITMAP
FF80
1800
1800
1800
1800
0F00
1840
1830
1830
1860
18E0
18E0
ENDCHAR
STARTCHAR uni0403
ENCODING 1027
SWIDTH 556 0
DWIDTH 9 0
BBX 7 15 1 0
BITMAP
0C
18
00
FE
40
40
40
40
40
40
40
40
40
40
40
ENDCHAR
STARTCHAR uni0404
ENCODING 1028
SWIDTH 673 0
DWIDTH 11 0
BBX 9 12 1 0
BITMAP
0400
1F00
6180
4180
C000
FC00
4000
C000
6180
6180
7F00
0F00
ENDCHAR
STARTCHAR uni0405
ENCODING 1029
SWIDTH 593 0
DWIDTH 9 0
BBX 8 12 2 0
BITMAP
0C
FE
C6
C0
C0
70
1C
06
83
C2
FE
3E
ENDCHAR
STARTCHAR uni0406
ENCODING 1030
SWIDTH 271 0
DWIDTH 4 0
BBX 1 12 2 0
BITMAP
80
80
80
80
80
80
80
80
80
80
80
80
ENDCHAR
STARTCHAR uni0407
ENCODING 1031
SWIDTH 271 0
DWIDTH 4 0
BBX 6 14 0 0
BITMAP
CC
00
20
20
20
20
20
20
20
20
20
20
20
20
ENDCHAR
STARTCHAR uni0408
ENCODING 1032
SWIDTH 551 0
DWIDTH 9 0
BBX 8 12 0 0
BITMAP
02
02
02
02
02
02
02
02
42
C3
7E
3E
ENDCHAR
STARTCHAR uni0409
ENCODING 1033
SWIDTH 1070 0
DWIDTH 17 0
BBX 17 12 0 0
BITMAP
1FC000
184000
184000
184000
184000
187800
184200
304180
104180
304300
E0FE00
807800
ENDCHAR
STARTCHAR uni040A
ENCODING 1034
SWIDTH 1080 0
DWIDTH 17 0
BBX 15 12 2 0
BITMAP
8300
8300
8300
8300
8300
FFE0
831C
8306
8304
8306
81FC
81E0
ENDCHAR
STARTCHAR uni040B
ENCODING 1035
SWIDTH 813 0
DWIDTH 13 0
BBX 12 12 0 0
BITMAP
FF80
1800
1800
1800
1900
0FE0
1860
1830
1820
1820
1820
1820
ENDCHAR
STARTCHAR uni040C
ENCODING 1036
SWIDTH 626 0
DWIDTH 10 0
BBX 9 15 1 0
BITMAP
0C00
1800
0000
4180
4300
4600
4C00
5800
7000
F800
CC00
4600
4300
4180
4180
ENDCHAR
STARTCHAR uni040D
ENCODING 1037
SWIDTH 712 0
DWIDTH 11 0
BBX 9 15 1 0
BITMAP
1800
1800
0000
4180
4380
4380
4780
4780
4D80
5980
5980
7180
E180
6180
4180
ENDCHAR
STARTCHAR uni040E
ENCODING 1038
SWIDTH 628 0
DWIDTH 10 0
BBX 9 15 1 0
BITMAP
1200
3200
0000
C180
6180
6180
3300
3300
1E00
1E00
0E00
0C00
0C00
3C00
3000
ENDCHAR
STARTCHAR uni040F
ENCODING 1039
SWIDTH 712 0
DWIDTH 11 0
BBX 9 14 1 -2
BITMAP
4180
4180
4180
4180
4180
4180
4180
4180
4180
4180
FF80
FF80
0800
0800
ENDCHAR
STARTCHAR uni0410
ENCODING 1040
SWIDTH 652 0
DWIDTH 10 0
BBX 11 12 0 0
BITMAP
0C00
0C00
0E00
0A00
1100
1B00
1100
3F80
7F80
2080
60C0
C060
ENDCHAR
STARTCHAR uni0411
ENCODING 1041
SWIDTH 630 0
DWIDTH 10 0
BBX 8 12 1 0
BITMAP
FE
40
40
40
40
78
47
43
41
43
7F
78
ENDCHAR
STARTCHAR uni0412
ENCODING 1042
SWIDTH 622 0
DWIDTH 10 0
BBX 8 12 1 0
BITMAP
F0
4E
43
41
43
FE
4C
41
43
43
FE
F0
ENDCHAR
STARTCHAR uni0413
ENCODING 1043
SWIDTH 556 0
DWIDTH 9 0
BBX 7 12 1 0
BITMAP
FE
40
40
40
40
40
40
40
40
40
40
40
ENDCHAR
STARTCHAR uni0414
ENCODING 1044
SWIDTH 751 0
DWIDTH 12 0
BBX 11 14 1 -2
BITMAP
3F80
1180
3180
3180
3180
3180
3180
3180
6180
6180
FFE0
8040
8040
8040
ENDCHAR
STARTCHAR uni0415
ENCODING 1045
SWIDTH 568 0
DWIDTH 9 0
BBX 7 12 2 0
BITMAP
FE
80
80
80
80
FC
80
80
80
80
FE
FE
ENDCHAR
STARTCHAR uni0416
ENCODING 1046
SWIDTH 907 0
DWIDTH 15 0
BBX 15 12 0 0
BITMAP
618C
318C
3198
19B0
19B0
0FE0
0DB0
19B0
3198
3198
618C
C186
ENDCHAR
STARTCHAR uni0417
ENCODING 1047
SWIDTH 593 0
DWIDTH 9 0
BBX 8 12 2 0
BITMAP
70
FC
C6
03
06
3E
0C
03
82
C3
FE
7C
ENDCHAR
STARTCHAR uni0418
ENCODING 1048
SWIDTH 712 0
DWIDTH 11 0
BBX 9 12 1 0
BITMAP
4180
4380
4380
4780
4780
4D80
5980
5980
7180
E180
6180
4180
ENDCHAR
STARTCHAR uni0419
ENCODING 1049
SWIDTH 712 0
DWIDTH 11 0
BBX 9 15 1 0
BITMAP
1300
1200
0000
4180
4380
4380
4780
4780
4D80
5980
5980
7180
E180
6180
4180
ENDCHAR
STARTCHAR uni041A
ENCODING 1050
SWIDTH 642 0
DWIDTH 10 0
BBX 8 12 2 0
BITMAP
83
86
8C
98
98
F0
B0
98
8C
86
83
83
ENDCHAR
STARTCHAR uni041B
ENCODING 1051
SWIDTH 707 0
DWIDTH 11 0
BBX 10 12 0 0
BITMAP
1FC0
1840
1840
1840
1840
1840
1840
3040
1040
3040
E040
8040
ENDCHAR
STARTCHAR uni041C
ENCODING 1052
SWIDTH 873 0
DWIDTH 14 0
BBX 11 12 2 0
BITMAP
C060
C060
E0E0
A0A0
E120
A320
9120
9B20
8A20
8E20
8C20
8420
ENDCHAR
STARTCHAR uni041D
ENCODING 1053
SWIDTH 712 0
DWIDTH 11 0
BBX 9 12 1 0
BITMAP
4180
4180
4180
4180
4180
FF80
4180
4180
4180
4180
4180
4180
ENDCHAR
STARTCHAR uni041E
ENCODING 1054
SWIDTH 687 0
DWIDTH 11 0
BBX 10 12 1 0
BITMAP
0400
1F00
6180
4180
C080
4080
4080
C080
60C0
6180
3F00
1F00
ENDCHAR
STARTCHAR uni041F
ENCODING 1055
SWIDTH 713 0
DWIDTH 11 0
BBX 9 12 1 0
BITMAP
FF80
4180
4180
4180
4180
4180
4180
4180
4180
4180
4180
4180
ENDCHAR
STARTCHAR uni0420
ENCODING 1056
SWIDTH 630 0
DWIDTH 10 0
BBX 7 12 2 0
BITMAP
F0
8E
86
82
82
86
FE
80
80
80
80
80
ENDCHAR
STARTCHAR uni0421
ENCODING 1057
SWIDTH 650 0
DWIDTH 10 0
BBX 9 12 1 0
BITMAP
0400
1F00
6180
4180
C000
4000
4000
C000
6180
6180
7F00
0F00
ENDCHAR
STARTCHAR uni0422
ENCODING 1058
SWIDTH 596 0
DWIDTH 10 0
BBX 9 12 0 0
BITMAP
FF80
0800
0800
0800
0800
0800
0800
0800
0800
0800
0800
0800
ENDCHAR
STARTCHAR uni0423
ENCODING 1059
SWIDTH 628 0
DWIDTH 10 0
BBX 9 12 1 0
BITMAP
C180
6180
6180
3300
3300
1E00
1E00
0E00
0C00
0C00
3C00
3000
ENDCHAR
STARTCHAR uni0424
ENCODING 1060
SWIDTH 771 0
DWIDTH 12 0
BBX 12 12 1 0
BITMAP
0200
0600
1FC0
6260
4220
4220
4220
C230
6260
3FC0
0200
0200
ENDCHAR
STARTCHAR uni0425
ENCODING 1061
SWIDTH 626 0
DWIDTH 10 0
BBX 10 12 0 0
BITMAP
6180
6180
3300
1B00
1E00
0E00
0E00
1E00
3300
3300
6180
C0C0
ENDCHAR
STARTCHAR uni0426
ENCODING 1062
SWIDTH 730 0
DWIDTH 12 0
BBX 10 14 1 -2
BITMAP
4180
4180
4180
4180
4180
4180
4180
4180
4180
4180
FFC0
FFC0
00C0
00C0
ENDCHAR
STARTCHAR uni0427
ENCODING 1063
SWIDTH 684 0
DWIDTH 11 0
BBX 8 12 2 0
BITMAP
81
81
81
81
81
C1
7F
01
01
01
01
01
ENDCHAR
STARTCHAR uni0428
ENCODING 1064
SWIDTH 940 0
DWIDTH 15 0
BBX 12 12 2 0
BITMAP
8620
8620
8620
8620
8620
8620
8620
8620
8620
8620
FFF0
FFF0
ENDCHAR
STARTCHAR uni0429
ENCODING 1065
SWIDTH 968 0
DWIDTH 16 0
BBX 13 14 2 -2
BITMAP
8620
8620
8620
8620
8620
8620
8620
8620
8620
8620
FFF8
FFF8
0008
0008
ENDCHAR
STARTCHAR uni042A
ENCODING 1066
SWIDTH 758 0
DWIDTH 12 0
BBX 12 12 0 0
BITMAP
F800
1800
1800
1800
1800
0F00
18E0
1830
1820
1830
0FE0
0F00
ENDCHAR
STARTCHAR uni042B
ENCODING 1067
SWIDTH 864 0
DWIDTH 14 0
BBX 11 12 2 0
BITMAP
8060
8060
8060
8060
8060
F060
8E60
8660
8260
8660
FE60
F060
ENDCHAR
STARTCHAR uni042C
ENCODING 1068
SWIDTH 627 0
DWIDTH 10 0
BBX 7 12 2 0
BITMAP
80
80
80
80
80
F0
8E
86
82
86
FE
F0
ENDCHAR
STARTCHAR uni042D
ENCODING 1069
SWIDTH 673 0
DWIDTH 11 0
BBX 9 12 1 0
BITMAP
0800
7E00
6180
C080
0180
1F80
0180
0180
4180
6180
3F00
7E00
ENDCHAR
STARTCHAR uni042E
ENCODING 1070
SWIDTH 894 0
DWIDTH 14 0
BBX 13 12 1 0
BITMAP
4080
43E0
4C30
4818
5810
F810
F810
5810
4C18
4C30
47E0
43E0
ENDCHAR
STARTCHAR uni042F
ENCODING 1071
SWIDTH 636 0
DWIDTH 10 0
BBX 9 12 1 0
BITMAP
0780
3900
6100
6100
6100
6100
1F80
3100
3100
6100
6100
C100
ENDCHAR
STARTCHAR uni0430
ENCODING 1072
SWIDTH 543 0
DWIDTH 9 0
BBX 8 9 1 0
BITMAP
30
6E
06
0E
3E
C6
46
7F
3F
ENDCHAR
STARTCHAR uni0431
ENCODING 1073
SWIDTH 552 0
DWIDTH 9 0
BBX 8 13 1 0
BITMAP
02
03
1E
38
20
48
63
C1
43
43
63
3F
7C
ENDCHAR
STARTCHAR uni0432
ENCODING 1074
SWIDTH 571 0
DWIDTH 9 0
BBX 8 9 1 0
BITMAP
70
4E
43
46
7C
4E
42
FE
F0
ENDCHAR
STARTCHAR uni0433
ENCODING 1075
SWIDTH 419 0
DWIDTH 7 0
BBX 5 9 2 0
BITMAP
F8
80
80
80
80
80
80
80
80
ENDCHAR
STARTCHAR uni0434
ENCODING 1076
SWIDTH 603 0
DWIDTH 10 0
BBX 10 11 0 -2
BITMAP
3F00
3300
3300
3300
1300
1300
3300
FF80
40C0
40C0
40C0
ENDCHAR
STARTCHAR uni0435
ENCODING 1077
SWIDTH 529 0
DWIDTH 8 0
BBX 7 9 2 0
BITMAP
60
FC
C6
84
FE
80
C4
7E
78
ENDCHAR
STARTCHAR uni0436
ENCODING 1078
SWIDTH 765 0
DWIDTH 12 0
BBX 12 9 0 0
BITMAP
6630
3660
3660
1EC0
1F80
36C0
3660
6630
C630
ENDCHAR
STARTCHAR uni0437
ENCODING 1079
SWIDTH 507 0
DWIDTH 8 0
BBX 6 9 2 0
BITMAP
20
68
04
0C
38
0C
8C
CC
F8
ENDCHAR
STARTCHAR uni0438
ENCODING 1080
SWIDTH 577 0
DWIDTH 9 0
BBX 8 9 1 0
BITMAP
46
47
47
5B
53
53
E3
63
43
ENDCHAR
STARTCHAR uni0439
ENCODING 1081
SWIDTH 577 0
DWIDTH 9 0
BBX 8 12 1 0
BITMAP
24
38
00
46
47
47
5B
53
53
E3
63
43
ENDCHAR
STARTCHAR uni043A
ENCODING 1082
SWIDTH 540 0
DWIDTH 9 0
BBX 8 9 1 0
BITMAP
46
4C
4C
58
F0
58
4C
46
43
ENDCHAR
STARTCHAR uni043B
ENCODING 1083
SWIDTH 578 0
DWIDTH 9 0
BBX 8 9 0 0
BITMAP
3F
13
13
13
23
23
33
63
83
ENDCHAR
STARTCHAR uni043C
ENCODING 1084
SWIDTH 741 0
DWIDTH 12 0
BBX 9 9 2 0
BITMAP
C180
C180
C280
A280
B480
9C80
B880
9880
8880
ENDCHAR
STARTCHAR uni043D
ENCODING 1085
SWIDTH 576 0
DWIDTH 9 0
BBX 8 9 1 0
BITMAP
43
43
43
43
FE
43
43
43
43
ENDCHAR
STARTCHAR uni043E
ENCODING 1086
SWIDTH 570 0
DWIDTH 9 0
BBX 8 9 1 0
BITMAP
30
7E
63
C3
43
C3
63
3F
1C
ENDCHAR
STARTCHAR uni043F
ENCODING 1087
SWIDTH 577 0
DWIDTH 9 0
BBX 8 9 1 0
BITMAP
FE
43
43
43
43
43
43
43
43
ENDCHAR
STARTCHAR uni0440
ENCODING 1088
SWIDTH 561 0
DWIDTH 9 0
BBX 6 12 2 -3
BITMAP
90
FC
8C
84
84
84
8C
FC
F8
80
80
80
ENDCHAR
STARTCHAR uni0441
ENCODING 1089
SWIDTH 523 0
DWIDTH 8 0
BBX 8 9 1 0
BITMAP
30
7C
63
40
40
C0
62
7E
3C
ENDCHAR
STARTCHAR uni0442
ENCODING 1090
SWIDTH 480 0
DWIDTH 8 0
BBX 7 9 1 0
BITMAP
FE
20
20
20
20
20
20
20
20
ENDCHAR
STARTCHAR uni0443
ENCODING 1091
SWIDTH 473 0
DWIDTH 8 0
BBX 8 12 0 -3
BITMAP
C3
66
62
64
2C
14
1C
18
08
10
30
70
ENDCHAR
STARTCHAR uni0444
ENCODING 1092
SWIDTH 725 0
DWIDTH 12 0
BBX 10 15 2 -3
BITMAP
1800
1800
1800
3C00
FB80
D980
98C0
9880
98C0
D980
FF00
FF00
1800
1800
1800
ENDCHAR
STARTCHAR uni0445
ENCODING 1093
SWIDTH 495 0
DWIDTH 8 0
BBX 8 9 0 0
BITMAP
63
66
3C
1C
18
3C
36
66
C3
ENDCHAR
STARTCHAR uni0446
ENCODING 1094
SWIDTH 592 0
DWIDTH 9 0
BBX 8 11 1 -2
BITMAP
43
43
43
43
43
43
43
FF
FF
03
03
ENDCHAR
STARTCHAR uni0447
ENCODING 1095
SWIDTH 543 0
DWIDTH 9 0
BBX 6 9 2 0
BITMAP
8C
8C
8C
8C
CC
FC
0C
0C
0C
ENDCHAR
STARTCHAR uni0448
ENCODING 1096
SWIDTH 808 0
DWIDTH 13 0
BBX 10 9 2 0
BITMAP
8840
8840
8840
8840
8840
8840
8840
FFC0
FFC0
ENDCHAR
STARTCHAR uni0449
ENCODING 1097
SWIDTH 827 0
DWIDTH 13 0
BBX 12 11 1 -2
BITMAP
4420
4420
4420
4420
4420
4420
4420
FFF0
FFF0
0030
0030
ENDCHAR
STARTCHAR uni044A
ENCODING 1098
SWIDTH 620 0
DWIDTH 10 0
BBX 10 9 0 0
BITMAP
F000
1800
1800
1E00
1980
18C0
1880
1FC0
1E00
ENDCHAR
STARTCHAR uni044B
ENCODING 1099
SWIDTH 776 0
DWIDTH 12 0
BBX 10 9 1 0
BITMAP
40C0
40C0
40C0
F0C0
4CC0
46C0
46C0
7EC0
F0C0
ENDCHAR
STARTCHAR uni044C
ENCODING 1100
SWIDTH 542 0
DWIDTH 9 0
BBX 7 9 1 0
BITMAP
40
40
40
F0
4C
46
46
7E
F0
ENDCHAR
STARTCHAR uni044D
ENCODING 1101
SWIDTH 537 0
DWIDTH 9 0
BBX 8 9 1 0
BITMAP
30
7E
C6
03
1F
03
46
7E
3C
ENDCHAR
STARTCHAR uni044E
ENCODING 1102
SWIDTH 815 0
DWIDTH 13 0
BBX 12 9 1 0
BITMAP
4100
47C0
4C60
4C20
F820
4C30
4C60
47E0
47C0
ENDCHAR
STARTCHAR uni044F
ENCODING 1103
SWIDTH 548 0
DWIDTH 9 0
BBX 8 9 0 0
BITMAP
0F
72
62
62
3F
32
62
62
C2
ENDCHAR
STARTCHAR uni0450
ENCODING 1104
SWIDTH 529 0
DWIDTH 8 0
BBX 7 12 2 0
BITMAP
60
10
00
60
FC
C6
84
FE
80
C4
7E
78
ENDCHAR
STARTCHAR uni0451
ENCODING 1105
SWIDTH 529 0
DWIDTH 8 0
BBX 7 12 2 0
BITMAP
68
68
00
60
FC
C6
84
FE
80
C4
7E
78
ENDCHAR
STARTCHAR uni0452
ENCODING 1106
SWIDTH 550 0
DWIDTH 9 0
BBX 9 15 0 -3
BITMAP
6000
F800
6000
6400
7F00
7300
6180
6180
6180
6180
6180
6180
0180
0300
0700
ENDCHAR
STARTCHAR uni0453
ENCODING 1107
SWIDTH 419 0
DWIDTH 7 0
BBX 5 12 2 0
BITMAP
30
40
00
F8
80
80
80
80
80
80
80
80
ENDCHAR
STARTCHAR uni0454
ENCODING 1108
SWIDTH 537 0
DWIDTH 9 0
BBX 8 9 1 0
BITMAP
30
7C
63
40
F8
40
62
7E
3C
ENDCHAR
STARTCHAR uni0455
ENCODING 1109
SWIDTH 515 0
DWIDTH 8 0
BBX 6 9 2 0
BITMAP
20
5C
CC
C0
78
0C
8C
FC
78
ENDCHAR
STARTCHAR uni0456
ENCODING 1110
SWIDTH 242 0
DWIDTH 4 0
BBX 2 12 1 0
BITMAP
40
40
00
C0
C0
C0
C0
C0
C0
C0
C0
C0
ENDCHAR
STARTCHAR uni0457
ENCODING 1111
SWIDTH 247 0
DWIDTH 4 0
BBX 4 12 0 0
BITMAP
90
90
00
40
40
40
40
40
40
40
40
40
ENDCHAR
STARTCHAR uni0458
ENCODING 1112
SWIDTH 238 0
DWIDTH 4 0
BBX 3 15 0 -3
BITMAP
40
40
00
40
40
40
40
40
40
40
40
40
40
60
C0
ENDCHAR
STARTCHAR uni0459
ENCODING 1113
SWIDTH 848 0
DWIDTH 14 0
BBX 13 9 0 0
BITMAP
1F00
1100
1100
13C0
2130
3118
3118
61F8
83C0
ENDCHAR
STARTCHAR uni045A
ENCODING 1114
SWIDTH 861 0
DWIDTH 14 0
BBX 13 9 1 0
BITMAP
4300
4300
4300
FF80
4330
4318
4310
43F0
43C0
ENDCHAR
STARTCHAR uni045B
ENCODING 1115
SWIDTH 566 0
DWIDTH 9 0
BBX 8 12 0 0
BITMAP
60
F8
60
64
3F
33
63
63
63
63
63
63
ENDCHAR
STARTCHAR uni045C
ENCODING 1116
SWIDTH 540 0
DWIDTH 9 0
BBX 8 12 1 0
BITMAP
18
10
00
46
4C
4C
58
F0
58
4C
46
43
ENDCHAR
STARTCHAR uni045D
ENCODING 1117
SWIDTH 577 0
DWIDTH 9 0
BBX 8 12 1 0
BITMAP
30
10
00
46
47
47
5B
53
53
E3
63
43
ENDCHAR
STARTCHAR uni045E
ENCODING 1118
SWIDTH 473 0
DWIDTH 8 0
BBX 8 15 0 -3
BITMAP
32
1C
00
C3
66
62
64
2C
14
1C
18
08
10
30
70
ENDCHAR
STARTCHAR uni045F
ENCODING 1119
SWIDTH 577 0
DWIDTH 9 0
BBX 8 11 1 -2
BITMAP
43
43
43
43
43
43
43
FE
FE
10
10
ENDCHAR
STARTCHAR uni0460
ENCODING 1120
SWIDTH 878 0
DWIDTH 14 0
BBX 12 12 1 0
BITMAP
4630
4630
4630
4630
4630
4630
4630
4630
4630
C630
7FE0
79E0
ENDCHAR
STARTCHAR uni0461
ENCODING 1121
SWIDTH 770 0
DWIDTH 12 0
BBX 10 9 2 0
BITMAP
8C40
8C40
8C40
8C40
8C40
8C40
8C40
FFC0
F780
ENDCHAR
STARTCHAR uni0462
ENCODING 1122
SWIDTH 627 0
DWIDTH 10 0
BBX 10 12 0 0
BITMAP
2000
2000
F800
2000
2000
3C00
2380
20C0
20C0
20C0
3F80
3C00
ENDCHAR
STARTCHAR uni0463
ENCODING 1123
SWIDTH 541 0
DWIDTH 9 0
BBX 8 13 1 0
BITMAP
60
60
60
F8
60
60
60
78
62
62
62
7F
78
ENDCHAR
STARTCHAR uni0464
ENCODING 1124
SWIDTH 895 0
DWIDTH 14 0
BBX 13 12 1 0
BITMAP
4080
47E0
4C30
4C30
5800
FF80
5800
5800
4C18
4C30
4FE0
41E0
ENDCHAR
STARTCHAR uni0465
ENCODING 1125
SWIDTH 746 0
DWIDTH 12 0
BBX 10 9 1 0
BITMAP
4100
47C0
4CC0
4800
FF00
4800
4C40
4FC0
4780
ENDCHAR
STARTCHAR uni0466
ENCODING 1126
SWIDTH 602 0
DWIDTH 10 0
BBX 10 12 0 0
BITMAP
0C00
0C00
1A00
0E00
1300
3100
1300
3F80
6480
6580
64C0
C4C0
ENDCHAR
STARTCHAR uni0467
ENCODING 1127
SWIDTH 534 0
DWIDTH 9 0
BBX 7 9 1 0
BITMAP
18
18
38
28
44
7E
5A
DE
9A
ENDCHAR
STARTCHAR uni0468
ENCODING 1128
SWIDTH 880 0
DWIDTH 14 0
BBX 13 12 2 0
BITMAP
4180
41C0
4380
4240
4360
4240
4420
FFE0
44A0
4CB0
5898
5898
ENDCHAR
STARTCHAR uni0469
ENCODING 1129
SWIDTH 755 0
DWIDTH 12 0
BBX 10 9 2 0
BITMAP
8600
8600
8B00
9A00
9300
FF80
9680
A6C0
E640
ENDCHAR
STARTCHAR uni046A
ENCODING 1130
SWIDTH 852 0
DWIDTH 14 0
BBX 11 12 2 0
BITMAP
7FC0
6180
3180
3300
1E00
1E00
EDC0
C460
8420
8420
8420
8420
ENDCHAR
STARTCHAR uni046B
ENCODING 1131
SWIDTH 734 0
DWIDTH 12 0
BBX 9 9 2 0
BITMAP
7F00
6600
3600
3400
1C00
8980
8880
8880
8880
ENDCHAR
STARTCHAR uni046C
ENCODING 1132
SWIDTH 1126 0
DWIDTH 18 0
BBX 16 12 1 0
BITMAP
43FE
430C
418C
4198
40D8
FFF0
476E
4663
4C61
4C61
4C61
4C61
ENDCHAR
STARTCHAR uni046D
ENCODING 1133
SWIDTH 977 0
DWIDTH 16 0
BBX 12 9 2 0
BITMAP
87F0
8660
8360
8180
FFC0
8E90
9890
8890
8890
ENDCHAR
STARTCHAR uni046E
ENCODING 1134
SWIDTH 517 0
DWIDTH 8 0
BBX 6 18 2 -3
BITMAP
28
10
00
E0
38
0C
04
0C
78
30
04
0C
0C
38
F8
C0
80
C0
ENDCHAR
STARTCHAR uni046F
ENCODING 1135
SWIDTH 481 0
DWIDTH 8 0
BBX 6 16 2 -3
BITMAP
88
50
00
00
E0
18
08
18
78
3C
04
38
F8
C0
80
C0
ENDCHAR
STARTCHAR uni0470
ENCODING 1136
SWIDTH 691 0
DWIDTH 11 0
BBX 10 12 1 0
BITMAP
4440
4440
4440
4440
4440
C4C0
64C0
3F80
1F00
0400
0400
0400
ENDCHAR
STARTCHAR uni0471
ENCODING 1137
SWIDTH 700 0
DWIDTH 11 0
BBX 11 12 1 -3
BITMAP
44C0
44C0
44C0
44C0
4460
C4C0
64C0
7F80
0E00
0400
0400
0400
ENDCHAR
STARTCHAR uni0472
ENCODING 1138
SWIDTH 680 0
DWIDTH 11 0
BBX 10 12 1 0
BITMAP
0400
1F00
6180
4180
C080
7FC0
7FC0
4080
60C0
6180
3F00
1F00
ENDCHAR
STARTCHAR uni0473
ENCODING 1139
SWIDTH 567 0
DWIDTH 9 0
BBX 8 9 1 0
BITMAP
30
7E
63
43
FF
43
63
3F
1C
ENDCHAR
STARTCHAR uni0474
ENCODING 1140
SWIDTH 629 0
DWIDTH 10 0
BBX 10 12 0 0
BITMAP
C040
60C0
6180
6180
3300
1100
3200
1600
0A00
1C00
0C00
0400
ENDCHAR
STARTCHAR uni0475
ENCODING 1141
SWIDTH 501 0
DWIDTH 8 0
BBX 8 9 0 0
BITMAP
C3
66
24
66
24
18
18
18
08
ENDCHAR
STARTCHAR uni0476
ENCODING 1142
SWIDTH 629 0
DWIDTH 10 0
BBX 10 14 0 0
BITMAP
3400
1400
C040
60C0
6180
6180
3300
1100
3200
1600
0A00
1C00
0C00
0400
ENDCHAR
STARTCHAR uni0477
ENCODING 1143
SWIDTH 501 0
DWIDTH 8 0
BBX 8 12 1 0
BITMAP
F0
48
00
83
46
CC
44
28
78
28
30
10
ENDCHAR
STARTCHAR uni0478
ENCODING 1144
SWIDTH 1160 0
DWIDTH 19 0
BBX 18 15 1 -3
BITMAP
040000
1F0000
618000
4198C0
C098C0
409980
408D00
C08980
60CD00
618700
3F0600
1F0200
000400
000600
001800
ENDCHAR
STARTCHAR uni0479
ENCODING 1145
SWIDTH 1043 0
DWIDTH 17 0
BBX 16 12 1 -3
BITMAP
3063
7E62
6333
C326
4334
C31E
631C
3F0C
1C0C
0008
0018
0030
ENDCHAR
STARTCHAR uni047A
ENCODING 1146
SWIDTH 680 0
DWIDTH 11 0
BBX 10 14 1 -1
BITMAP
0400
0400
3F00
2100
6180
C080
4080
4080
C080
60C0
4080
3F80
0E00
0400
ENDCHAR
STARTCHAR uni047B
ENCODING 1147
SWIDTH 566 0
DWIDTH 9 0
BBX 8 10 1 0
BITMAP
18
18
7E
63
43
43
C3
62
7E
18
ENDCHAR
STARTCHAR uni047C
ENCODING 1148
SWIDTH 875 0
DWIDTH 14 0
BBX 12 15 1 0
BITMAP
0E00
0DC0
0300
1380
6070
6030
C030
4030
4630
4630
4630
4630
C630
7FE0
79E0
ENDCHAR
STARTCHAR uni047D
ENCODING 1149
SWIDTH 767 0
DWIDTH 12 0
BBX 11 12 1 0
BITMAP
0E00
1B80
0200
1500
60E0
C060
4020
4620
4620
C640
7FC0
77C0
ENDCHAR
STARTCHAR uni047E
ENCODING 1150
SWIDTH 878 0
DWIDTH 14 0
BBX 12 14 1 0
BITMAP
0200
0000
4630
4630
4630
4630
4630
4630
4630
4630
4630
C630
7FE0
79E0
ENDCHAR
STARTCHAR uni047F
ENCODING 1151
SWIDTH 770 0
DWIDTH 12 0
BBX 10 12 2 0
BITMAP
3F00
0C00
0000
8C40
8C40
8C40
8C40
8C40
8C40
8C40
FFC0
F780
ENDCHAR
STARTCHAR uni0480
ENCODING 1152
SWIDTH 649 0
DWIDTH 10 0
BBX 9 14 1 -2
BITMAP
0800
1F00
6180
C180
C000
4000
4000
4000
6000
6000
3C00
0C00
0800
0800
ENDCHAR
STARTCHAR uni0481
ENCODING 1153
SWIDTH 534 0
DWIDTH 9 0
BBX 7 11 1 -2
BITMAP
30
7C
66
40
40
C0
60
78
18
08
08
ENDCHAR
STARTCHAR uni0482
ENCODING 1154
SWIDTH 623 0
DWIDTH 10 0
BBX 8 11 2 0
BITMAP
02
24
3C
0C
0E
B1
E0
70
58
40
C0
ENDCHAR
STARTCHAR uni0483
ENCODING 1155
SWIDTH 0 0
DWIDTH 0 0
BBX 5 2 -6 10
BITMAP
F8
80
ENDCHAR
STARTCHAR uni0484
ENCODING 1156
SWIDTH 0 0
DWIDTH 0 0
BBX 5 2 -6 11
BITMAP
10
F8
ENDCHAR
STARTCHAR uni0485
ENCODING 1157
SWIDTH 0 0
DWIDTH 0 0
BBX 1 2 -4 11
BITMAP
80
80
ENDCHAR
STARTCHAR uni0486
ENCODING 1158
SWIDTH 0 0
DWIDTH 0 0
BBX 2 2 -4 11
BITMAP
C0
80
ENDCHAR
STARTCHAR uni0487
ENCODING 1159
SWIDTH 0 0
DWIDTH 0 0
BBX 6 2 -7 11
BITMAP
40
BC
ENDCHAR
STARTCHAR uni0488
ENCODING 1160
SWIDTH 0 0
DWIDTH 0 0
BBX 14 14 -11 -2
BITMAP
0200
0300
2010
5028
0000
0000
4008
A00C
0000
0000
2010
5028
0200
0300
ENDCHAR
STARTCHAR uni0489
ENCODING 1161
SWIDTH 0 0
DWIDTH 0 0
BBX 14 15 -11 -3
BITMAP
0100
0200
2610
2030
2000
0000
0000
C01C
0000
0000
0020
3030
4210
0200
0200
ENDCHAR
STARTCHAR uni048A
ENCODING 1162
SWIDTH 754 0
DWIDTH 12 0
BBX 11 17 1 -2
BITMAP
1300
1200
0000
4180
4380
4380
4780
4780
4D80
5980
5980
7180
E180
60E0
40E0
0040
00C0
ENDCHAR
STARTCHAR uni048B
ENCODING 1163
SWIDTH 615 0
DWIDTH 10 0
BBX 9 14 1 -2
BITMAP
2400
3800
0000
4600
4700
4700
5B00
5300
5300
E300
6380
4380
0100
0300
ENDCHAR
STARTCHAR uni048C
ENCODING 1164
SWIDTH 627 0
DWIDTH 10 0
BBX 10 12 0 0
BITMAP
2000
2000
F800
2000
2000
3C00
2380
20C0
20C0
20C0
3F80
3C00
ENDCHAR
STARTCHAR uni048D
ENCODING 1165
SWIDTH 541 0
DWIDTH 9 0
BBX 8 13 1 0
BITMAP
60
F8
60
60
60
60
60
78
62
62
62
7F
78
ENDCHAR
STARTCHAR uni048E
ENCODING 1166
SWIDTH 638 0
DWIDTH 10 0
BBX 9 12 1 0
BITMAP
7800
4700
4300
4180
4500
4380
FF00
4100
4000
4000
4000
4000
ENDCHAR
STARTCHAR uni048F
ENCODING 1167
SWIDTH 566 0
DWIDTH 9 0
BBX 6 12 2 -3
BITMAP
90
FC
8C
84
84
8C
9C
FC
FC
80
80
80
ENDCHAR
STARTCHAR uni0490
ENCODING 1168
SWIDTH 548 0
DWIDTH 9 0
BBX 7 14 1 0
BITMAP
02
02
FE
40
40
40
40
40
40
40
40
40
40
40
ENDCHAR
STARTCHAR uni0491
ENCODING 1169
SWIDTH 445 0
DWIDTH 7 0
BBX 5 11 2 0
BITMAP
08
08
F8
80
80
80
80
80
80
80
80
ENDCHAR
STARTCHAR uni0492
ENCODING 1170
SWIDTH 556 0
DWIDTH 9 0
BBX 9 12 0 0
BITMAP
3F80
3000
3000
3000
3000
F800
3000
3000
3000
3000
3000
3000
ENDCHAR
STARTCHAR uni0493
ENCODING 1171
SWIDTH 419 0
DWIDTH 7 0
BBX 7 9 0 0
BITMAP
7E
60
60
60
F8
60
60
60
60
ENDCHAR
STARTCHAR uni0494
ENCODING 1172
SWIDTH 606 0
DWIDTH 10 0
BBX 8 14 1 -2
BITMAP
FE
40
40
40
40
E0
4E
43
41
43
43
43
02
0E
ENDCHAR
STARTCHAR uni0495
ENCODING 1173
SWIDTH 502 0
DWIDTH 8 0
BBX 6 11 2 -2
BITMAP
F8
80
80
C0
F8
88
84
84
88
0C
18
ENDCHAR
STARTCHAR uni0496
ENCODING 1174
SWIDTH 954 0
DWIDTH 15 0
BBX 15 14 0 -2
BITMAP
618C
318C
3198
19B0
19B0
0FE0
0DB0
19B0
3198
3198
618E
C18E
0006
0006
ENDCHAR
STARTCHAR uni0497
ENCODING 1175
SWIDTH 797 0
DWIDTH 13 0
BBX 13 11 0 -2
BITMAP
6630
3660
3660
1EC0
1F80
36C0
3660
6638
C618
0008
0008
ENDCHAR
STARTCHAR uni0498
ENCODING 1176
SWIDTH 593 0
DWIDTH 9 0
BBX 8 15 2 -3
BITMAP
70
FC
C6
03
06
3E
0C
03
82
C3
FE
7C
18
18
18
ENDCHAR
STARTCHAR uni0499
ENCODING 1177
SWIDTH 507 0
DWIDTH 8 0
BBX 6 12 2 -3
BITMAP
20
68
04
0C
38
0C
8C
CC
F8
20
20
20
ENDCHAR
STARTCHAR uni049A
ENCODING 1178
SWIDTH 700 0
DWIDTH 11 0
BBX 9 14 2 -2
BITMAP
8300
8600
8C00
9800
9800
F000
B000
9800
8C00
8600
8380
8180
0100
0100
ENDCHAR
STARTCHAR uni049B
ENCODING 1179
SWIDTH 589 0
DWIDTH 9 0
BBX 9 11 1 -2
BITMAP
4600
4C00
4C00
5800
F000
5800
4C00
4700
4380
0180
0180
ENDCHAR
STARTCHAR uni049C
ENCODING 1180
SWIDTH 629 0
DWIDTH 10 0
BBX 8 12 2 0
BITMAP
83
86
86
AC
AC
F8
B8
AC
86
86
83
83
ENDCHAR
STARTCHAR uni049D
ENCODING 1181
SWIDTH 561 0
DWIDTH 9 0
BBX 7 9 2 0
BITMAP
86
8C
AC
A8
F8
B8
8C
86
86
ENDCHAR
STARTCHAR uni049E
ENCODING 1182
SWIDTH 652 0
DWIDTH 10 0
BBX 11 12 0 0
BITMAP
20C0
20C0
F980
2300
2600
3C00
2600
2300
2180
2180
20C0
2060
ENDCHAR
STARTCHAR uni049F
ENCODING 1183
SWIDTH 519 0
DWIDTH 8 0
BBX 9 12 -1 0
BITMAP
1000
F800
1000
1180
1300
1600
3C00
3C00
1600
1300
1180
1180
ENDCHAR
STARTCHAR uni04A0
ENCODING 1184
SWIDTH 818 0
DWIDTH 13 0
BBX 12 12 2 0
BITMAP
F860
1060
10C0
1180
1300
1E00
1300
1180
10C0
10C0
1060
1030
ENDCHAR
STARTCHAR uni04A1
ENCODING 1185
SWIDTH 688 0
DWIDTH 11 0
BBX 11 9 0 0
BITMAP
F8C0
18C0
1980
1B00
0F00
1980
1980
18C0
1860
ENDCHAR
STARTCHAR uni04A2
ENCODING 1186
SWIDTH 749 0
DWIDTH 12 0
BBX 11 14 1 -2
BITMAP
4180
4180
4180
4180
4180
FF80
4180
4180
4180
4180
40E0
40E0
0060
0060
ENDCHAR
STARTCHAR uni04A3
ENCODING 1187
SWIDTH 605 0
DWIDTH 10 0
BBX 9 11 1 -2
BITMAP
4300
4300
4300
4300
FE00
4300
4300
4380
4380
0100
0100
ENDCHAR
STARTCHAR uni04A4
ENCODING 1188
SWIDTH 976 0
DWIDTH 16 0
BBX 14 12 1 0
BITMAP
41FC
4180
4180
4180
4180
FF80
4180
4180
4180
4180
4180
4180
ENDCHAR
STARTCHAR uni04A5
ENCODING 1189
SWIDTH 712 0
DWIDTH 11 0
BBX 10 9 1 0
BITMAP
47C0
4300
4300
4300
FE00
4300
4300
4300
4300
ENDCHAR
STARTCHAR uni04A6
ENCODING 1190
SWIDTH 1023 0
DWIDTH 16 0
BBX 15 14 1 -2
BITMAP
FF80
4180
4180
4180
4180
40C0
41B8
418C
4184
4184
4184
4186
0004
001C
ENDCHAR
STARTCHAR uni04A7
ENCODING 1191
SWIDTH 869 0
DWIDTH 14 0
BBX 13 11 1 -2
BITMAP
FE00
4300
4300
4380
43F0
4310
4310
4310
4318
0010
0030
ENDCHAR
STARTCHAR uni04A8
ENCODING 1192
SWIDTH 741 0
DWIDTH 12 0
BBX 11 12 1 0
BITMAP
0900
33C0
6660
C440
C440
C440
C440
CC60
6660
66C0
3FE0
1FE0
ENDCHAR
STARTCHAR uni04A9
ENCODING 1193
SWIDTH 603 0
DWIDTH 10 0
BBX 9 9 1 0
BITMAP
1400
6F00
D980
4900
4900
D980
6F00
3F80
3D80
ENDCHAR
STARTCHAR uni04AA
ENCODING 1194
SWIDTH 650 0
DWIDTH 10 0
BBX 9 15 1 -3
BITMAP
0400
1F00
6180
4180
C000
4000
4000
C000
6180
6180
7F00
0F00
0800
0800
0800
ENDCHAR
STARTCHAR uni04AB
ENCODING 1195
SWIDTH 523 0
DWIDTH 8 0
BBX 8 12 1 -3
BITMAP
30
7C
63
40
40
C0
62
7E
3C
10
10
10
ENDCHAR
STARTCHAR uni04AC
ENCODING 1196
SWIDTH 596 0
DWIDTH 10 0
BBX 9 14 0 -2
BITMAP
FF80
0800
0800
0800
0800
0800
0800
0800
0800
0800
0E00
0E00
0200
0200
ENDCHAR
STARTCHAR uni04AD
ENCODING 1197
SWIDTH 480 0
DWIDTH 8 0
BBX 7 11 1 -2
BITMAP
FE
20
20
20
20
20
20
38
38
08
08
ENDCHAR
STARTCHAR uni04AE
ENCODING 1198
SWIDTH 600 0
DWIDTH 10 0
BBX 9 12 1 0
BITMAP
C180
C300
6300
6600
3600
3C00
1C00
0800
0800
0800
0800
0800
ENDCHAR
STARTCHAR uni04AF
ENCODING 1199
SWIDTH 500 0
DWIDTH 8 0
BBX 8 12 0 -3
BITMAP
C2
43
22
64
26
14
1C
18
08
08
08
08
ENDCHAR
STARTCHAR uni04B0
ENCODING 1200
SWIDTH 600 0
DWIDTH 10 0
BBX 9 12 1 0
BITMAP
C180
C300
6300
6600
3600
3C00
3E00
0800
0800
0800
0800
0800
ENDCHAR
STARTCHAR uni04B1
ENCODING 1201
SWIDTH 500 0
DWIDTH 8 0
BBX 8 12 0 -3
BITMAP
C2
43
22
64
26
14
1C
3E
3E
08
08
08
ENDCHAR
STARTCHAR uni04B2
ENCODING 1202
SWIDTH 636 0
DWIDTH 10 0
BBX 10 14 0 -2
BITMAP
6180
6180
3300
1B00
1E00
0E00
0E00
1E00
3300
3300
61C0
C0C0
0040
0040
ENDCHAR
STARTCHAR uni04B3
ENCODING 1203
SWIDTH 520 0
DWIDTH 8 0
BBX 8 11 0 -2
BITMAP
63
66
3C
1C
18
3C
36
67
C3
03
03
ENDCHAR
STARTCHAR uni04B4
ENCODING 1204
SWIDTH 896 0
DWIDTH 14 0
BBX 12 14 1 -2
BITMAP
FE20
1020
1020
1020
1020
1020
1020
1020
1020
1020
3FF0
3FF0
0030
0030
ENDCHAR
STARTCHAR uni04B5
ENCODING 1205
SWIDTH 669 0
DWIDTH 11 0
BBX 10 11 1 -2
BITMAP
F980
6180
6180
6180
6180
6180
6180
7F80
7F80
00C0
00C0
ENDCHAR
STARTCHAR uni04B6
ENCODING 1206
SWIDTH 716 0
DWIDTH 11 0
BBX 9 14 2 -2
BITMAP
8100
8100
8100
8100
8100
C100
7F00
0100
0100
0100
0380
0380
0180
0180
ENDCHAR
STARTCHAR uni04B7
ENCODING 1207
SWIDTH 573 0
DWIDTH 9 0
BBX 8 11 2 -2
BITMAP
8C
8C
8C
8C
CC
FC
0C
07
07
03
03
ENDCHAR
STARTCHAR uni04B8
ENCODING 1208
SWIDTH 679 0
DWIDTH 11 0
BBX 8 12 2 0
BITMAP
81
81
81
81
91
D1
7F
11
11
01
01
01
ENDCHAR
STARTCHAR uni04B9
ENCODING 1209
SWIDTH 551 0
DWIDTH 9 0
BBX 6 9 2 0
BITMAP
8C
8C
AC
AC
FC
FC
2C
0C
0C
ENDCHAR
STARTCHAR uni04BA
ENCODING 1210
SWIDTH 679 0
DWIDTH 11 0
BBX 8 12 2 0
BITMAP
80
80
80
80
88
FE
83
81
81
81
81
81
ENDCHAR
STARTCHAR uni04BB
ENCODING 1211
SWIDTH 550 0
DWIDTH 9 0
BBX 6 12 2 0
BITMAP
80
80
80
90
FC
CC
8C
8C
8C
8C
8C
8C
ENDCHAR
STARTCHAR uni04BC
ENCODING 1212
SWIDTH 772 0
DWIDTH 12 0
BBX 11 12 1 0
BITMAP
0200
0F80
30C0
B060
B060
FFC0
3000
3000
3000
3000
1F80
0700
ENDCHAR
STARTCHAR uni04BD
ENCODING 1213
SWIDTH 592 0
DWIDTH 9 0
BBX 8 9 1 0
BITMAP
18
3F
A3
E1
7F
20
31
3F
3C
ENDCHAR
STARTCHAR uni04BE
ENCODING 1214
SWIDTH 772 0
DWIDTH 12 0
BBX 11 15 1 -3
BITMAP
0200
0F80
30C0
B060
B060
FFC0
3000
3000
3000
3000
1F80
0700
0300
0300
0300
ENDCHAR
STARTCHAR uni04BF
ENCODING 1215
SWIDTH 592 0
DWIDTH 9 0
BBX 8 12 1 -3
BITMAP
18
3F
A3
E1
7F
20
31
3F
3C
04
04
04
ENDCHAR
STARTCHAR uni04C0
ENCODING 1216
SWIDTH 271 0
DWIDTH 4 0
BBX 1 12 2 0
BITMAP
80
80
80
80
80
80
80
80
80
80
80
80
ENDCHAR
STARTCHAR uni04C1
ENCODING 1217
SWIDTH 907 0
DWIDTH 15 0
BBX 15 15 0 0
BITMAP
0440
0280
0000
618C
318C
3198
19B0
19B0
0FE0
0DB0
19B0
3198
3198
618C
C186
ENDCHAR
STARTCHAR uni04C2
ENCODING 1218
SWIDTH 765 0
DWIDTH 12 0
BBX 12 12 0 0
BITMAP
0880
0F00
0000
6630
3660
3660
1EC0
1F80
36C0
3660
6630
C630
ENDCHAR
STARTCHAR uni04C3
ENCODING 1219
SWIDTH 629 0
DWIDTH 10 0
BBX 8 14 2 -2
BITMAP
83
86
8C
98
B0
F0
9E
86
83
82
82
83
02
0E
ENDCHAR
STARTCHAR uni04C4
ENCODING 1220
SWIDTH 543 0
DWIDTH 9 0
BBX 8 11 1 -2
BITMAP
46
4C
58
58
F0
5C
46
43
46
0E
0C
ENDCHAR
STARTCHAR uni04C5
ENCODING 1221
SWIDTH 749 0
DWIDTH 12 0
BBX 12 14 0 -2
BITMAP
1FC0
1840
1840
1840
1840
1840
1840
3040
1040
3040
E0E0
80E0
0030
0060
ENDCHAR
STARTCHAR uni04C6
ENCODING 1222
SWIDTH 616 0
DWIDTH 10 0
BBX 10 11 0 -2
BITMAP
3F00
1300
1300
1300
2300
2300
3300
61C0
81C0
0080
0180
ENDCHAR
STARTCHAR uni04C7
ENCODING 1223
SWIDTH 711 0
DWIDTH 11 0
BBX 9 15 1 -3
BITMAP
4180
4180
4180
4180
4180
FF80
FF80
4180
4180
4180
4180
4180
0180
0180
0380
ENDCHAR
STARTCHAR uni04C8
ENCODING 1224
SWIDTH 566 0
DWIDTH 9 0
BBX 8 12 1 -3
BITMAP
43
43
43
43
FE
43
43
43
43
03
06
0E
ENDCHAR
STARTCHAR uni04C9
ENCODING 1225
SWIDTH 758 0
DWIDTH 12 0
BBX 11 14 1 -2
BITMAP
4180
4180
4180
4180
4180
FF80
4180
4180
4180
4180
40E0
40E0
0040
00C0
ENDCHAR
STARTCHAR uni04CA
ENCODING 1226
SWIDTH 615 0
DWIDTH 10 0
BBX 9 11 1 -2
BITMAP
4300
4300
4300
4300
FE00
4300
4300
4380
4380
0100
0300
ENDCHAR
STARTCHAR uni04CB
ENCODING 1227
SWIDTH 684 0
DWIDTH 11 0
BBX 8 14 2 -2
BITMAP
81
81
81
81
81
C1
7F
01
01
01
07
07
04
04
ENDCHAR
STARTCHAR uni04CC
ENCODING 1228
SWIDTH 543 0
DWIDTH 9 0
BBX 6 11 2 -2
BITMAP
8C
8C
8C
8C
CC
FC
0C
1C
1C
08
08
ENDCHAR
STARTCHAR uni04CD
ENCODING 1229
SWIDTH 913 0
DWIDTH 15 0
BBX 12 14 2 -2
BITMAP
C060
C060
E0E0
A0A0
E120
A320
9120
9B20
8A20
8E20
8C70
8470
0010
0030
ENDCHAR
STARTCHAR uni04CE
ENCODING 1230
SWIDTH 780 0
DWIDTH 12 0
BBX 10 11 2 -2
BITMAP
C180
C180
C280
A280
B480
9C80
B880
99C0
89C0
00C0
00C0
ENDCHAR
STARTCHAR uni04CF
ENCODING 1231
SWIDTH 271 0
DWIDTH 4 0
BBX 1 12 2 0
BITMAP
80
80
80
80
80
80
80
80
80
80
80
80
ENDCHAR
STARTCHAR uni04D0
ENCODING 1232
SWIDTH 652 0
DWIDTH 10 0
BBX 11 15 0 0
BITMAP
1100
0A00
0F00
0C00
0C00
0E00
0A00
1100
1B00
1100
3F80
7F80
2080
60C0
C060
ENDCHAR
STARTCHAR uni04D1
ENCODING 1233
SWIDTH 543 0
DWIDTH 9 0
BBX 8 12 1 0
BITMAP
64
1C
00
30
6E
06
0E
3E
C6
46
7F
3F
ENDCHAR
STARTCHAR uni04D2
ENCODING 1234
SWIDTH 652 0
DWIDTH 10 0
BBX 11 14 0 0
BITMAP
1B00
0000
0C00
0C00
0E00
0A00
1100
1B00
1100
3F80
7F80
2080
60C0
C060
ENDCHAR
STARTCHAR uni04D3
ENCODING 1235
SWIDTH 543 0
DWIDTH 9 0
BBX 8 12 1 0
BITMAP
34
34
00
30
6E
06
0E
3E
C6
46
7F
3F
ENDCHAR
STARTCHAR uni04D4
ENCODING 1236
SWIDTH 934 0
DWIDTH 15 0
BBX 15 12 0 0
BITMAP
01FE
0380
03C0
0680
0680
0CFC
1880
1FC0
3F80
3080
60FE
C0FE
ENDCHAR
STARTCHAR uni04D5
ENCODING 1237
SWIDTH 844 0
DWIDTH 14 0
BBX 12 9 2 0
BITMAP
1980
7FE0
CE30
0C10
7FF0
CC00
8600
FFF0
F0F0
ENDCHAR
STARTCHAR uni04D6
ENCODING 1238
SWIDTH 568 0
DWIDTH 9 0
BBX 7 15 2 0
BITMAP
48
78
00
FE
80
80
80
80
FC
80
80
80
80
FE
FE
ENDCHAR
STARTCHAR uni04D7
ENCODING 1239
SWIDTH 529 0
DWIDTH 8 0
BBX 7 12 2 0
BITMAP
C8
38
00
60
FC
C6
84
FE
80
C4
7E
78
ENDCHAR
STARTCHAR uni04D8
ENCODING 1240
SWIDTH 690 0
DWIDTH 11 0
BBX 10 12 1 0
BITMAP
0800
3F80
0100
00C0
0040
0040
7FC0
4040
C0C0
6180
7F00
0F00
ENDCHAR
STARTCHAR uni04D9
ENCODING 1241
SWIDTH 526 0
DWIDTH 8 0
BBX 8 9 1 0
BITMAP
10
7C
06
02
7F
42
C6
7E
3C
ENDCHAR
STARTCHAR uni04DA
ENCODING 1242
SWIDTH 690 0
DWIDTH 11 0
BBX 10 14 1 0
BITMAP
1600
1600
0800
3F80
0100
00C0
0040
0040
7FC0
4040
C0C0
6180
7F00
0F00
ENDCHAR
STARTCHAR uni04DB
ENCODING 1243
SWIDTH 526 0
DWIDTH 8 0
BBX 8 12 1 0
BITMAP
64
64
00
10
7C
06
02
7F
42
C6
7E
3C
ENDCHAR
STARTCHAR uni04DC
ENCODING 1244
SWIDTH 907 0
DWIDTH 15 0
BBX 15 14 0 0
BITMAP
06C0
0000
618C
318C
3198
19B0
19B0
0FE0
0DB0
19B0
3198
3198
618C
C186
ENDCHAR
STARTCHAR uni04DD
ENCODING 1245
SWIDTH 765 0
DWIDTH 12 0
BBX 12 12 0 0
BITMAP
0880
0D80
0000
6630
3660
3660
1EC0
1F80
36C0
3660
6630
C630
ENDCHAR
STARTCHAR uni04DE
ENCODING 1246
SWIDTH 593 0
DWIDTH 9 0
BBX 8 15 2 0
BITMAP
44
6C
00
70
FC
C6
03
06
3E
0C
03
82
C3
FE
7C
ENDCHAR
STARTCHAR uni04DF
ENCODING 1247
SWIDTH 507 0
DWIDTH 8 0
BBX 6 12 2 0
BITMAP
4C
4C
00
20
68
04
0C
38
0C
8C
CC
F8
ENDCHAR
STARTCHAR uni04E0
ENCODING 1248
SWIDTH 582 0
DWIDTH 9 0
BBX 8 12 1 0
BITMAP
7F
03
06
0C
18
18
0F
03
41
C3
7F
3E
ENDCHAR
STARTCHAR uni04E1
ENCODING 1249
SWIDTH 582 0
DWIDTH 9 0
BBX 7 12 2 -3
BITMAP
FE
0C
0C
18
30
30
1C
02
82
C6
FE
7C
ENDCHAR
STARTCHAR uni04E2
ENCODING 1250
SWIDTH 712 0
DWIDTH 11 0
BBX 9 14 1 0
BITMAP
3E00
0000
4180
4380
4380
4780
4780
4D80
5980
5980
7180
E180
6180
4180
ENDCHAR
STARTCHAR uni04E3
ENCODING 1251
SWIDTH 577 0
DWIDTH 9 0
BBX 8 12 1 0
BITMAP
7C
00
00
46
47
47
5B
53
53
E3
63
43
ENDCHAR
STARTCHAR uni04E4
ENCODING 1252
SWIDTH 712 0
DWIDTH 11 0
BBX 9 14 1 0
BITMAP
3300
0000
4180
4380
4380
4780
4780
4D80
5980
5980
7180
E180
6180
4180
ENDCHAR
STARTCHAR uni04E5
ENCODING 1253
SWIDTH 577 0
DWIDTH 9 0
BBX 8 12 1 0
BITMAP
26
66
00
46
47
47
5B
53
53
E3
63
43
ENDCHAR
STARTCHAR uni04E6
ENCODING 1254
SWIDTH 687 0
DWIDTH 11 0
BBX 10 14 1 0
BITMAP
3300
0000
0400
1F00
6180
4180
C080
4080
4080
C080
60C0
6180
3F00
1F00
ENDCHAR
STARTCHAR uni04E7
ENCODING 1255
SWIDTH 570 0
DWIDTH 9 0
BBX 8 12 1 0
BITMAP
34
34
00
30
7E
63
C3
43
C3
63
3F
1C
ENDCHAR
STARTCHAR uni04E8
ENCODING 1256
SWIDTH 680 0
DWIDTH 11 0
BBX 10 12 1 0
BITMAP
0400
1F00
6180
4180
C080
7FC0
7FC0
4080
60C0
6180
3F00
1F00
ENDCHAR
STARTCHAR uni04E9
ENCODING 1257
SWIDTH 567 0
DWIDTH 9 0
BBX 8 9 1 0
BITMAP
30
7E
63
43
FF
43
63
3F
1C
ENDCHAR
STARTCHAR uni04EA
ENCODING 1258
SWIDTH 680 0
DWIDTH 11 0
BBX 10 14 1 0
BITMAP
1B00
0000
0400
1F00
6180
4180
C080
7FC0
7FC0
4080
60C0
6180
3F00
1F00
ENDCHAR
STARTCHAR uni04EB
ENCODING 1259
SWIDTH 567 0
DWIDTH 9 0
BBX 8 12 1 0
BITMAP
64
64
00
30
7E
63
43
FF
43
63
3F
1C
ENDCHAR
STARTCHAR uni04EC
ENCODING 1260
SWIDTH 673 0
DWIDTH 11 0
BBX 9 15 1 0
BITMAP
1200
3600
0000
0800
7E00
6180
C080
0180
1F80
0180
0180
4180
6180
3F00
7E00
ENDCHAR
STARTCHAR uni04ED
ENCODING 1261
SWIDTH 537 0
DWIDTH 9 0
BBX 8 12 1 0
BITMAP
24
24
00
30
7E
C6
03
1F
03
46
7E
3C
ENDCHAR
STARTCHAR uni04EE
ENCODING 1262
SWIDTH 628 0
DWIDTH 10 0
BBX 9 14 1 0
BITMAP
3E00
0000
C180
6180
6180
3300
3300
1E00
1E00
0E00
0C00
0C00
3C00
3000
ENDCHAR
STARTCHAR uni04EF
ENCODING 1263
SWIDTH 473 0
DWIDTH 8 0
BBX 8 15 0 -3
BITMAP
3E
00
00
C3
66
62
64
2C
14
1C
18
08
10
30
70
ENDCHAR
STARTCHAR uni04F0
ENCODING 1264
SWIDTH 628 0
DWIDTH 10 0
BBX 9 14 1 0
BITMAP
3300
0000
C180
6180
6180
3300
3300
1E00
1E00
0E00
0C00
0C00
3C00
3000
ENDCHAR
STARTCHAR uni04F1
ENCODING 1265
SWIDTH 473 0
DWIDTH 8 0
BBX 8 15 0 -3
BITMAP
34
34
00
C3
66
62
64
2C
14
1C
18
08
10
30
70
ENDCHAR
STARTCHAR uni04F2
ENCODING 1266
SWIDTH 628 0
DWIDTH 10 0
BBX 9 15 1 0
BITMAP
0B00
0B00
0000
C180
6180
6180
3300
3300
1E00
1E00
0E00
0C00
0C00
3C00
3000
ENDCHAR
STARTCHAR uni04F3
ENCODING 1267
SWIDTH 473 0
DWIDTH 8 0
BBX 8 15 0 -3
BITMAP
16
16
00
C3
66
62
64
2C
14
1C
18
08
10
30
70
ENDCHAR
STARTCHAR uni04F4
ENCODING 1268
SWIDTH 684 0
DWIDTH 11 0
BBX 8 14 2 0
BITMAP
6C
00
81
81
81
81
81
C1
7F
01
01
01
01
01
ENDCHAR
STARTCHAR uni04F5
ENCODING 1269
SWIDTH 543 0
DWIDTH 9 0
BBX 6 12 2 0
BITMAP
58
D8
00
8C
8C
8C
8C
CC
FC
0C
0C
0C
ENDCHAR
STARTCHAR uni04F6
ENCODING 1270
SWIDTH 556 0
DWIDTH 9 0
BBX 7 14 1 -2
BITMAP
FE
40
40
40
40
40
40
40
40
40
E0
E0
30
30
ENDCHAR
STARTCHAR uni04F7
ENCODING 1271
SWIDTH 419 0
DWIDTH 7 0
BBX 6 11 1 -2
BITMAP
7C
40
40
40
40
40
40
E0
E0
60
60
ENDCHAR
STARTCHAR uni04F8
ENCODING 1272
SWIDTH 864 0
DWIDTH 14 0
BBX 11 14 2 0
BITMAP
3300
0000
8060
8060
8060
8060
8060
F060
8E60
8660
8260
8660
FE60
F060
ENDCHAR
STARTCHAR uni04F9
ENCODING 1273
SWIDTH 776 0
DWIDTH 12 0
BBX 10 12 1 0
BITMAP
1100
1B00
0000
40C0
40C0
40C0
F0C0
4CC0
46C0
46C0
7EC0
F0C0
ENDCHAR
STARTCHAR uni04FA
ENCODING 1274
SWIDTH 589 0
DWIDTH 9 0
BBX 9 15 0 -3
BITMAP
3F80
3000
3000
3000
3000
F800
3000
3000
3000
3000
3800
3800
1000
1800
7000
ENDCHAR
STARTCHAR uni04FB
ENCODING 1275
SWIDTH 458 0
DWIDTH 7 0
BBX 8 12 0 -3
BITMAP
3F
30
30
F8
30
30
30
38
38
10
30
70
ENDCHAR
STARTCHAR uni04FC
ENCODING 1276
SWIDTH 647 0
DWIDTH 10 0
BBX 10 15 0 -3
BITMAP
6180
6180
3300
1B00
1E00
0E00
0E00
1E00
3300
3300
61C0
C1C0
00C0
00C0
01C0
ENDCHAR
STARTCHAR uni04FD
ENCODING 1277
SWIDTH 531 0
DWIDTH 8 0
BBX 9 12 0 -3
BITMAP
6300
6600
3C00
1C00
1800
3C00
3600
6700
C300
0180
0300
0700
ENDCHAR
STARTCHAR uni04FE
ENCODING 1278
SWIDTH 626 0
DWIDTH 10 0
BBX 10 12 0 0
BITMAP
6180
6180
3300
1B00
1E00
1F00
0E00
1E00
3300
3300
6180
C0C0
ENDCHAR
STARTCHAR uni04FF
ENCODING 1279
SWIDTH 495 0
DWIDTH 8 0
BBX 8 9 0 0
BITMAP
63
66
3C
1C
3E
3C
36
66
C3
ENDCHAR
STARTCHAR uni0500
ENCODING 1280
SWIDTH 620 0
DWIDTH 10 0
BBX 9 12 1 0
BITMAP
0180
0180
0180
0180
0180
0F00
2180
C180
4180
6180
3F80
0F00
ENDCHAR
STARTCHAR uni0501
ENCODING 1281
SWIDTH 563 0
DWIDTH 9 0
BBX 8 12 1 0
BITMAP
02
02
02
12
3F
62
42
42
C2
62
3F
1E
ENDCHAR
STARTCHAR uni0502
ENCODING 1282
SWIDTH 822 0
DWIDTH 13 0
BBX 13 12 1 0
BITMAP
0100
0100
0100
0100
0100
0F00
2130
C118
C110
6130
3FF0
0F80
ENDCHAR
STARTCHAR uni0503
ENCODING 1283
SWIDTH 861 0
DWIDTH 14 0
BBX 13 13 1 0
BITMAP
0200
0200
0200
0200
1200
7E10
6218
C210
4210
4218
6230
7FF0
38E0
ENDCHAR
STARTCHAR uni0504
ENCODING 1284
SWIDTH 791 0
DWIDTH 13 0
BBX 12 12 0 0
BITMAP
E000
1C00
0600
0600
0660
3C30
3820
0620
0630
0660
03E0
01E0
ENDCHAR
STARTCHAR uni0505
ENCODING 1285
SWIDTH 645 0
DWIDTH 10 0
BBX 9 9 1 0
BITMAP
C000
7000
1800
0980
E080
3880
0900
0980
0F00
ENDCHAR
STARTCHAR uni0506
ENCODING 1286
SWIDTH 535 0
DWIDTH 9 0
BBX 7 14 2 -2
BITMAP
C0
38
0C
08
18
F0
E0
18
0C
0C
0E
06
04
06
ENDCHAR
STARTCHAR uni0507
ENCODING 1287
SWIDTH 503 0
DWIDTH 8 0
BBX 7 11 2 -2
BITMAP
C0
38
18
18
E0
38
18
1C
0E
04
0C
ENDCHAR
STARTCHAR uni0508
ENCODING 1288
SWIDTH 969 0
DWIDTH 16 0
BBX 15 12 1 0
BITMAP
1FC0
18C0
18C0
18C0
18CC
18C4
18C4
30C4
10C6
30C6
E07C
6078
ENDCHAR
STARTCHAR uni0509
ENCODING 1289
SWIDTH 807 0
DWIDTH 13 0
BBX 13 9 0 0
BITMAP
1F00
1100
1130
1118
2118
3118
3130
61F0
81E0
ENDCHAR
STARTCHAR uni050A
ENCODING 1290
SWIDTH 997 0
DWIDTH 16 0
BBX 13 12 2 0
BITMAP
8100
8100
8100
8100
8118
FF08
FF08
8108
8118
8118
81F8
81E0
ENDCHAR
STARTCHAR uni050B
ENCODING 1291
SWIDTH 828 0
DWIDTH 13 0
BBX 12 9 1 0
BITMAP
4300
4300
4330
4310
FE10
4310
4320
43E0
41E0
ENDCHAR
STARTCHAR uni050C
ENCODING 1292
SWIDTH 620 0
DWIDTH 10 0
BBX 9 12 1 0
BITMAP
0800
1F00
6000
C000
C000
4180
4100
4100
6080
4180
3F80
1E00
ENDCHAR
STARTCHAR uni050D
ENCODING 1293
SWIDTH 514 0
DWIDTH 8 0
BBX 7 9 1 0
BITMAP
3C
7C
60
40
46
C6
66
3E
1C
ENDCHAR
STARTCHAR uni050E
ENCODING 1294
SWIDTH 709 0
DWIDTH 11 0
BBX 11 12 0 0
BITMAP
FF80
0800
0800
0800
08C0
0840
0840
0840
0860
08C0
0FC0
0780
ENDCHAR
STARTCHAR uni050F
ENCODING 1295
SWIDTH 640 0
DWIDTH 10 0
BBX 9 9 2 0
BITMAP
FE00
1000
1000
1100
1180
1180
1300
1F00
1E00
ENDCHAR
STARTCHAR uni0510
ENCODING 1296
SWIDTH 673 0
DWIDTH 11 0
BBX 10 12 1 0
BITMAP
0700
3F80
6180
C000
6000
7C00
3800
6000
C0C0
6180
3F80
7E00
ENDCHAR
STARTCHAR uni0511
ENCODING 1297
SWIDTH 539 0
DWIDTH 9 0
BBX 7 9 1 0
BITMAP
08
2C
C0
60
38
70
42
FE
7C
ENDCHAR
STARTCHAR uni0512
ENCODING 1298
SWIDTH 750 0
DWIDTH 12 0
BBX 12 15 0 -3
BITMAP
1FC0
1840
1840
1840
1840
1840
1840
3040
1040
3040
E0E0
80E0
0030
0060
00E0
ENDCHAR
STARTCHAR uni0513
ENCODING 1299
SWIDTH 618 0
DWIDTH 10 0
BBX 10 12 0 -3
BITMAP
3F00
1300
1300
1300
2300
2300
3300
61C0
81C0
0080
0180
0380
ENDCHAR
STARTCHAR uni0514
ENCODING 1300
SWIDTH 937 0
DWIDTH 15 0
BBX 15 12 0 0
BITMAP
1F0C
1B0C
1998
18D8
18F0
1870
1870
30F0
1198
3198
E30C
8606
ENDCHAR
STARTCHAR uni0515
ENCODING 1301
SWIDTH 756 0
DWIDTH 12 0
BBX 12 9 0 0
BITMAP
1E30
1660
13C0
11C0
2180
23C0
3360
6660
8C30
ENDCHAR
STARTCHAR uni0516
ENCODING 1302
SWIDTH 906 0
DWIDTH 15 0
BBX 13 12 1 0
BITMAP
7818
4730
4360
41C0
4180
4180
FF80
40C0
4060
4030
4018
4018
ENDCHAR
STARTCHAR uni0517
ENCODING 1303
SWIDTH 755 0
DWIDTH 12 0
BBX 11 12 1 -3
BITMAP
4860
FCC0
4780
4300
4300
4380
43C0
7E60
7E60
4000
4000
4000
ENDCHAR
STARTCHAR uni0518
ENCODING 1304
SWIDTH 940 0
DWIDTH 15 0
BBX 15 12 1 0
BITMAP
07FE
3900
6100
6100
6100
61F8
1F80
3100
3100
6100
61FC
C1FC
ENDCHAR
STARTCHAR uni0519
ENCODING 1305
SWIDTH 866 0
DWIDTH 14 0
BBX 14 9 0 0
BITMAP
0F40
73F0
6318
620C
7FF8
3200
6308
61F8
C1E0
ENDCHAR
STARTCHAR uni051A
ENCODING 1306
SWIDTH 687 0
DWIDTH 11 0
BBX 10 13 1 -1
BITMAP
0400
1F00
6180
4180
C080
4080
4080
C080
60C0
6180
3F00
1F80
00C0
ENDCHAR
STARTCHAR uni051B
ENCODING 1307
SWIDTH 568 0
DWIDTH 9 0
BBX 8 12 1 -3
BITMAP
12
7E
62
42
42
C2
62
7E
1F
02
02
02
ENDCHAR
STARTCHAR uni051C
ENCODING 1308
SWIDTH 887 0
DWIDTH 14 0
BBX 14 12 0 0
BITMAP
C108
630C
430C
2288
2488
64D0
2C98
2470
18D0
3860
1860
1060
ENDCHAR
STARTCHAR uni051D
ENCODING 1309
SWIDTH 751 0
DWIDTH 12 0
BBX 12 9 0 0
BITMAP
C220
6630
4660
2520
6B40
3960
18C0
18C0
1880
ENDCHAR
STARTCHAR uni051E
ENCODING 1310
SWIDTH 642 0
DWIDTH 10 0
BBX 8 12 2 0
BITMAP
83
9E
8E
8E
9A
F0
B0
98
8C
86
83
83
ENDCHAR
STARTCHAR uni051F
ENCODING 1311
SWIDTH 540 0
DWIDTH 9 0
BBX 8 9 1 0
BITMAP
56
4E
4E
5A
F0
58
4C
46
43
ENDCHAR
STARTCHAR uni0520
ENCODING 1312
SWIDTH 1110 0
DWIDTH 18 0
BBX 17 15 0 -3
BITMAP
1FC000
184000
184000
184000
184800
187F00
184300
304180
104180
304180
E04180
804180
000180
000300
000700
ENDCHAR
STARTCHAR uni0521
ENCODING 1313
SWIDTH 894 0
DWIDTH 14 0
BBX 14 12 0 -3
BITMAP
3F00
1300
1300
13C0
2330
2318
330C
630C
830C
000C
0018
0038
ENDCHAR
STARTCHAR uni0522
ENCODING 1314
SWIDTH 1123 0
DWIDTH 18 0
BBX 15 15 2 -3
BITMAP
8300
8300
8300
8300
8320
FFFC
8306
8306
8304
8304
8304
8304
0004
0006
001C
ENDCHAR
STARTCHAR uni0523
ENCODING 1315
SWIDTH 893 0
DWIDTH 14 0
BBX 13 12 1 -3
BITMAP
4300
4300
4300
4780
FE60
4330
4318
4318
4318
0018
0030
0070
ENDCHAR
STARTCHAR uni0524
ENCODING 1316
SWIDTH 745 0
DWIDTH 12 0
BBX 11 14 1 -2
BITMAP
FF80
4180
4180
4180
4180
4180
4180
4180
4180
4180
41C0
41C0
0060
0060
ENDCHAR
STARTCHAR uni0525
ENCODING 1317
SWIDTH 606 0
DWIDTH 10 0
BBX 9 11 1 -2
BITMAP
FE00
4300
4300
4300
4300
4300
4300
4380
4380
0100
0100
ENDCHAR
STARTCHAR uni0526
ENCODING 1318
SWIDTH 716 0
DWIDTH 11 0
BBX 9 14 2 -2
BITMAP
8000
8000
8000
8000
8800
FE00
8300
8100
8100
8100
8380
8380
0180
0180
ENDCHAR
STARTCHAR uni0527
ENCODING 1319
SWIDTH 589 0
DWIDTH 9 0
BBX 8 14 2 -2
BITMAP
80
80
80
90
FC
CC
8C
8C
8C
8C
87
87
03
03
ENDCHAR
STARTCHAR uni0528
ENCODING 1320
SWIDTH 751 0
DWIDTH 12 0
BBX 11 15 0 -3
BITMAP
1060
1060
1060
1060
1060
3FE0
1060
1060
1060
1060
1060
1060
1000
3000
E000
ENDCHAR
STARTCHAR uni0529
ENCODING 1321
SWIDTH 621 0
DWIDTH 10 0
BBX 9 12 0 -3
BITMAP
1180
1180
1180
1180
3F80
1180
1180
1180
1180
1000
3000
E000
ENDCHAR
STARTCHAR uni052A
ENCODING 1322
SWIDTH 1323 0
DWIDTH 21 0
BBX 20 14 1 -2
BITMAP
3F8830
118860
3188C0
318980
318980
30FF00
318B00
318980
6188C0
618860
FFE860
804830
804000
804000
ENDCHAR
STARTCHAR uni052B
ENCODING 1323
SWIDTH 1092 0
DWIDTH 17 0
BBX 17 11 0 -2
BITMAP
3F2180
332300
332600
332C00
13FC00
232600
332300
FFA180
40E180
40C000
40C000
ENDCHAR
STARTCHAR uni052C
ENCODING 1324
SWIDTH 765 0
DWIDTH 12 0
BBX 11 14 2 -2
BITMAP
8780
8580
8D80
8D80
9980
D980
7F80
6180
6180
C180
FFE0
8040
8040
8040
ENDCHAR
STARTCHAR uni052D
ENCODING 1325
SWIDTH 605 0
DWIDTH 10 0
BBX 10 11 0 -2
BITMAP
4700
4700
4F00
5B00
7300
3F00
6300
FF80
40C0
40C0
40C0
ENDCHAR
STARTCHAR uni052E
ENCODING 1326
SWIDTH 739 0
DWIDTH 12 0
BBX 12 14 0 -2
BITMAP
1FC0
1840
1840
1840
1840
1840
1840
3040
1040
3040
E0E0
80E0
0030
0030
ENDCHAR
STARTCHAR uni052F
ENCODING 1327
SWIDTH 606 0
DWIDTH 10 0
BBX 10 11 0 -2
BITMAP
3F00
1300
1300
1300
2300
2300
3300
61C0
81C0
00C0
00C0
ENDCHAR
STARTCHAR uni1AB0
ENCODING 6832
SWIDTH 0 0
DWIDTH 0 0
BBX 8 2 -8 10
BITMAP
6A
99
ENDCHAR
STARTCHAR uni1AB1
ENCODING 6833
SWIDTH 0 0
DWIDTH 0 0
BBX 8 3 -8 10
BITMAP
1C
66
DF
ENDCHAR
STARTCHAR uni1AB2
ENCODING 6834
SWIDTH 0 0
DWIDTH 0 0
BBX 8 4 -8 9
BITMAP
66
99
89
7E
ENDCHAR
STARTCHAR uni1AB3
ENCODING 6835
SWIDTH 0 0
DWIDTH 0 0
BBX 5 6 -7 9
BITMAP
20
20
A8
E8
30
20
ENDCHAR
STARTCHAR uni1AB4
ENCODING 6836
SWIDTH 0 0
DWIDTH 0 0
BBX 6 4 -7 10
BITMAP
10
30
00
CC
ENDCHAR
STARTCHAR uni1AB5
ENCODING 6837
SWIDTH 0 0
DWIDTH 0 0
BBX 8 3 -8 -3
BITMAP
B5
C6
A6
ENDCHAR
STARTCHAR uni1AB6
ENCODING 6838
SWIDTH 0 0
DWIDTH 0 0
BBX 8 2 -8 -2
BITMAP
89
FF
ENDCHAR
STARTCHAR uni1AB7
ENCODING 6839
SWIDTH 0 0
DWIDTH 0 0
BBX 2 4 -4 -4
BITMAP
80
80
80
C0
ENDCHAR
STARTCHAR uni1AB8
ENCODING 6840
SWIDTH 0 0
DWIDTH 0 0
BBX 5 4 -6 -4
BITMAP
A0
A0
A0
D8
ENDCHAR
STARTCHAR uni1AB9
ENCODING 6841
SWIDTH 0 0
DWIDTH 0 0
BBX 3 5 -4 -3
BITMAP
20
20
60
80
80
ENDCHAR
STARTCHAR uni1ABA
ENCODING 6842
SWIDTH 0 0
DWIDTH 0 0
BBX 4 5 -5 -3
BITMAP
10
10
20
20
C0
ENDCHAR
STARTCHAR uni1ABB
ENCODING 6843
SWIDTH 0 0
DWIDTH 0 0
BBX 9 4 -8 10
BITMAP
4100
4100
8080
4100
ENDCHAR
STARTCHAR uni1ABC
ENCODING 6844
SWIDTH 0 0
DWIDTH 0 0
BBX 12 4 -10 10
BITMAP
50A0
6060
A050
6060
ENDCHAR
STARTCHAR uni1ABD
ENCODING 6845
SWIDTH 0 0
DWIDTH 0 0
BBX 9 4 -9 -4
BITMAP
4100
4100
8080
4100
ENDCHAR
STARTCHAR uni1ABE
ENCODING 6846
SWIDTH 0 0
DWIDTH 0 0
BBX 12 4 -10 3
BITMAP
4020
4020
8010
4020
ENDCHAR
STARTCHAR uni1D00
ENCODING 7424
SWIDTH 552 0
DWIDTH 9 0
BBX 8 9 1 0
BITMAP
18
38
28
64
46
7E
43
C2
83
ENDCHAR
STARTCHAR uni1D01
ENCODING 7425
SWIDTH 777 0
DWIDTH 12 0
BBX 12 9 0 0
BITMAP
07F0
0E00
0900
0900
1BE0
3F00
6100
63F0
C3F0
ENDCHAR
STARTCHAR uni1D02
ENCODING 7426
SWIDTH 844 0
DWIDTH 14 0
BBX 13 9 1 0
BITMAP
10C0
7FB0
0608
0218
7FF0
4200
C310
7FF0
78F0
ENDCHAR
STARTCHAR uni1D03
ENCODING 7427
SWIDTH 617 0
DWIDTH 10 0
BBX 9 9 1 0
BITMAP
7000
4600
4100
4600
FF80
4700
4300
7F00
7800
ENDCHAR
STARTCHAR uni1D04
ENCODING 7428
SWIDTH 539 0
DWIDTH 9 0
BBX 7 9 2 0
BITMAP
60
FC
C6
80
80
82
C6
FE
3C
ENDCHAR
STARTCHAR uni1D05
ENCODING 7429
SWIDTH 566 0
DWIDTH 9 0
BBX 7 9 1 0
BITMAP
70
4C
46
42
42
42
46
FE
70
ENDCHAR
STARTCHAR uni1D06
ENCODING 7430
SWIDTH 605 0
DWIDTH 10 0
BBX 9 9 0 0
BITMAP
3C00
3600
3180
3180
F980
3180
3180
3F80
3C00
ENDCHAR
STARTCHAR uni1D07
ENCODING 7431
SWIDTH 507 0
DWIDTH 8 0
BBX 7 9 1 0
BITMAP
7E
40
40
40
FC
40
40
7E
7E
ENDCHAR
STARTCHAR uni1D08
ENCODING 7432
SWIDTH 507 0
DWIDTH 8 0
BBX 6 9 2 0
BITMAP
20
68
04
0C
38
0C
8C
CC
F8
ENDCHAR
STARTCHAR uni1D09
ENCODING 7433
SWIDTH 242 0
DWIDTH 4 0
BBX 2 12 1 -3
BITMAP
C0
C0
C0
C0
C0
C0
C0
C0
C0
00
40
40
ENDCHAR
STARTCHAR uni1D0A
ENCODING 7434
SWIDTH 481 0
DWIDTH 8 0
BBX 6 9 1 0
BITMAP
04
04
04
04
04
04
84
FC
F8
ENDCHAR
STARTCHAR uni1D0B
ENCODING 7435
SWIDTH 535 0
DWIDTH 9 0
BBX 8 9 1 0
BITMAP
46
4C
4C
58
F0
58
4C
46
43
ENDCHAR
STARTCHAR uni1D0C
ENCODING 7436
SWIDTH 451 0
DWIDTH 7 0
BBX 7 9 0 0
BITMAP
20
20
38
F0
A0
20
20
7E
7E
ENDCHAR
STARTCHAR uni1D0D
ENCODING 7437
SWIDTH 741 0
DWIDTH 12 0
BBX 9 9 2 0
BITMAP
C180
C180
C280
A280
B480
9C80
B880
9880
8880
ENDCHAR
STARTCHAR uni1D0E
ENCODING 7438
SWIDTH 577 0
DWIDTH 9 0
BBX 8 9 1 0
BITMAP
46
47
47
5B
53
53
E3
63
43
ENDCHAR
STARTCHAR uni1D0F
ENCODING 7439
SWIDTH 577 0
DWIDTH 9 0
BBX 8 9 2 0
BITMAP
60
FC
C6
83
83
83
C6
7E
7C
ENDCHAR
STARTCHAR uni1D10
ENCODING 7440
SWIDTH 523 0
DWIDTH 8 0
BBX 6 9 2 0
BITMAP
20
7C
CC
04
04
04
8C
FC
78
ENDCHAR
STARTCHAR uni1D11
ENCODING 7441
SWIDTH 638 0
DWIDTH 10 0
BBX 9 8 1 1
BITMAP
3800
7E00
3F80
6180
4080
C180
4100
3F00
ENDCHAR
STARTCHAR uni1D12
ENCODING 7442
SWIDTH 638 0
DWIDTH 10 0
BBX 8 7 2 1
BITMAP
1C
7F
C2
81
81
E6
66
ENDCHAR
STARTCHAR uni1D13
ENCODING 7443
SWIDTH 693 0
DWIDTH 11 0
BBX 11 8 0 1
BITMAP
0C00
9F00
7F80
38C0
46C0
21C0
30E0
1F80
ENDCHAR
STARTCHAR uni1D14
ENCODING 7444
SWIDTH 911 0
DWIDTH 15 0
BBX 14 9 1 0
BITMAP
0CC0
7FF8
0718
0308
7F08
4308
C718
7FFC
78F0
ENDCHAR
STARTCHAR uni1D15
ENCODING 7445
SWIDTH 470 0
DWIDTH 8 0
BBX 6 9 2 0
BITMAP
88
CC
FC
70
CC
88
8C
F8
78
ENDCHAR
STARTCHAR uni1D16
ENCODING 7446
SWIDTH 574 0
DWIDTH 9 0
BBX 8 4 2 5
BITMAP
10
FC
C6
83
ENDCHAR
STARTCHAR uni1D17
ENCODING 7447
SWIDTH 574 0
DWIDTH 9 0
BBX 8 5 2 0
BITMAP
83
83
C6
7E
7C
ENDCHAR
STARTCHAR uni1D18
ENCODING 7448
SWIDTH 537 0
DWIDTH 9 0
BBX 8 9 1 0
BITMAP
F0
4C
46
43
46
7E
40
40
40
ENDCHAR
STARTCHAR uni1D19
ENCODING 7449
SWIDTH 551 0
DWIDTH 9 0
BBX 8 9 0 0
BITMAP
0F
72
62
62
3F
32
62
62
C2
ENDCHAR
STARTCHAR uni1D1A
ENCODING 7450
SWIDTH 551 0
DWIDTH 9 0
BBX 7 9 1 0
BITMAP
C4
C4
64
3E
3E
44
C4
7E
1E
ENDCHAR
STARTCHAR uni1D1B
ENCODING 7451
SWIDTH 480 0
DWIDTH 8 0
BBX 7 9 1 0
BITMAP
FE
20
20
20
20
20
20
20
20
ENDCHAR
STARTCHAR uni1D1C
ENCODING 7452
SWIDTH 623 0
DWIDTH 10 0
BBX 9 9 1 0
BITMAP
4180
4180
4180
4180
4180
4180
C300
3F00
7C00
ENDCHAR
STARTCHAR uni1D1D
ENCODING 7453
SWIDTH 620 0
DWIDTH 10 0
BBX 9 7 1 1
BITMAP
7F80
7F00
0380
0180
0180
7F80
FF00
ENDCHAR
STARTCHAR uni1D1E
ENCODING 7454
SWIDTH 783 0
DWIDTH 13 0
BBX 12 7 1 1
BITMAP
1FE0
5FC0
0070
0010
4010
DFE0
1FE0
ENDCHAR
STARTCHAR uni1D1F
ENCODING 7455
SWIDTH 620 0
DWIDTH 10 0
BBX 9 12 1 -1
BITMAP
7F80
7F80
0100
0080
0180
7F80
7F80
0300
0080
0180
0180
FF00
ENDCHAR
STARTCHAR uni1D20
ENCODING 7456
SWIDTH 484 0
DWIDTH 8 0
BBX 7 9 0 0
BITMAP
C2
46
22
64
2C
14
38
18
08
ENDCHAR
STARTCHAR uni1D21
ENCODING 7457
SWIDTH 751 0
DWIDTH 12 0
BBX 12 9 0 0
BITMAP
C220
6630
4660
2520
6B40
3960
18C0
18C0
1880
ENDCHAR
STARTCHAR uni1D22
ENCODING 7458
SWIDTH 496 0
DWIDTH 8 0
BBX 7 9 1 0
BITMAP
7E
06
0C
18
18
30
60
FE
FE
ENDCHAR
STARTCHAR uni1D23
ENCODING 7459
SWIDTH 489 0
DWIDTH 8 0
BBX 6 9 2 0
BITMAP
FC
0C
18
60
1C
0C
8C
FC
F8
ENDCHAR
STARTCHAR uni1D24
ENCODING 7460
SWIDTH 515 0
DWIDTH 8 0
BBX 6 9 2 0
BITMAP
20
68
C4
38
20
C0
8C
FC
F0
ENDCHAR
STARTCHAR uni1D25
ENCODING 7461
SWIDTH 602 0
DWIDTH 10 0
BBX 10 9 0 0
BITMAP
0800
1E00
3F00
3F00
3E00
1E00
0C00
FF80
73C0
ENDCHAR
STARTCHAR uni1D26
ENCODING 7462
SWIDTH 420 0
DWIDTH 7 0
BBX 5 9 2 0
BITMAP
F8
80
80
80
80
80
80
80
80
ENDCHAR
STARTCHAR uni1D27
ENCODING 7463
SWIDTH 552 0
DWIDTH 9 0
BBX 8 9 1 0
BITMAP
18
38
28
64
46
62
43
C2
83
ENDCHAR
STARTCHAR uni1D28
ENCODING 7464
SWIDTH 577 0
DWIDTH 9 0
BBX 8 9 1 0
BITMAP
FE
43
43
43
43
43
43
43
43
ENDCHAR
STARTCHAR uni1D29
ENCODING 7465
SWIDTH 538 0
DWIDTH 9 0
BBX 8 9 1 0
BITMAP
F0
4C
46
43
46
7E
40
40
40
ENDCHAR
STARTCHAR uni1D2A
ENCODING 7466
SWIDTH 625 0
DWIDTH 10 0
BBX 10 9 0 0
BITMAP
4480
4480
4480
C4C0
4580
3F80
0400
0400
0400
ENDCHAR
STARTCHAR uni1D2B
ENCODING 7467
SWIDTH 578 0
DWIDTH 9 0
BBX 8 9 0 0
BITMAP
3F
13
13
13
23
23
33
63
83
ENDCHAR
STARTCHAR uni1D2C
ENCODING 7468
SWIDTH 508 0
DWIDTH 8 0
BBX 7 8 1 6
BITMAP
30
30
68
28
44
FC
84
C2
ENDCHAR
STARTCHAR uni1D2D
ENCODING 7469
SWIDTH 719 0
DWIDTH 12 0
BBX 10 8 1 6
BITMAP
0FC0
0C00
1400
1400
3780
7C00
C400
C7C0
ENDCHAR
STARTCHAR uni1D2E
ENCODING 7470
SWIDTH 471 0
DWIDTH 8 0
BBX 6 8 1 6
BITMAP
70
44
44
4C
F8
5C
44
FC
ENDCHAR
STARTCHAR uni1D2F
ENCODING 7471
SWIDTH 563 0
DWIDTH 9 0
BBX 9 8 0 6
BITMAP
3800
2200
2100
2200
FF80
2600
2300
3F00
ENDCHAR
STARTCHAR uni1D30
ENCODING 7472
SWIDTH 485 0
DWIDTH 8 0
BBX 7 8 1 6
BITMAP
E0
5C
42
42
42
42
44
7C
ENDCHAR
STARTCHAR uni1D31
ENCODING 7473
SWIDTH 424 0
DWIDTH 7 0
BBX 6 8 1 6
BITMAP
7C
40
40
40
F8
40
40
FC
ENDCHAR
STARTCHAR uni1D32
ENCODING 7474
SWIDTH 424 0
DWIDTH 7 0
BBX 6 8 0 6
BITMAP
FC
0C
0C
0C
7C
0C
0C
FC
ENDCHAR
STARTCHAR uni1D33
ENCODING 7475
SWIDTH 495 0
DWIDTH 8 0
BBX 7 9 1 5
BITMAP
10
E8
C4
80
9C
84
C4
FE
78
ENDCHAR
STARTCHAR uni1D34
ENCODING 7476
SWIDTH 529 0
DWIDTH 8 0
BBX 7 8 1 6
BITMAP
42
42
42
42
FE
42
42
42
ENDCHAR
STARTCHAR uni1D35
ENCODING 7477
SWIDTH 208 0
DWIDTH 3 0
BBX 1 8 2 6
BITMAP
80
80
80
80
80
80
80
80
ENDCHAR
STARTCHAR uni1D36
ENCODING 7478
SWIDTH 408 0
DWIDTH 7 0
BBX 5 9 1 5
BITMAP
08
08
08
08
08
08
88
F8
F0
ENDCHAR
STARTCHAR uni1D37
ENCODING 7479
SWIDTH 480 0
DWIDTH 8 0
BBX 7 8 1 6
BITMAP
46
4C
58
70
F0
D8
4C
46
ENDCHAR
STARTCHAR uni1D38
ENCODING 7480
SWIDTH 391 0
DWIDTH 6 0
BBX 5 8 2 6
BITMAP
80
80
80
80
80
80
80
F8
ENDCHAR
STARTCHAR uni1D39
ENCODING 7481
SWIDTH 652 0
DWIDTH 10 0
BBX 10 8 1 6
BITMAP
C180
6180
E1C0
6280
53C0
52C0
4EC0
4CC0
ENDCHAR
STARTCHAR uni1D3A
ENCODING 7482
SWIDTH 532 0
DWIDTH 9 0
BBX 8 8 1 6
BITMAP
C2
62
72
72
4A
4A
47
46
ENDCHAR
STARTCHAR uni1D3B
ENCODING 7483
SWIDTH 532 0
DWIDTH 9 0
BBX 8 8 1 6
BITMAP
43
46
4E
4E
52
52
E2
C2
ENDCHAR
STARTCHAR uni1D3C
ENCODING 7484
SWIDTH 499 0
DWIDTH 8 0
BBX 7 9 1 5
BITMAP
20
F8
C6
84
84
84
CC
7C
7C
ENDCHAR
STARTCHAR uni1D3D
ENCODING 7485
SWIDTH 422 0
DWIDTH 7 0
BBX 7 9 0 5
BITMAP
46
CC
78
78
CC
46
CC
7C
78
ENDCHAR
STARTCHAR uni1D3E
ENCODING 7486
SWIDTH 465 0
DWIDTH 7 0
BBX 5 8 2 6
BITMAP
E0
98
88
88
F8
80
80
80
ENDCHAR
STARTCHAR uni1D3F
ENCODING 7487
SWIDTH 477 0
DWIDTH 8 0
BBX 7 8 1 6
BITMAP
E0
58
44
44
7C
58
48
46
ENDCHAR
STARTCHAR uni1D40
ENCODING 7488
SWIDTH 443 0
DWIDTH 7 0
BBX 6 8 1 6
BITMAP
FC
20
20
20
20
20
20
20
ENDCHAR
STARTCHAR uni1D41
ENCODING 7489
SWIDTH 487 0
DWIDTH 8 0
BBX 6 9 2 5
BITMAP
84
84
84
84
84
84
84
F8
F8
ENDCHAR
STARTCHAR uni1D42
ENCODING 7490
SWIDTH 692 0
DWIDTH 11 0
BBX 10 8 1 6
BITMAP
8C80
CCC0
9580
9E80
5500
E300
6700
6300
ENDCHAR
STARTCHAR uni1D43
ENCODING 7491
SWIDTH 419 0
DWIDTH 7 0
BBX 6 7 0 5
BITMAP
30
78
04
78
C4
7C
70
ENDCHAR
STARTCHAR uni1D44
ENCODING 7492
SWIDTH 419 0
DWIDTH 7 0
BBX 6 7 1 5
BITMAP
50
68
C4
F8
C0
7C
70
ENDCHAR
STARTCHAR uni1D45
ENCODING 7493
SWIDTH 459 0
DWIDTH 7 0
BBX 7 7 0 5
BITMAP
1C
7C
CC
4C
4C
66
7E
ENDCHAR
STARTCHAR uni1D46
ENCODING 7494
SWIDTH 653 0
DWIDTH 10 0
BBX 10 7 0 5
BITMAP
6100
7E80
0C40
FF80
4C00
7FC0
7F00
ENDCHAR
STARTCHAR uni1D47
ENCODING 7495
SWIDTH 433 0
DWIDTH 7 0
BBX 6 10 1 5
BITMAP
40
40
40
50
F8
4C
4C
44
7C
3C
ENDCHAR
STARTCHAR uni1D48
ENCODING 7496
SWIDTH 433 0
DWIDTH 7 0
BBX 5 10 1 5
BITMAP
18
18
18
38
F8
98
98
98
F8
F0
ENDCHAR
STARTCHAR uni1D49
ENCODING 7497
SWIDTH 409 0
DWIDTH 7 0
BBX 6 7 0 5
BITMAP
10
38
4C
FC
40
7C
78
ENDCHAR
STARTCHAR uni1D4A
ENCODING 7498
SWIDTH 409 0
DWIDTH 7 0
BBX 6 7 0 5
BITMAP
60
78
0C
FC
44
7C
70
ENDCHAR
STARTCHAR uni1D4B
ENCODING 7499
SWIDTH 377 0
DWIDTH 6 0
BBX 6 7 0 5
BITMAP
10
78
40
70
C0
7C
78
ENDCHAR
STARTCHAR uni1D4C
ENCODING 7500
SWIDTH 377 0
DWIDTH 6 0
BBX 5 7 1 5
BITMAP
20
F0
10
70
18
F8
F0
ENDCHAR
STARTCHAR uni1D4D
ENCODING 7501
SWIDTH 429 0
DWIDTH 7 0
BBX 5 9 1 3
BITMAP
38
F8
98
98
98
F8
F8
88
F8
ENDCHAR
STARTCHAR uni1D4E
ENCODING 7502
SWIDTH 213 0
DWIDTH 3 0
BBX 2 9 1 3
BITMAP
40
40
40
40
40
40
00
40
C0
ENDCHAR
STARTCHAR uni1D4F
ENCODING 7503
SWIDTH 403 0
DWIDTH 6 0
BBX 5 9 2 6
BITMAP
80
80
80
98
A0
C0
E0
A0
98
ENDCHAR
STARTCHAR uni1D50
ENCODING 7504
SWIDTH 641 0
DWIDTH 10 0
BBX 8 6 2 6
BITMAP
A2
FF
93
93
93
93
ENDCHAR
STARTCHAR uni1D51
ENCODING 7505
SWIDTH 411 0
DWIDTH 7 0
BBX 5 9 1 3
BITMAP
50
F8
48
48
48
48
08
08
18
ENDCHAR
STARTCHAR uni1D52
ENCODING 7506
SWIDTH 424 0
DWIDTH 7 0
BBX 7 7 0 5
BITMAP
10
78
CC
46
CC
7C
78
ENDCHAR
STARTCHAR uni1D53
ENCODING 7507
SWIDTH 338 0
DWIDTH 5 0
BBX 5 7 0 5
BITMAP
20
70
18
18
08
78
F0
ENDCHAR
STARTCHAR uni1D54
ENCODING 7508
SWIDTH 403 0
DWIDTH 6 0
BBX 6 3 0 9
BITMAP
10
78
CC
ENDCHAR
STARTCHAR uni1D55
ENCODING 7509
SWIDTH 403 0
DWIDTH 6 0
BBX 7 4 0 5
BITMAP
46
CC
78
78
ENDCHAR
STARTCHAR uni1D56
ENCODING 7510
SWIDTH 433 0
DWIDTH 7 0
BBX 6 9 1 3
BITMAP
50
F8
4C
4C
44
7C
7C
40
40
ENDCHAR
STARTCHAR uni1D57
ENCODING 7511
SWIDTH 269 0
DWIDTH 4 0
BBX 4 8 0 5
BITMAP
20
F0
20
20
20
20
70
30
ENDCHAR
STARTCHAR uni1D58
ENCODING 7512
SWIDTH 411 0
DWIDTH 7 0
BBX 5 7 2 5
BITMAP
90
90
90
90
90
F8
70
ENDCHAR
STARTCHAR uni1D59
ENCODING 7513
SWIDTH 456 0
DWIDTH 7 0
BBX 7 5 0 6
BITMAP
7E
04
02
06
FC
ENDCHAR
STARTCHAR uni1D5A
ENCODING 7514
SWIDTH 641 0
DWIDTH 10 0
BBX 9 7 2 5
BITMAP
9300
9300
9300
9300
9300
FF80
C400
ENDCHAR
STARTCHAR uni1D5B
ENCODING 7515
SWIDTH 389 0
DWIDTH 6 0
BBX 5 6 1 6
BITMAP
88
D0
90
50
60
60
ENDCHAR
STARTCHAR uni1D5C
ENCODING 7516
SWIDTH 458 0
DWIDTH 7 0
BBX 6 7 1 5
BITMAP
20
70
78
70
30
FC
CC
ENDCHAR
STARTCHAR uni1D5D
ENCODING 7517
SWIDTH 448 0
DWIDTH 7 0
BBX 5 11 2 3
BITMAP
20
D0
88
F0
B0
B8
98
F8
F8
80
80
ENDCHAR
STARTCHAR uni1D5E
ENCODING 7518
SWIDTH 419 0
DWIDTH 7 0
BBX 7 9 0 3
BITMAP
C6
6C
28
6C
28
30
18
18
18
ENDCHAR
STARTCHAR uni1D5F
ENCODING 7519
SWIDTH 418 0
DWIDTH 7 0
BBX 6 10 1 5
BITMAP
20
78
80
60
70
98
8C
98
F0
F0
ENDCHAR
STARTCHAR uni1D60
ENCODING 7520
SWIDTH 527 0
DWIDTH 8 0
BBX 8 9 0 3
BITMAP
24
7E
CA
49
CA
7E
08
08
08
ENDCHAR
STARTCHAR uni1D61
ENCODING 7521
SWIDTH 439 0
DWIDTH 7 0
BBX 6 9 0 3
BITMAP
8C
68
38
30
18
18
78
28
6C
ENDCHAR
STARTCHAR uni1D62
ENCODING 7522
SWIDTH 213 0
DWIDTH 3 0
BBX 2 9 1 -1
BITMAP
40
C0
00
40
40
40
40
40
40
ENDCHAR
STARTCHAR uni1D63
ENCODING 7523
SWIDTH 270 0
DWIDTH 4 0
BBX 3 6 2 -1
BITMAP
A0
C0
80
80
80
80
ENDCHAR
STARTCHAR uni1D64
ENCODING 7524
SWIDTH 411 0
DWIDTH 7 0
BBX 4 6 2 -1
BITMAP
90
90
90
90
90
F0
ENDCHAR
STARTCHAR uni1D65
ENCODING 7525
SWIDTH 389 0
DWIDTH 6 0
BBX 6 6 0 -1
BITMAP
C4
48
38
68
30
30
ENDCHAR
STARTCHAR uni1D66
ENCODING 7526
SWIDTH 449 0
DWIDTH 7 0
BBX 6 10 1 -3
BITMAP
78
EC
44
58
5C
4C
4C
F8
40
40
ENDCHAR
STARTCHAR uni1D67
ENCODING 7527
SWIDTH 416 0
DWIDTH 7 0
BBX 7 9 0 -4
BITMAP
C6
44
28
38
28
30
18
18
18
ENDCHAR
STARTCHAR uni1D68
ENCODING 7528
SWIDTH 433 0
DWIDTH 7 0
BBX 5 8 2 -3
BITMAP
60
D0
98
98
88
F8
80
80
ENDCHAR
STARTCHAR uni1D69
ENCODING 7529
SWIDTH 527 0
DWIDTH 8 0
BBX 8 9 0 -4
BITMAP
24
6A
C9
49
6A
7E
08
08
08
ENDCHAR
STARTCHAR uni1D6A
ENCODING 7530
SWIDTH 458 0
DWIDTH 7 0
BBX 7 9 1 -4
BITMAP
84
68
28
30
18
28
2C
4C
06
ENDCHAR
STARTCHAR uni1D6B
ENCODING 7531
SWIDTH 876 0
DWIDTH 14 0
BBX 13 9 1 0
BITMAP
4640
43F0
4318
4608
43F8
4600
C310
7FF8
70E0
ENDCHAR
STARTCHAR uni1D6C
ENCODING 7532
SWIDTH 631 0
DWIDTH 10 0
BBX 9 12 1 0
BITMAP
6000
F800
F000
6400
3F00
6180
6100
6080
6100
6180
3F00
3C00
ENDCHAR
STARTCHAR uni1D6D
ENCODING 7533
SWIDTH 621 0
DWIDTH 10 0
BBX 10 12 1 0
BITMAP
0200
07C0
0B80
1200
3F00
6200
4200
4200
C200
6200
3F00
1E00
ENDCHAR
STARTCHAR uni1D6E
ENCODING 7534
SWIDTH 387 0
DWIDTH 6 0
BBX 5 13 1 0
BITMAP
08
38
30
60
F8
60
60
68
F8
60
60
60
60
ENDCHAR
STARTCHAR uni1D6F
ENCODING 7535
SWIDTH 951 0
DWIDTH 15 0
BBX 13 9 2 0
BITMAP
9180
FFE0
8630
C418
8FF0
8410
8410
8410
87D0
ENDCHAR
STARTCHAR uni1D70
ENCODING 7536
SWIDTH 620 0
DWIDTH 10 0
BBX 10 9 0 0
BITMAP
3400
3F00
3980
3140
FFC0
3100
3100
3100
3F00
ENDCHAR
STARTCHAR uni1D71
ENCODING 7537
SWIDTH 608 0
DWIDTH 10 0
BBX 9 12 1 -3
BITMAP
2400
7E00
2300
2100
2100
2180
2300
7E00
7C00
6800
F000
2000
ENDCHAR
STARTCHAR uni1D72
ENCODING 7538
SWIDTH 399 0
DWIDTH 6 0
BBX 6 9 1 0
BITMAP
64
38
60
68
F8
60
60
60
60
ENDCHAR
STARTCHAR uni1D73
ENCODING 7539
SWIDTH 366 0
DWIDTH 6 0
BBX 5 9 1 0
BITMAP
08
30
60
48
F8
20
20
20
20
ENDCHAR
STARTCHAR uni1D74
ENCODING 7540
SWIDTH 523 0
DWIDTH 8 0
BBX 7 9 1 0
BITMAP
10
4C
46
C2
FE
0C
84
FC
3C
ENDCHAR
STARTCHAR uni1D75
ENCODING 7541
SWIDTH 374 0
DWIDTH 6 0
BBX 5 11 1 0
BITMAP
60
60
F8
60
60
68
F8
60
60
38
38
ENDCHAR
STARTCHAR uni1D76
ENCODING 7542
SWIDTH 495 0
DWIDTH 8 0
BBX 8 9 0 0
BITMAP
FE
06
0C
2E
7E
30
60
7F
7F
ENDCHAR
STARTCHAR uni1D77
ENCODING 7543
SWIDTH 561 0
DWIDTH 9 0
BBX 8 12 1 -3
BITMAP
0C
7E
60
48
7E
46
42
42
43
43
E2
7E
ENDCHAR
STARTCHAR uni1D78
ENCODING 7544
SWIDTH 529 0
DWIDTH 8 0
BBX 7 8 1 6
BITMAP
42
42
42
42
FE
42
42
42
ENDCHAR
STARTCHAR uni1D79
ENCODING 7545
SWIDTH 519 0
DWIDTH 8 0
BBX 8 12 0 -3
BITMAP
7F
0E
18
10
08
0C
3F
C3
42
C3
62
3C
ENDCHAR
STARTCHAR uni1D7A
ENCODING 7546
SWIDTH 828 0
DWIDTH 13 0
BBX 13 12 0 0
BITMAP
0620
26C0
26C0
FF80
27F0
2330
2718
2E18
3E18
3618
3E18
7E18
ENDCHAR
STARTCHAR uni1D7B
ENCODING 7547
SWIDTH 330 0
DWIDTH 5 0
BBX 5 9 0 0
BITMAP
78
20
20
F8
F8
20
20
78
78
ENDCHAR
STARTCHAR uni1D7C
ENCODING 7548
SWIDTH 346 0
DWIDTH 6 0
BBX 5 9 0 0
BITMAP
20
20
20
F8
F8
20
20
38
18
ENDCHAR
STARTCHAR uni1D7D
ENCODING 7549
SWIDTH 630 0
DWIDTH 10 0
BBX 10 12 0 -3
BITMAP
3400
3F00
3180
FFC0
FFC0
3180
3180
3F80
3F00
3000
3000
3000
ENDCHAR
STARTCHAR uni1D7E
ENCODING 7550
SWIDTH 664 0
DWIDTH 11 0
BBX 10 9 1 0
BITMAP
C100
C100
C100
FFC0
FFC0
C100
6180
3F00
3E00
ENDCHAR
STARTCHAR uni1D7F
ENCODING 7551
SWIDTH 602 0
DWIDTH 10 0
BBX 9 9 1 0
BITMAP
C300
6300
4600
FF80
FF80
8300
8100
FF00
7C00
ENDCHAR
STARTCHAR uni1D80
ENCODING 7552
SWIDTH 562 0
DWIDTH 9 0
BBX 7 15 2 -3
BITMAP
80
80
80
90
FC
86
84
84
84
8C
FC
FC
04
04
38
ENDCHAR
STARTCHAR uni1D81
ENCODING 7553
SWIDTH 588 0
DWIDTH 9 0
BBX 9 15 1 -3
BITMAP
0200
0200
0200
1200
3F00
6200
4200
4200
C200
6200
3F80
1F80
0080
0080
0700
ENDCHAR
STARTCHAR uni1D82
ENCODING 7554
SWIDTH 347 0
DWIDTH 6 0
BBX 6 16 0 -3
BITMAP
08
1C
30
30
F8
30
30
30
30
30
30
38
38
18
18
30
ENDCHAR
STARTCHAR uni1D83
ENCODING 7555
SWIDTH 683 0
DWIDTH 11 0
BBX 11 12 1 -3
BITMAP
1200
7E00
6200
4200
4200
C200
6200
7FC0
1F60
4360
E260
3CC0
ENDCHAR
STARTCHAR uni1D84
ENCODING 7556
SWIDTH 527 0
DWIDTH 8 0
BBX 8 15 1 -3
BITMAP
40
40
40
46
4C
58
70
F0
58
4C
47
43
02
02
06
ENDCHAR
STARTCHAR uni1D85
ENCODING 7557
SWIDTH 278 0
DWIDTH 4 0
BBX 3 15 2 -3
BITMAP
80
80
80
80
80
80
80
80
80
80
E0
E0
40
40
C0
ENDCHAR
STARTCHAR uni1D86
ENCODING 7558
SWIDTH 904 0
DWIDTH 14 0
BBX 14 12 1 -3
BITMAP
48C0
FFF0
4330
4618
4618
4618
4618
461C
461C
000C
000C
0018
ENDCHAR
STARTCHAR uni1D87
ENCODING 7559
SWIDTH 580 0
DWIDTH 9 0
BBX 8 12 2 -3
BITMAP
90
FC
CC
8C
8C
8C
8C
8E
8E
03
03
0C
ENDCHAR
STARTCHAR uni1D88
ENCODING 7560
SWIDTH 561 0
DWIDTH 9 0
BBX 6 12 2 -3
BITMAP
90
FC
8C
84
84
84
8C
FC
FC
84
84
B8
ENDCHAR
STARTCHAR uni1D89
ENCODING 7561
SWIDTH 338 0
DWIDTH 5 0
BBX 4 12 2 -3
BITMAP
90
E0
80
80
80
80
80
E0
E0
40
40
C0
ENDCHAR
STARTCHAR uni1D8A
ENCODING 7562
SWIDTH 515 0
DWIDTH 8 0
BBX 7 12 2 -3
BITMAP
20
5C
CC
C0
78
0C
8C
FE
7C
0C
0C
18
ENDCHAR
STARTCHAR uni1D8B
ENCODING 7563
SWIDTH 402 0
DWIDTH 6 0
BBX 7 16 1 -3
BITMAP
08
1C
30
30
30
30
30
30
30
30
30
3E
36
36
66
EC
ENDCHAR
STARTCHAR uni1D8C
ENCODING 7564
SWIDTH 484 0
DWIDTH 8 0
BBX 7 12 0 -3
BITMAP
C2
46
22
64
2C
14
38
1E
0E
02
02
0E
ENDCHAR
STARTCHAR uni1D8D
ENCODING 7565
SWIDTH 495 0
DWIDTH 8 0
BBX 8 12 0 -3
BITMAP
63
66
3C
1C
18
3C
36
67
C3
01
01
07
ENDCHAR
STARTCHAR uni1D8E
ENCODING 7566
SWIDTH 495 0
DWIDTH 8 0
BBX 7 12 1 -3
BITMAP
7E
06
0C
18
18
30
60
FE
FE
06
06
0C
ENDCHAR
STARTCHAR uni1D8F
ENCODING 7567
SWIDTH 585 0
DWIDTH 9 0
BBX 9 12 1 -3
BITMAP
3000
6E00
0600
0E00
3E00
C600
4600
7F00
3F00
0100
0100
0180
ENDCHAR
STARTCHAR uni1D90
ENCODING 7568
SWIDTH 629 0
DWIDTH 10 0
BBX 11 12 1 -3
BITMAP
1200
7E00
6200
C200
4200
4200
6200
3F80
3980
0080
0080
00E0
ENDCHAR
STARTCHAR uni1D91
ENCODING 7569
SWIDTH 563 0
DWIDTH 9 0
BBX 10 16 1 -3
BITMAP
0080
0180
0200
0200
1200
3F00
6200
4200
4200
C200
6200
3F00
1F00
0200
0200
01C0
ENDCHAR
STARTCHAR uni1D92
ENCODING 7570
SWIDTH 534 0
DWIDTH 9 0
BBX 8 12 2 -3
BITMAP
60
FC
C6
84
FE
80
C4
7E
7E
04
04
07
ENDCHAR
STARTCHAR uni1D93
ENCODING 7571
SWIDTH 538 0
DWIDTH 9 0
BBX 9 12 1 -3
BITMAP
0800
2C00
C000
6000
3800
7000
4200
7F00
7E00
0200
0200
0380
ENDCHAR
STARTCHAR uni1D94
ENCODING 7572
SWIDTH 532 0
DWIDTH 9 0
BBX 8 12 1 -3
BITMAP
08
74
03
06
1C
0E
42
FE
7E
40
40
60
ENDCHAR
STARTCHAR uni1D95
ENCODING 7573
SWIDTH 645 0
DWIDTH 10 0
BBX 11 12 1 -3
BITMAP
0C00
7E00
0600
0200
FF80
42C0
66C0
7CC0
7CC0
00C0
00C0
00E0
ENDCHAR
STARTCHAR uni1D96
ENCODING 7574
SWIDTH 280 0
DWIDTH 4 0
BBX 4 15 1 -3
BITMAP
40
40
00
C0
C0
C0
C0
C0
C0
C0
60
60
20
20
30
ENDCHAR
STARTCHAR uni1D97
ENCODING 7575
SWIDTH 528 0
DWIDTH 8 0
BBX 8 12 1 -3
BITMAP
10
3E
63
02
02
02
43
FE
7C
40
40
60
ENDCHAR
STARTCHAR uni1D98
ENCODING 7576
SWIDTH 401 0
DWIDTH 6 0
BBX 6 16 1 -3
BITMAP
04
1C
30
30
30
30
30
30
30
30
30
30
E0
80
80
C0
ENDCHAR
STARTCHAR uni1D99
ENCODING 7577
SWIDTH 603 0
DWIDTH 10 0
BBX 9 12 1 -3
BITMAP
4600
4600
4600
4600
4600
4600
4600
FF00
7F00
0300
0300
0180
ENDCHAR
STARTCHAR uni1D9A
ENCODING 7578
SWIDTH 582 0
DWIDTH 9 0
BBX 8 13 1 -4
BITMAP
7F
06
0C
18
18
3E
03
01
41
63
7E
C0
60
ENDCHAR
STARTCHAR uni1D9B
ENCODING 7579
SWIDTH 459 0
DWIDTH 7 0
BBX 7 7 0 5
BITMAP
D8
6C
42
42
42
66
18
ENDCHAR
STARTCHAR uni1D9C
ENCODING 7580
SWIDTH 394 0
DWIDTH 6 0
BBX 6 7 0 5
BITMAP
10
78
C0
40
44
78
78
ENDCHAR
STARTCHAR uni1D9D
ENCODING 7581
SWIDTH 425 0
DWIDTH 7 0
BBX 5 7 1 5
BITMAP
20
78
C0
D0
E8
F8
F0
ENDCHAR
STARTCHAR uni1D9E
ENCODING 7582
SWIDTH 430 0
DWIDTH 7 0
BBX 6 9 1 5
BITMAP
38
30
58
38
8C
8C
98
F0
F0
ENDCHAR
STARTCHAR uni1D9F
ENCODING 7583
SWIDTH 377 0
DWIDTH 6 0
BBX 5 7 1 5
BITMAP
20
F0
10
70
18
F8
F0
ENDCHAR
STARTCHAR uni1DA0
ENCODING 7584
SWIDTH 288 0
DWIDTH 5 0
BBX 4 9 0 6
BITMAP
10
30
20
F0
20
20
20
20
20
ENDCHAR
STARTCHAR uni1DA1
ENCODING 7585
SWIDTH 303 0
DWIDTH 5 0
BBX 4 9 1 3
BITMAP
60
60
F0
F0
60
60
60
60
C0
ENDCHAR
STARTCHAR uni1DA2
ENCODING 7586
SWIDTH 429 0
DWIDTH 7 0
BBX 5 9 1 3
BITMAP
38
F8
98
98
98
F8
F8
88
F8
ENDCHAR
STARTCHAR uni1DA3
ENCODING 7587
SWIDTH 411 0
DWIDTH 7 0
BBX 5 9 2 3
BITMAP
90
90
90
90
90
F8
78
10
10
ENDCHAR
STARTCHAR uni1DA4
ENCODING 7588
SWIDTH 297 0
DWIDTH 5 0
BBX 4 8 1 6
BITMAP
40
00
60
60
F0
F0
60
60
ENDCHAR
STARTCHAR uni1DA5
ENCODING 7589
SWIDTH 246 0
DWIDTH 4 0
BBX 3 7 2 5
BITMAP
80
80
80
80
80
C0
E0
ENDCHAR
STARTCHAR uni1DA6
ENCODING 7590
SWIDTH 297 0
DWIDTH 5 0
BBX 4 6 1 6
BITMAP
F0
60
60
60
60
F0
ENDCHAR
STARTCHAR uni1DA7
ENCODING 7591
SWIDTH 297 0
DWIDTH 5 0
BBX 4 6 1 6
BITMAP
F0
60
F0
60
60
F0
ENDCHAR
STARTCHAR uni1DA8
ENCODING 7592
SWIDTH 324 0
DWIDTH 5 0
BBX 4 11 1 3
BITMAP
60
00
60
60
60
60
60
60
F0
E0
E0
ENDCHAR
STARTCHAR uni1DA9
ENCODING 7593
SWIDTH 222 0
DWIDTH 4 0
BBX 2 12 2 3
BITMAP
80
80
80
80
80
80
80
80
80
80
C0
C0
ENDCHAR
STARTCHAR uni1DAA
ENCODING 7594
SWIDTH 235 0
DWIDTH 4 0
BBX 2 12 2 3
BITMAP
80
80
80
80
80
80
80
80
C0
40
40
C0
ENDCHAR
STARTCHAR uni1DAB
ENCODING 7595
SWIDTH 344 0
DWIDTH 6 0
BBX 4 6 2 6
BITMAP
80
80
80
80
80
F0
ENDCHAR
STARTCHAR uni1DAC
ENCODING 7596
SWIDTH 641 0
DWIDTH 10 0
BBX 8 9 2 3
BITMAP
A2
FF
93
93
93
93
03
03
03
ENDCHAR
STARTCHAR uni1DAD
ENCODING 7597
SWIDTH 641 0
DWIDTH 10 0
BBX 8 9 2 3
BITMAP
93
93
93
93
93
FF
6F
03
03
ENDCHAR
STARTCHAR uni1DAE
ENCODING 7598
SWIDTH 443 0
DWIDTH 7 0
BBX 5 9 1 3
BITMAP
50
F8
48
48
48
48
40
40
C0
ENDCHAR
STARTCHAR uni1DAF
ENCODING 7599
SWIDTH 452 0
DWIDTH 7 0
BBX 6 9 1 3
BITMAP
50
F8
48
48
48
48
08
08
0C
ENDCHAR
STARTCHAR uni1DB0
ENCODING 7600
SWIDTH 478 0
DWIDTH 8 0
BBX 7 6 1 6
BITMAP
C4
64
74
5C
4E
4C
ENDCHAR
STARTCHAR uni1DB1
ENCODING 7601
SWIDTH 424 0
DWIDTH 7 0
BBX 7 7 0 5
BITMAP
10
78
CC
FC
46
7C
78
ENDCHAR
STARTCHAR uni1DB2
ENCODING 7602
SWIDTH 542 0
DWIDTH 9 0
BBX 8 12 1 3
BITMAP
10
10
10
38
D6
96
93
93
FE
FE
10
10
ENDCHAR
STARTCHAR uni1DB3
ENCODING 7603
SWIDTH 377 0
DWIDTH 6 0
BBX 6 9 0 3
BITMAP
20
48
C0
38
0C
7C
78
40
60
ENDCHAR
STARTCHAR uni1DB4
ENCODING 7604
SWIDTH 254 0
DWIDTH 4 0
BBX 3 12 1 3
BITMAP
40
60
40
40
40
40
40
40
40
40
40
C0
ENDCHAR
STARTCHAR uni1DB5
ENCODING 7605
SWIDTH 269 0
DWIDTH 4 0
BBX 4 10 0 3
BITMAP
20
F0
20
20
20
20
70
30
30
30
ENDCHAR
STARTCHAR uni1DB6
ENCODING 7606
SWIDTH 460 0
DWIDTH 7 0
BBX 7 7 0 5
BITMAP
24
24
24
FE
24
7C
38
ENDCHAR
STARTCHAR uni1DB7
ENCODING 7607
SWIDTH 461 0
DWIDTH 7 0
BBX 7 7 1 5
BITMAP
42
6C
24
C4
42
7E
38
ENDCHAR
STARTCHAR uni1DB8
ENCODING 7608
SWIDTH 459 0
DWIDTH 7 0
BBX 6 7 2 5
BITMAP
8C
8C
8C
8C
8C
F8
F0
ENDCHAR
STARTCHAR uni1DB9
ENCODING 7609
SWIDTH 424 0
DWIDTH 7 0
BBX 5 7 2 5
BITMAP
A0
B8
88
88
88
F8
70
ENDCHAR
STARTCHAR uni1DBA
ENCODING 7610
SWIDTH 389 0
DWIDTH 6 0
BBX 5 6 1 6
BITMAP
20
60
70
70
90
C8
ENDCHAR
STARTCHAR uni1DBB
ENCODING 7611
SWIDTH 348 0
DWIDTH 6 0
BBX 5 6 0 6
BITMAP
F8
08
18
20
40
F8
ENDCHAR
STARTCHAR uni1DBC
ENCODING 7612
SWIDTH 400 0
DWIDTH 6 0
BBX 6 9 0 3
BITMAP
F8
08
18
20
40
F8
08
08
0C
ENDCHAR
STARTCHAR uni1DBD
ENCODING 7613
SWIDTH 449 0
DWIDTH 7 0
BBX 7 8 0 4
BITMAP
F8
08
18
24
4C
FE
30
20
ENDCHAR
STARTCHAR uni1DBE
ENCODING 7614
SWIDTH 408 0
DWIDTH 7 0
BBX 6 9 1 3
BITMAP
F8
10
10
20
20
38
0C
88
F0
ENDCHAR
STARTCHAR uni1DBF
ENCODING 7615
SWIDTH 457 0
DWIDTH 7 0
BBX 7 9 1 5
BITMAP
10
78
CC
46
FC
46
CC
78
78
ENDCHAR
STARTCHAR uni1DC0
ENCODING 7616
SWIDTH 0 0
DWIDTH 0 0
BBX 7 2 -8 10
BITMAP
36
D6
ENDCHAR
STARTCHAR uni1DC1
ENCODING 7617
SWIDTH 0 0
DWIDTH 0 0
BBX 6 2 -7 10
BITMAP
B0
AC
ENDCHAR
STARTCHAR uni1DC2
ENCODING 7618
SWIDTH 0 0
DWIDTH 0 0
BBX 2 4 -5 -4
BITMAP
40
40
40
C0
ENDCHAR
STARTCHAR uni1DC3
ENCODING 7619
SWIDTH 0 0
DWIDTH 0 0
BBX 4 3 -5 10
BITMAP
10
B0
C0
ENDCHAR
STARTCHAR uni1DC4
ENCODING 7620
SWIDTH 0 0
DWIDTH 0 0
BBX 5 2 -6 10
BITMAP
18
F0
ENDCHAR
STARTCHAR uni1DC5
ENCODING 7621
SWIDTH 0 0
DWIDTH 0 0
BBX 5 2 -6 10
BITMAP
80
78
ENDCHAR
STARTCHAR uni1DC6
ENCODING 7622
SWIDTH 0 0
DWIDTH 0 0
BBX 4 2 -5 10
BITMAP
F0
10
ENDCHAR
STARTCHAR uni1DC7
ENCODING 7623
SWIDTH 0 0
DWIDTH 0 0
BBX 6 2 -7 10
BITMAP
7C
C0
ENDCHAR
STARTCHAR uni1DC8
ENCODING 7624
SWIDTH 0 0
DWIDTH 0 0
BBX 6 2 -6 10
BITMAP
B8
64
ENDCHAR
STARTCHAR uni1DC9
ENCODING 7625
SWIDTH 0 0
DWIDTH 0 0
BBX 5 2 -6 10
BITMAP
F8
98
ENDCHAR
STARTCHAR uni1DCA
ENCODING 7626
SWIDTH 0 0
DWIDTH 0 0
BBX 3 4 -5 -4
BITMAP
A0
C0
80
80
ENDCHAR
STARTCHAR uni1DCB
ENCODING 7627
SWIDTH 0 0
DWIDTH 0 0
BBX 9 2 -8 10
BITMAP
9F80
F000
ENDCHAR
STARTCHAR uni1DCC
ENCODING 7628
SWIDTH 0 0
DWIDTH 0 0
BBX 10 2 -9 10
BITMAP
FC40
0780
ENDCHAR
STARTCHAR uni1DCD
ENCODING 7629
SWIDTH 0 0
DWIDTH 0 0
BBX 13 2 -6 10
BITMAP
1F80
F078
ENDCHAR
STARTCHAR uni1DCE
ENCODING 7630
SWIDTH 0 0
DWIDTH 0 0
BBX 3 4 -4 8
BITMAP
C0
60
40
C0
ENDCHAR
STARTCHAR uni1DCF
ENCODING 7631
SWIDTH 0 0
DWIDTH 0 0
BBX 3 4 -5 -4
BITMAP
80
80
E0
40
ENDCHAR
STARTCHAR uni1DD0
ENCODING 7632
SWIDTH 0 0
DWIDTH 0 0
BBX 6 3 -6 -3
BITMAP
40
C4
7C
ENDCHAR
STARTCHAR uni1DD1
ENCODING 7633
SWIDTH 0 0
DWIDTH 0 0
BBX 5 3 -7 9
BITMAP
48
A8
58
ENDCHAR
STARTCHAR uni1DD2
ENCODING 7634
SWIDTH 0 0
DWIDTH 0 0
BBX 5 6 -7 9
BITMAP
70
48
88
08
10
20
ENDCHAR
STARTCHAR uni1DD3
ENCODING 7635
SWIDTH 0 0
DWIDTH 0 0
BBX 6 1 -7 10
BITMAP
FC
ENDCHAR
STARTCHAR uni1DD4
ENCODING 7636
SWIDTH 0 0
DWIDTH 0 0
BBX 6 4 -7 10
BITMAP
F8
3C
E0
FC
ENDCHAR
STARTCHAR uni1DD5
ENCODING 7637
SWIDTH 0 0
DWIDTH 0 0
BBX 7 4 -8 10
BITMAP
7C
1E
72
EE
ENDCHAR
STARTCHAR uni1DD6
ENCODING 7638
SWIDTH 0 0
DWIDTH 0 0
BBX 5 4 -7 10
BITMAP
C8
28
F0
F0
ENDCHAR
STARTCHAR uni1DD7
ENCODING 7639
SWIDTH 0 0
DWIDTH 0 0
BBX 4 6 -6 8
BITMAP
70
40
80
50
20
30
ENDCHAR
STARTCHAR uni1DD8
ENCODING 7640
SWIDTH 0 0
DWIDTH 0 0
BBX 5 6 -7 10
BITMAP
40
10
30
48
88
78
ENDCHAR
STARTCHAR uni1DD9
ENCODING 7641
SWIDTH 0 0
DWIDTH 0 0
BBX 5 6 -7 10
BITMAP
48
30
38
48
88
78
ENDCHAR
STARTCHAR uni1DDA
ENCODING 7642
SWIDTH 0 0
DWIDTH 0 0
BBX 5 6 -6 8
BITMAP
70
70
90
78
10
70
ENDCHAR
STARTCHAR uni1DDB
ENCODING 7643
SWIDTH 0 0
DWIDTH 0 0
BBX 5 4 -7 10
BITMAP
50
40
98
78
ENDCHAR
STARTCHAR uni1DDC
ENCODING 7644
SWIDTH 0 0
DWIDTH 0 0
BBX 4 6 -6 10
BITMAP
80
80
90
A0
60
90
ENDCHAR
STARTCHAR uni1DDD
ENCODING 7645
SWIDTH 0 0
DWIDTH 0 0
BBX 1 6 -5 10
BITMAP
80
80
80
80
80
80
ENDCHAR
STARTCHAR uni1DDE
ENCODING 7646
SWIDTH 0 0
DWIDTH 0 0
BBX 4 4 -6 10
BITMAP
80
80
80
70
ENDCHAR
STARTCHAR uni1DDF
ENCODING 7647
SWIDTH 0 0
DWIDTH 0 0
BBX 6 4 -7 10
BITMAP
CC
AC
B4
94
ENDCHAR
STARTCHAR uni1DE0
ENCODING 7648
SWIDTH 0 0
DWIDTH 0 0
BBX 4 4 -6 10
BITMAP
60
B0
90
90
ENDCHAR
STARTCHAR uni1DE1
ENCODING 7649
SWIDTH 0 0
DWIDTH 0 0
BBX 5 4 -7 10
BITMAP
C8
A8
98
88
ENDCHAR
STARTCHAR uni1DE2
ENCODING 7650
SWIDTH 0 0
DWIDTH 0 0
BBX 4 4 -6 10
BITMAP
90
90
B0
90
ENDCHAR
STARTCHAR uni1DE3
ENCODING 7651
SWIDTH 0 0
DWIDTH 0 0
BBX 3 4 -6 10
BITMAP
E0
20
20
20
ENDCHAR
STARTCHAR uni1DE4
ENCODING 7652
SWIDTH 0 0
DWIDTH 0 0
BBX 3 4 -5 10
BITMAP
C0
80
60
A0
ENDCHAR
STARTCHAR uni1DE5
ENCODING 7653
SWIDTH 0 0
DWIDTH 0 0
BBX 3 6 -5 10
BITMAP
60
80
80
80
80
80
ENDCHAR
STARTCHAR uni1DE6
ENCODING 7654
SWIDTH 0 0
DWIDTH 0 0
BBX 3 4 -5 10
BITMAP
E0
40
80
E0
ENDCHAR
STARTCHAR uni1DE7
ENCODING 7655
SWIDTH 0 0
DWIDTH 0 0
BBX 5 4 -7 10
BITMAP
70
70
90
78
ENDCHAR
STARTCHAR uni1DE8
ENCODING 7656
SWIDTH 0 0
DWIDTH 0 0
BBX 4 6 -6 10
BITMAP
80
80
70
90
90
B0
ENDCHAR
STARTCHAR uni1DE9
ENCODING 7657
SWIDTH 0 0
DWIDTH 0 0
BBX 5 8 -7 8
BITMAP
20
50
90
90
88
90
80
80
ENDCHAR
STARTCHAR uni1DEA
ENCODING 7658
SWIDTH 0 0
DWIDTH 0 0
BBX 4 4 -6 10
BITMAP
20
10
90
70
ENDCHAR
STARTCHAR uni1DEB
ENCODING 7659
SWIDTH 0 0
DWIDTH 0 0
BBX 3 6 -6 10
BITMAP
60
40
E0
40
40
40
ENDCHAR
STARTCHAR uni1DEC
ENCODING 7660
SWIDTH 0 0
DWIDTH 0 0
BBX 3 6 -6 10
BITMAP
40
40
E0
60
40
40
ENDCHAR
STARTCHAR uni1DED
ENCODING 7661
SWIDTH 0 0
DWIDTH 0 0
BBX 4 6 -6 8
BITMAP
E0
F0
90
E0
80
80
ENDCHAR
STARTCHAR uni1DEE
ENCODING 7662
SWIDTH 0 0
DWIDTH 0 0
BBX 4 6 -6 8
BITMAP
70
90
90
F0
80
80
ENDCHAR
STARTCHAR uni1DEF
ENCODING 7663
SWIDTH 0 0
DWIDTH 0 0
BBX 3 8 -5 8
BITMAP
60
40
40
40
40
40
40
C0
ENDCHAR
STARTCHAR uni1DF0
ENCODING 7664
SWIDTH 0 0
DWIDTH 0 0
BBX 4 6 -6 8
BITMAP
90
90
90
70
80
80
ENDCHAR
STARTCHAR uni1DF1
ENCODING 7665
SWIDTH 0 0
DWIDTH 0 0
BBX 5 4 -6 10
BITMAP
E8
E8
D8
50
ENDCHAR
STARTCHAR uni1DF2
ENCODING 7666
SWIDTH 0 0
DWIDTH 0 0
BBX 4 6 -6 10
BITMAP
50
00
60
10
70
F0
ENDCHAR
STARTCHAR uni1DF3
ENCODING 7667
SWIDTH 0 0
DWIDTH 0 0
BBX 5 6 -7 10
BITMAP
50
00
70
70
88
78
ENDCHAR
STARTCHAR uni1DF4
ENCODING 7668
SWIDTH 0 0
DWIDTH 0 0
BBX 4 6 -6 10
BITMAP
50
00
90
90
90
F0
ENDCHAR
STARTCHAR uni1DF5
ENCODING 7669
SWIDTH 0 0
DWIDTH 0 0
BBX 3 2 -5 10
BITMAP
40
E0
ENDCHAR
STARTCHAR uni1DFC
ENCODING 7676
SWIDTH 0 0
DWIDTH 0 0
BBX 10 3 -5 -3
BITMAP
0800
7F00
E1C0
ENDCHAR
STARTCHAR uni1DFD
ENCODING 7677
SWIDTH 0 0
DWIDTH 0 0
BBX 5 3 -6 -3
BITMAP
48
B0
F8
ENDCHAR
STARTCHAR uni1DFE
ENCODING 7678
SWIDTH 0 0
DWIDTH 0 0
BBX 5 5 -6 10
BITMAP
38
70
80
70
18
ENDCHAR
STARTCHAR uni1DFF
ENCODING 7679
SWIDTH 0 0
DWIDTH 0 0
BBX 12 4 -10 -4
BITMAP
C330
1D40
7940
80C0
ENDCHAR
STARTCHAR uni1E00
ENCODING 7680
SWIDTH 652 0
DWIDTH 10 0
BBX 11 15 0 -3
BITMAP
0C00
0C00
0E00
0A00
1100
1B00
1100
3F80
7F80
2080
60C0
C060
0600
0A00
0600
ENDCHAR
STARTCHAR uni1E01
ENCODING 7681
SWIDTH 543 0
DWIDTH 9 0
BBX 8 12 1 -3
BITMAP
30
6E
06
0E
3E
C6
46
7F
3F
18
28
18
ENDCHAR
STARTCHAR uni1E02
ENCODING 7682
SWIDTH 622 0
DWIDTH 10 0
BBX 8 14 1 0
BITMAP
18
00
F0
4E
43
41
43
FE
4C
41
43
43
FE
F0
ENDCHAR
STARTCHAR uni1E03
ENCODING 7683
SWIDTH 561 0
DWIDTH 9 0
BBX 7 14 2 0
BITMAP
30
00
80
80
80
90
FC
86
84
84
84
8C
FC
F8
ENDCHAR
STARTCHAR uni1E04
ENCODING 7684
SWIDTH 622 0
DWIDTH 10 0
BBX 8 14 1 -2
BITMAP
F0
4E
43
41
43
FE
4C
41
43
43
FE
F0
10
18
ENDCHAR
STARTCHAR uni1E05
ENCODING 7685
SWIDTH 561 0
DWIDTH 9 0
BBX 7 14 2 -2
BITMAP
80
80
80
90
FC
86
84
84
84
8C
FC
F8
00
30
ENDCHAR
STARTCHAR uni1E06
ENCODING 7686
SWIDTH 622 0
DWIDTH 10 0
BBX 8 14 1 -2
BITMAP
F0
4E
43
41
43
FE
4C
41
43
43
FE
F0
00
7E
ENDCHAR
STARTCHAR uni1E07
ENCODING 7687
SWIDTH 561 0
DWIDTH 9 0
BBX 7 14 2 -2
BITMAP
80
80
80
90
FC
86
84
84
84
8C
FC
F8
00
FC
ENDCHAR
STARTCHAR uni1E08
ENCODING 7688
SWIDTH 650 0
DWIDTH 10 0
BBX 9 18 1 -3
BITMAP
0600
0400
0000
0400
1F00
6180
4180
C000
4000
4000
C000
6180
6180
7F00
0F00
0800
0400
0C00
ENDCHAR
STARTCHAR uni1E09
ENCODING 7689
SWIDTH 523 0
DWIDTH 8 0
BBX 8 15 1 -3
BITMAP
0C
10
00
30
7C
63
40
40
C0
62
7E
3C
10
04
18
ENDCHAR
STARTCHAR uni1E0A
ENCODING 7690
SWIDTH 655 0
DWIDTH 10 0
BBX 8 14 2 0
BITMAP
30
00
E0
9C
86
86
82
82
82
82
83
86
FC
E0
ENDCHAR
STARTCHAR uni1E0B
ENCODING 7691
SWIDTH 563 0
DWIDTH 9 0
BBX 8 14 1 0
BITMAP
18
00
02
02
02
12
3F
62
42
42
C2
62
3F
1E
ENDCHAR
STARTCHAR uni1E0C
ENCODING 7692
SWIDTH 655 0
DWIDTH 10 0
BBX 8 14 2 -2
BITMAP
E0
9C
86
86
82
82
82
82
83
86
FC
E0
20
30
ENDCHAR
STARTCHAR uni1E0D
ENCODING 7693
SWIDTH 563 0
DWIDTH 9 0
BBX 8 14 1 -2
BITMAP
02
02
02
12
3F
62
42
42
C2
62
3F
1E
00
0C
ENDCHAR
STARTCHAR uni1E0E
ENCODING 7694
SWIDTH 655 0
DWIDTH 10 0
BBX 8 14 2 -2
BITMAP
E0
9C
86
86
82
82
82
82
83
86
FC
E0
00
FC
ENDCHAR
STARTCHAR uni1E0F
ENCODING 7695
SWIDTH 563 0
DWIDTH 9 0
BBX 8 14 1 -2
BITMAP
02
02
02
12
3F
62
42
42
C2
62
3F
1E
00
3F
ENDCHAR
STARTCHAR uni1E10
ENCODING 7696
SWIDTH 655 0
DWIDTH 10 0
BBX 8 15 2 -3
BITMAP
E0
9C
86
86
82
82
82
82
83
86
FC
E0
20
20
30
ENDCHAR
STARTCHAR uni1E11
ENCODING 7697
SWIDTH 563 0
DWIDTH 9 0
BBX 8 15 1 -3
BITMAP
02
02
02
12
3F
62
42
42
C2
62
3F
1E
0C
0C
08
ENDCHAR
STARTCHAR uni1E12
ENCODING 7698
SWIDTH 655 0
DWIDTH 10 0
BBX 8 15 2 -3
BITMAP
E0
9C
86
86
82
82
82
82
83
86
FC
E0
20
30
48
ENDCHAR
STARTCHAR uni1E13
ENCODING 7699
SWIDTH 563 0
DWIDTH 9 0
BBX 8 15 1 -3
BITMAP
02
02
02
12
3F
62
42
42
C2
62
3F
1E
08
14
22
ENDCHAR
STARTCHAR uni1E14
ENCODING 7700
SWIDTH 568 0
DWIDTH 9 0
BBX 7 16 2 0
BITMAP
20
10
F8
00
FE
80
80
80
80
FC
80
80
80
80
FE
FE
ENDCHAR
STARTCHAR uni1E15
ENCODING 7701
SWIDTH 529 0
DWIDTH 8 0
BBX 7 15 2 0
BITMAP
60
30
10
7C
00
00
60
FC
C6
84
FE
80
C4
7E
78
ENDCHAR
STARTCHAR uni1E16
ENCODING 7702
SWIDTH 568 0
DWIDTH 9 0
BBX 7 16 2 0
BITMAP
10
20
F8
00
FE
80
80
80
80
FC
80
80
80
80
FE
FE
ENDCHAR
STARTCHAR uni1E17
ENCODING 7703
SWIDTH 529 0
DWIDTH 8 0
BBX 7 15 2 0
BITMAP
0C
10
10
7C
00
00
60
FC
C6
84
FE
80
C4
7E
78
ENDCHAR
STARTCHAR uni1E18
ENCODING 7704
SWIDTH 568 0
DWIDTH 9 0
BBX 7 15 2 -3
BITMAP
FE
80
80
80
80
FC
80
80
80
80
FE
FE
20
30
48
ENDCHAR
STARTCHAR uni1E19
ENCODING 7705
SWIDTH 529 0
DWIDTH 8 0
BBX 7 12 2 -3
BITMAP
60
FC
C6
84
FE
80
C4
7E
78
10
70
C8
ENDCHAR
STARTCHAR uni1E1A
ENCODING 7706
SWIDTH 568 0
DWIDTH 9 0
BBX 7 14 2 -2
BITMAP
FE
80
80
80
80
FC
80
80
80
80
FE
FE
24
F8
ENDCHAR
STARTCHAR uni1E1B
ENCODING 7707
SWIDTH 529 0
DWIDTH 8 0
BBX 7 11 2 -2
BITMAP
60
FC
C6
84
FE
80
C4
7E
78
24
7C
ENDCHAR
STARTCHAR uni1E1C
ENCODING 7708
SWIDTH 568 0
DWIDTH 9 0
BBX 7 18 2 -3
BITMAP
48
78
00
FE
80
80
80
80
FC
80
80
80
80
FE
FE
20
08
30
ENDCHAR
STARTCHAR uni1E1D
ENCODING 7709
SWIDTH 529 0
DWIDTH 8 0
BBX 7 15 2 -3
BITMAP
C8
38
00
60
FC
C6
84
FE
80
C4
7E
78
10
08
30
ENDCHAR
STARTCHAR uni1E1E
ENCODING 7710
SWIDTH 552 0
DWIDTH 9 0
BBX 7 14 2 0
BITMAP
30
00
FE
80
80
80
80
FC
FC
80
80
80
80
80
ENDCHAR
STARTCHAR uni1E1F
ENCODING 7711
SWIDTH 347 0
DWIDTH 6 0
BBX 6 16 0 0
BITMAP
10
18
00
08
1C
30
30
F8
30
30
30
30
30
30
30
30
ENDCHAR
STARTCHAR uni1E20
ENCODING 7712
SWIDTH 681 0
DWIDTH 11 0
BBX 9 14 1 0
BITMAP
3E00
0000
0400
3F00
6180
C180
C000
4000
4780
C180
6180
6180
3F80
1F00
ENDCHAR
STARTCHAR uni1E21
ENCODING 7713
SWIDTH 561 0
DWIDTH 9 0
BBX 8 15 1 -3
BITMAP
3E
00
00
12
3F
62
42
42
C2
62
3F
1F
43
E2
3C
ENDCHAR
STARTCHAR uni1E22
ENCODING 7714
SWIDTH 712 0
DWIDTH 11 0
BBX 9 14 1 0
BITMAP
0C00
0000
4180
4180
4180
4180
4180
FF80
4180
4180
4180
4180
4180
4180
ENDCHAR
STARTCHAR uni1E23
ENCODING 7715
SWIDTH 550 0
DWIDTH 9 0
BBX 6 14 2 0
BITMAP
60
00
80
80
80
90
FC
CC
8C
8C
8C
8C
8C
8C
ENDCHAR
STARTCHAR uni1E24
ENCODING 7716
SWIDTH 712 0
DWIDTH 11 0
BBX 9 14 1 -2
BITMAP
4180
4180
4180
4180
4180
FF80
4180
4180
4180
4180
4180
4180
0800
0C00
ENDCHAR
STARTCHAR uni1E25
ENCODING 7717
SWIDTH 550 0
DWIDTH 9 0
BBX 6 14 2 -2
BITMAP
80
80
80
90
FC
CC
8C
8C
8C
8C
8C
8C
20
30
ENDCHAR
STARTCHAR uni1E26
ENCODING 7718
SWIDTH 712 0
DWIDTH 11 0
BBX 9 14 1 0
BITMAP
3600
0000
4180
4180
4180
4180
4180
FF80
4180
4180
4180
4180
4180
4180
ENDCHAR
STARTCHAR uni1E27
ENCODING 7719
SWIDTH 550 0
DWIDTH 9 0
BBX 6 14 2 0
BITMAP
D8
00
80
80
80
90
FC
CC
8C
8C
8C
8C
8C
8C
ENDCHAR
STARTCHAR uni1E28
ENCODING 7720
SWIDTH 712 0
DWIDTH 11 0
BBX 9 15 1 -3
BITMAP
C180
C180
C180
C180
C180
FF80
C180
C180
C180
C180
C180
C180
4000
2000
C000
ENDCHAR
STARTCHAR uni1E29
ENCODING 7721
SWIDTH 550 0
DWIDTH 9 0
BBX 7 15 1 -3
BITMAP
C0
C0
C0
C8
7E
66
C6
C6
C6
C6
C6
C6
40
20
C0
ENDCHAR
STARTCHAR uni1E2A
ENCODING 7722
SWIDTH 712 0
DWIDTH 11 0
BBX 9 14 1 -2
BITMAP
4180
4180
4180
4180
4180
FF80
4180
4180
4180
4180
4180
4180
2600
1E00
ENDCHAR
STARTCHAR uni1E2B
ENCODING 7723
SWIDTH 550 0
DWIDTH 9 0
BBX 6 14 2 -2
BITMAP
80
80
80
90
FC
CC
8C
8C
8C
8C
8C
8C
48
78
ENDCHAR
STARTCHAR uni1E2C
ENCODING 7724
SWIDTH 354 0
DWIDTH 6 0
BBX 5 14 1 -2
BITMAP
60
60
60
60
60
60
60
60
60
60
60
60
48
F8
ENDCHAR
STARTCHAR uni1E2D
ENCODING 7725
SWIDTH 350 0
DWIDTH 6 0
BBX 5 14 1 -2
BITMAP
20
20
00
60
60
60
60
60
60
60
60
60
48
F8
ENDCHAR
STARTCHAR uni1E2E
ENCODING 7726
SWIDTH 353 0
DWIDTH 6 0
BBX 6 16 0 0
BITMAP
08
10
CC
00
10
10
10
10
10
10
10
10
10
10
10
10
ENDCHAR
STARTCHAR uni1E2F
ENCODING 7727
SWIDTH 329 0
DWIDTH 5 0
BBX 4 15 1 0
BITMAP
30
30
40
90
90
00
40
40
40
40
40
40
40
40
40
ENDCHAR
STARTCHAR uni1E30
ENCODING 7728
SWIDTH 626 0
DWIDTH 10 0
BBX 9 15 1 0
BITMAP
0C00
1800
0000
4180
4300
4600
4C00
5800
7000
F800
CC00
4600
4300
4180
4180
ENDCHAR
STARTCHAR uni1E31
ENCODING 7729
SWIDTH 506 0
DWIDTH 8 0
BBX 8 15 1 0
BITMAP
0C
08
00
40
40
40
46
4C
58
70
F0
58
4C
46
43
ENDCHAR
STARTCHAR uni1E32
ENCODING 7730
SWIDTH 626 0
DWIDTH 10 0
BBX 9 14 1 -2
BITMAP
4180
4300
4600
4C00
5800
7000
F800
CC00
4600
4300
4180
4180
0800
0800
ENDCHAR
STARTCHAR uni1E33
ENCODING 7731
SWIDTH 506 0
DWIDTH 8 0
BBX 8 14 1 -2
BITMAP
40
40
40
46
4C
58
70
F0
58
4C
46
43
30
30
ENDCHAR
STARTCHAR uni1E34
ENCODING 7732
SWIDTH 626 0
DWIDTH 10 0
BBX 9 13 1 -1
BITMAP
4180
4300
4600
4C00
5800
7000
F800
CC00
4600
4300
4180
4180
7E00
ENDCHAR
STARTCHAR uni1E35
ENCODING 7733
SWIDTH 506 0
DWIDTH 8 0
BBX 8 13 1 -1
BITMAP
40
40
40
46
4C
58
70
F0
58
4C
46
43
7E
ENDCHAR
STARTCHAR uni1E36
ENCODING 7734
SWIDTH 538 0
DWIDTH 9 0
BBX 7 14 1 -2
BITMAP
40
40
40
40
40
40
40
40
40
40
FE
FE
10
18
ENDCHAR
STARTCHAR uni1E37
ENCODING 7735
SWIDTH 242 0
DWIDTH 4 0
BBX 2 14 1 -2
BITMAP
C0
C0
C0
C0
C0
C0
C0
C0
C0
C0
C0
C0
40
C0
ENDCHAR
STARTCHAR uni1E38
ENCODING 7736
SWIDTH 538 0
DWIDTH 9 0
BBX 8 16 0 -2
BITMAP
F8
00
20
20
20
20
20
20
20
20
20
20
7F
7F
08
0C
ENDCHAR
STARTCHAR uni1E39
ENCODING 7737
SWIDTH 242 0
DWIDTH 4 0
BBX 5 17 0 -2
BITMAP
F8
00
00
20
20
20
20
20
20
20
20
20
20
20
20
20
60
ENDCHAR
STARTCHAR uni1E3A
ENCODING 7738
SWIDTH 538 0
DWIDTH 9 0
BBX 7 14 1 -2
BITMAP
40
40
40
40
40
40
40
40
40
40
FE
FE
00
7E
ENDCHAR
STARTCHAR uni1E3B
ENCODING 7739
SWIDTH 242 0
DWIDTH 4 0
BBX 6 14 -1 -2
BITMAP
10
10
10
10
10
10
10
10
10
10
10
10
00
FC
ENDCHAR
STARTCHAR uni1E3C
ENCODING 7740
SWIDTH 538 0
DWIDTH 9 0
BBX 7 15 1 -3
BITMAP
40
40
40
40
40
40
40
40
40
40
FE
FE
10
18
24
ENDCHAR
STARTCHAR uni1E3D
ENCODING 7741
SWIDTH 242 0
DWIDTH 4 0
BBX 5 15 1 -3
BITMAP
40
40
40
40
40
40
40
40
40
40
40
40
40
A0
98
ENDCHAR
STARTCHAR uni1E3E
ENCODING 7742
SWIDTH 873 0
DWIDTH 14 0
BBX 11 15 2 0
BITMAP
0600
0600
0000
C060
C060
E0E0
A0A0
E120
A320
9120
9B20
8A20
8E20
8C20
8420
ENDCHAR
STARTCHAR uni1E3F
ENCODING 7743
SWIDTH 876 0
DWIDTH 14 0
BBX 13 12 1 0
BITMAP
0300
0300
0000
48C0
FFF0
4330
4618
4618
4618
4618
4618
4618
ENDCHAR
STARTCHAR uni1E40
ENCODING 7744
SWIDTH 873 0
DWIDTH 14 0
BBX 11 14 2 0
BITMAP
0C00
0000
C060
C060
E0E0
A0A0
E120
A320
9120
9B20
8A20
8E20
8C20
8420
ENDCHAR
STARTCHAR uni1E41
ENCODING 7745
SWIDTH 876 0
DWIDTH 14 0
BBX 13 12 1 0
BITMAP
0600
0600
0000
48C0
FFF0
4330
4618
4618
4618
4618
4618
4618
ENDCHAR
STARTCHAR uni1E42
ENCODING 7746
SWIDTH 873 0
DWIDTH 14 0
BBX 11 14 2 -2
BITMAP
C060
C060
E0E0
A0A0
E120
A320
9120
9B20
8A20
8E20
8C20
8420
0400
0C00
ENDCHAR
STARTCHAR uni1E43
ENCODING 7747
SWIDTH 876 0
DWIDTH 14 0
BBX 13 11 1 -2
BITMAP
48C0
FFF0
4330
4618
4618
4618
4618
4618
4618
0200
0600
ENDCHAR
STARTCHAR uni1E44
ENCODING 7748
SWIDTH 712 0
DWIDTH 11 0
BBX 9 14 1 0
BITMAP
0C00
0000
C180
6180
7180
7180
5980
4D80
4D80
4780
4380
4380
4180
4180
ENDCHAR
STARTCHAR uni1E45
ENCODING 7749
SWIDTH 551 0
DWIDTH 9 0
BBX 6 12 2 0
BITMAP
20
20
00
90
FC
CC
8C
8C
8C
8C
8C
8C
ENDCHAR
STARTCHAR uni1E46
ENCODING 7750
SWIDTH 712 0
DWIDTH 11 0
BBX 9 14 1 -2
BITMAP
C180
6180
7180
7180
5980
4D80
4D80
4780
4380
4380
4180
4180
0800
0C00
ENDCHAR
STARTCHAR uni1E47
ENCODING 7751
SWIDTH 551 0
DWIDTH 9 0
BBX 6 11 2 -2
BITMAP
90
FC
CC
8C
8C
8C
8C
8C
8C
20
30
ENDCHAR
STARTCHAR uni1E48
ENCODING 7752
SWIDTH 712 0
DWIDTH 11 0
BBX 9 14 1 -2
BITMAP
C180
6180
7180
7180
5980
4D80
4D80
4780
4380
4380
4180
4180
0000
3F00
ENDCHAR
STARTCHAR uni1E49
ENCODING 7753
SWIDTH 551 0
DWIDTH 9 0
BBX 6 11 2 -2
BITMAP
90
FC
CC
8C
8C
8C
8C
8C
8C
00
FC
ENDCHAR
STARTCHAR uni1E4A
ENCODING 7754
SWIDTH 712 0
DWIDTH 11 0
BBX 9 15 1 -3
BITMAP
C180
6180
7180
7180
5980
4D80
4D80
4780
4380
4380
4180
4180
0800
1600
1600
ENDCHAR
STARTCHAR uni1E4B
ENCODING 7755
SWIDTH 551 0
DWIDTH 9 0
BBX 6 12 2 -3
BITMAP
90
FC
CC
8C
8C
8C
8C
8C
8C
20
58
58
ENDCHAR
STARTCHAR uni1E4C
ENCODING 7756
SWIDTH 687 0
DWIDTH 11 0
BBX 10 16 1 0
BITMAP
0400
0800
1E00
0000
0400
1F00
6180
4180
C080
4080
4080
C080
60C0
6180
3F00
1F00
ENDCHAR
STARTCHAR uni1E4D
ENCODING 7757
SWIDTH 570 0
DWIDTH 9 0
BBX 8 15 1 0
BITMAP
06
08
00
3E
2C
00
30
7E
63
C3
43
C3
63
3F
1C
ENDCHAR
STARTCHAR uni1E4E
ENCODING 7758
SWIDTH 687 0
DWIDTH 11 0
BBX 10 16 1 0
BITMAP
3300
0000
1E00
0000
0400
1F00
6180
4180
C080
4080
4080
C080
60C0
6180
3F00
1F00
ENDCHAR
STARTCHAR uni1E4F
ENCODING 7759
SWIDTH 570 0
DWIDTH 9 0
BBX 8 14 1 0
BITMAP
36
00
3E
2C
00
30
7E
63
C3
43
C3
63
3F
1C
ENDCHAR
STARTCHAR uni1E50
ENCODING 7760
SWIDTH 687 0
DWIDTH 11 0
BBX 10 16 1 0
BITMAP
0800
0400
1F00
0000
0400
1F00
6180
4180
C080
4080
4080
C080
60C0
6180
3F00
1F00
ENDCHAR
STARTCHAR uni1E51
ENCODING 7761
SWIDTH 570 0
DWIDTH 9 0
BBX 8 15 1 0
BITMAP
30
18
18
3E
00
00
30
7E
63
C3
43
C3
63
3F
1C
ENDCHAR
STARTCHAR uni1E52
ENCODING 7762
SWIDTH 687 0
DWIDTH 11 0
BBX 10 16 1 0
BITMAP
0400
0400
1F00
0000
0400
1F00
6180
4180
C080
4080
4080
C080
60C0
6180
3F00
1F00
ENDCHAR
STARTCHAR uni1E53
ENCODING 7763
SWIDTH 570 0
DWIDTH 9 0
BBX 8 15 1 0
BITMAP
06
08
08
3E
00
00
30
7E
63
C3
43
C3
63
3F
1C
ENDCHAR
STARTCHAR uni1E54
ENCODING 7764
SWIDTH 630 0
DWIDTH 10 0
BBX 7 15 2 0
BITMAP
18
30
00
F0
8E
86
82
82
86
FE
80
80
80
80
80
ENDCHAR
STARTCHAR uni1E55
ENCODING 7765
SWIDTH 561 0
DWIDTH 9 0
BBX 6 15 2 -3
BITMAP
18
30
00
90
FC
8C
84
84
84
8C
FC
F8
80
80
80
ENDCHAR
STARTCHAR uni1E56
ENCODING 7766
SWIDTH 630 0
DWIDTH 10 0
BBX 7 14 2 0
BITMAP
30
00
F0
8E
86
82
82
86
FE
80
80
80
80
80
ENDCHAR
STARTCHAR uni1E57
ENCODING 7767
SWIDTH 561 0
DWIDTH 9 0
BBX 6 15 2 -3
BITMAP
10
30
00
90
FC
8C
84
84
84
8C
FC
F8
80
80
80
ENDCHAR
STARTCHAR uni1E58
ENCODING 7768
SWIDTH 615 0
DWIDTH 10 0
BBX 9 14 1 0
BITMAP
1800
0000
F000
4E00
4300
4300
4300
4300
FC00
4600
4600
4300
4300
4180
ENDCHAR
STARTCHAR uni1E59
ENCODING 7769
SWIDTH 338 0
DWIDTH 5 0
BBX 4 12 2 0
BITMAP
60
60
00
90
E0
80
80
80
80
80
80
80
ENDCHAR
STARTCHAR uni1E5A
ENCODING 7770
SWIDTH 615 0
DWIDTH 10 0
BBX 9 14 1 -2
BITMAP
F000
4E00
4300
4300
4300
4300
FC00
4600
4600
4300
4300
4180
1000
1800
ENDCHAR
STARTCHAR uni1E5B
ENCODING 7771
SWIDTH 338 0
DWIDTH 5 0
BBX 5 11 1 -2
BITMAP
48
70
C0
C0
C0
C0
C0
C0
C0
40
C0
ENDCHAR
STARTCHAR uni1E5C
ENCODING 7772
SWIDTH 615 0
DWIDTH 10 0
BBX 9 16 1 -2
BITMAP
7C00
0000
F000
4E00
4300
4300
4300
4300
FC00
4600
4600
4300
4300
4180
1000
1800
ENDCHAR
STARTCHAR uni1E5D
ENCODING 7773
SWIDTH 338 0
DWIDTH 5 0
BBX 5 14 2 -2
BITMAP
F8
00
00
D0
F0
C0
C0
C0
C0
C0
C0
C0
80
C0
ENDCHAR
STARTCHAR uni1E5E
ENCODING 7774
SWIDTH 615 0
DWIDTH 10 0
BBX 9 14 1 -2
BITMAP
F000
4E00
4300
4300
4300
4300
FC00
4600
4600
4300
4300
4180
0000
7E00
ENDCHAR
STARTCHAR uni1E5F
ENCODING 7775
SWIDTH 338 0
DWIDTH 5 0
BBX 7 11 -1 -2
BITMAP
12
1C
10
10
10
10
10
10
10
00
FC
ENDCHAR
STARTCHAR uni1E60
ENCODING 7776
SWIDTH 593 0
DWIDTH 9 0
BBX 8 14 2 0
BITMAP
18
00
0C
FE
C6
C0
C0
70
1C
06
83
C2
FE
3E
ENDCHAR
STARTCHAR uni1E61
ENCODING 7777
SWIDTH 515 0
DWIDTH 8 0
BBX 6 12 2 0
BITMAP
10
10
00
20
5C
CC
C0
78
0C
8C
FC
78
ENDCHAR
STARTCHAR uni1E62
ENCODING 7778
SWIDTH 593 0
DWIDTH 9 0
BBX 8 14 2 -2
BITMAP
0C
FE
C6
C0
C0
70
1C
06
83
C2
FE
3E
00
18
ENDCHAR
STARTCHAR uni1E63
ENCODING 7779
SWIDTH 515 0
DWIDTH 8 0
BBX 6 11 2 -2
BITMAP
20
5C
CC
C0
78
0C
8C
FC
78
00
30
ENDCHAR
STARTCHAR uni1E64
ENCODING 7780
SWIDTH 593 0
DWIDTH 9 0
BBX 8 16 2 0
BITMAP
20
38
08
00
0C
FE
C6
C0
C0
70
1C
06
83
C2
FE
3E
ENDCHAR
STARTCHAR uni1E65
ENCODING 7781
SWIDTH 515 0
DWIDTH 8 0
BBX 6 15 2 0
BITMAP
10
30
00
10
10
00
20
5C
CC
C0
78
0C
8C
FC
78
ENDCHAR
STARTCHAR uni1E66
ENCODING 7782
SWIDTH 593 0
DWIDTH 9 0
BBX 8 16 2 0
BITMAP
18
00
38
00
0C
FE
C6
C0
C0
70
1C
06
83
C2
FE
3E
ENDCHAR
STARTCHAR uni1E67
ENCODING 7783
SWIDTH 515 0
DWIDTH 8 0
BBX 6 15 2 0
BITMAP
10
30
00
28
10
00
20
5C
CC
C0
78
0C
8C
FC
78
ENDCHAR
STARTCHAR uni1E68
ENCODING 7784
SWIDTH 593 0
DWIDTH 9 0
BBX 8 16 2 -2
BITMAP
18
00
0C
FE
C6
C0
C0
70
1C
06
83
C2
FE
3E
00
18
ENDCHAR
STARTCHAR uni1E69
ENCODING 7785
SWIDTH 515 0
DWIDTH 8 0
BBX 6 14 2 -2
BITMAP
10
10
00
20
5C
CC
C0
78
0C
8C
FC
78
00
30
ENDCHAR
STARTCHAR uni1E6A
ENCODING 7786
SWIDTH 596 0
DWIDTH 10 0
BBX 9 14 0 0
BITMAP
0C00
0000
FF80
0800
0800
0800
0800
0800
0800
0800
0800
0800
0800
0800
ENDCHAR
STARTCHAR uni1E6B
ENCODING 7787
SWIDTH 326 0
DWIDTH 5 0
BBX 5 13 0 0
BITMAP
30
00
20
20
F8
20
20
20
20
20
20
38
38
ENDCHAR
STARTCHAR uni1E6C
ENCODING 7788
SWIDTH 596 0
DWIDTH 10 0
BBX 9 14 0 -2
BITMAP
FF80
0800
0800
0800
0800
0800
0800
0800
0800
0800
0800
0800
0000
0C00
ENDCHAR
STARTCHAR uni1E6D
ENCODING 7789
SWIDTH 326 0
DWIDTH 5 0
BBX 5 13 0 -2
BITMAP
20
20
F8
20
20
20
20
20
20
38
38
00
18
ENDCHAR
STARTCHAR uni1E6E
ENCODING 7790
SWIDTH 596 0
DWIDTH 10 0
BBX 9 14 0 -2
BITMAP
FF80
0800
0800
0800
0800
0800
0800
0800
0800
0800
0800
0800
0000
3F00
ENDCHAR
STARTCHAR uni1E6F
ENCODING 7791
SWIDTH 326 0
DWIDTH 5 0
BBX 7 13 0 -2
BITMAP
20
20
F8
20
20
20
20
20
20
38
38
00
7E
ENDCHAR
STARTCHAR uni1E70
ENCODING 7792
SWIDTH 596 0
DWIDTH 10 0
BBX 9 15 0 -3
BITMAP
FF80
0800
0800
0800
0800
0800
0800
0800
0800
0800
0800
0800
0800
0C00
1300
ENDCHAR
STARTCHAR uni1E71
ENCODING 7793
SWIDTH 326 0
DWIDTH 5 0
BBX 7 14 0 -3
BITMAP
20
20
F8
20
20
20
20
20
20
38
38
10
18
26
ENDCHAR
STARTCHAR uni1E72
ENCODING 7794
SWIDTH 648 0
DWIDTH 10 0
BBX 8 14 2 -2
BITMAP
82
82
82
82
82
82
82
82
82
C3
7E
78
00
6C
ENDCHAR
STARTCHAR uni1E73
ENCODING 7795
SWIDTH 551 0
DWIDTH 9 0
BBX 7 11 2 -2
BITMAP
8C
8C
8C
8C
8C
8C
8C
FE
FC
00
D8
ENDCHAR
STARTCHAR uni1E74
ENCODING 7796
SWIDTH 648 0
DWIDTH 10 0
BBX 8 14 2 -2
BITMAP
82
82
82
82
82
82
82
82
82
C3
7E
78
24
7C
ENDCHAR
STARTCHAR uni1E75
ENCODING 7797
SWIDTH 551 0
DWIDTH 9 0
BBX 7 11 2 -2
BITMAP
8C
8C
8C
8C
8C
8C
8C
FE
FC
48
F8
ENDCHAR
STARTCHAR uni1E76
ENCODING 7798
SWIDTH 648 0
DWIDTH 10 0
BBX 8 15 2 -3
BITMAP
82
82
82
82
82
82
82
82
82
C3
7E
78
10
28
44
ENDCHAR
STARTCHAR uni1E77
ENCODING 7799
SWIDTH 551 0
DWIDTH 9 0
BBX 7 12 2 -3
BITMAP
8C
8C
8C
8C
8C
8C
8C
FE
FC
20
70
88
ENDCHAR
STARTCHAR uni1E78
ENCODING 7800
SWIDTH 648 0
DWIDTH 10 0
BBX 8 16 2 0
BITMAP
08
10
3C
00
82
82
82
82
82
82
82
82
82
C3
7E
78
ENDCHAR
STARTCHAR uni1E79
ENCODING 7801
SWIDTH 551 0
DWIDTH 9 0
BBX 7 15 2 0
BITMAP
18
30
00
64
B8
00
8C
8C
8C
8C
8C
8C
8C
FE
FC
ENDCHAR
STARTCHAR uni1E7A
ENCODING 7802
SWIDTH 648 0
DWIDTH 10 0
BBX 8 16 2 0
BITMAP
6C
00
7E
00
82
82
82
82
82
82
82
82
82
C3
7E
78
ENDCHAR
STARTCHAR uni1E7B
ENCODING 7803
SWIDTH 551 0
DWIDTH 9 0
BBX 7 14 2 0
BITMAP
4C
00
F8
00
00
8C
8C
8C
8C
8C
8C
8C
FE
FC
ENDCHAR
STARTCHAR uni1E7C
ENCODING 7804
SWIDTH 636 0
DWIDTH 10 0
BBX 10 15 0 0
BITMAP
0900
1F00
0000
C0C0
60C0
60C0
6180
3180
1300
1900
1200
0E00
0E00
0C00
0C00
ENDCHAR
STARTCHAR uni1E7D
ENCODING 7805
SWIDTH 484 0
DWIDTH 8 0
BBX 7 12 0 0
BITMAP
3A
2C
00
C2
46
22
64
2C
14
38
18
08
ENDCHAR
STARTCHAR uni1E7E
ENCODING 7806
SWIDTH 636 0
DWIDTH 10 0
BBX 10 14 0 -2
BITMAP
C0C0
60C0
60C0
6180
3180
1300
1900
1200
0E00
0E00
0C00
0C00
0400
0C00
ENDCHAR
STARTCHAR uni1E7F
ENCODING 7807
SWIDTH 484 0
DWIDTH 8 0
BBX 7 11 0 -2
BITMAP
C2
46
22
64
2C
14
38
18
08
08
18
ENDCHAR
STARTCHAR Wgrave
ENCODING 7808
SWIDTH 887 0
DWIDTH 14 0
BBX 14 15 0 0
BITMAP
0600
0300
0000
C108
630C
430C
2288
2488
64D0
2C98
2470
18D0
3860
1860
1060
ENDCHAR
STARTCHAR wgrave
ENCODING 7809
SWIDTH 751 0
DWIDTH 12 0
BBX 12 12 0 0
BITMAP
0C00
0200
0000
C220
6630
4660
2520
6B40
3960
18C0
18C0
1880
ENDCHAR
STARTCHAR Wacute
ENCODING 7810
SWIDTH 887 0
DWIDTH 14 0
BBX 14 15 0 0
BITMAP
00C0
0100
0000
C108
630C
430C
2288
2488
64D0
2C98
2470
18D0
3860
1860
1060
ENDCHAR
STARTCHAR wacute
ENCODING 7811
SWIDTH 751 0
DWIDTH 12 0
BBX 12 12 0 0
BITMAP
0300
0200
0000
C220
6630
4660
2520
6B40
3960
18C0
18C0
1880
ENDCHAR
STARTCHAR Wdieresis
ENCODING 7812
SWIDTH 887 0
DWIDTH 14 0
BBX 14 14 0 0
BITMAP
06C0
0000
C108
630C
430C
2288
2488
64D0
2C98
2470
18D0
3860
1860
1060
ENDCHAR
STARTCHAR wdieresis
ENCODING 7813
SWIDTH 751 0
DWIDTH 12 0
BBX 12 12 0 0
BITMAP
1900
1900
0000
C220
6630
4660
2520
6B40
3960
18C0
18C0
1880
ENDCHAR
STARTCHAR uni1E86
ENCODING 7814
SWIDTH 887 0
DWIDTH 14 0
BBX 14 14 0 0
BITMAP
0300
0000
C108
630C
430C
2288
2488
64D0
2C98
2470
18D0
3860
1860
1060
ENDCHAR
STARTCHAR uni1E87
ENCODING 7815
SWIDTH 751 0
DWIDTH 12 0
BBX 12 12 0 0
BITMAP
0200
0200
0000
C220
6630
4660
2520
6B40
3960
18C0
18C0
1880
ENDCHAR
STARTCHAR uni1E88
ENCODING 7816
SWIDTH 887 0
DWIDTH 14 0
BBX 14 14 0 -2
BITMAP
C108
630C
430C
2288
2488
64D0
2C98
2470
18D0
3860
1860
1060
0100
0300
ENDCHAR
STARTCHAR uni1E89
ENCODING 7817
SWIDTH 751 0
DWIDTH 12 0
BBX 12 11 0 -2
BITMAP
C220
6630
4660
2520
6B40
3960
18C0
18C0
1880
0200
0600
ENDCHAR
STARTCHAR uni1E8A
ENCODING 7818
SWIDTH 626 0
DWIDTH 10 0
BBX 10 14 0 0
BITMAP
0C00
0000
6180
6180
3300
1B00
1E00
0E00
0E00
1E00
3300
3300
6180
C0C0
ENDCHAR
STARTCHAR uni1E8B
ENCODING 7819
SWIDTH 495 0
DWIDTH 8 0
BBX 8 12 0 0
BITMAP
08
18
00
63
66
3C
1C
18
3C
36
66
C3
ENDCHAR
STARTCHAR uni1E8C
ENCODING 7820
SWIDTH 626 0
DWIDTH 10 0
BBX 10 14 0 0
BITMAP
3300
0000
6180
6180
3300
1B00
1E00
0E00
0E00
1E00
3300
3300
6180
C0C0
ENDCHAR
STARTCHAR uni1E8D
ENCODING 7821
SWIDTH 495 0
DWIDTH 8 0
BBX 8 12 0 0
BITMAP
64
66
00
63
66
3C
1C
18
3C
36
66
C3
ENDCHAR
STARTCHAR uni1E8E
ENCODING 7822
SWIDTH 600 0
DWIDTH 10 0
BBX 9 14 1 0
BITMAP
1800
0000
C180
C300
6300
6600
3600
3C00
1C00
0800
0800
0800
0800
0800
ENDCHAR
STARTCHAR uni1E8F
ENCODING 7823
SWIDTH 473 0
DWIDTH 8 0
BBX 8 15 0 -3
BITMAP
08
08
00
C3
66
62
64
2C
14
1C
18
08
10
30
70
ENDCHAR
STARTCHAR uni1E90
ENCODING 7824
SWIDTH 598 0
DWIDTH 10 0
BBX 8 15 2 0
BITMAP
18
38
00
FF
06
06
0C
18
18
30
60
60
C0
FF
FF
ENDCHAR
STARTCHAR uni1E91
ENCODING 7825
SWIDTH 495 0
DWIDTH 8 0
BBX 7 12 1 0
BITMAP
18
24
00
7E
06
0C
18
18
30
60
FE
FE
ENDCHAR
STARTCHAR uni1E92
ENCODING 7826
SWIDTH 598 0
DWIDTH 10 0
BBX 8 14 2 -2
BITMAP
FF
06
06
0C
18
18
30
60
60
C0
FF
FF
10
18
ENDCHAR
STARTCHAR uni1E93
ENCODING 7827
SWIDTH 495 0
DWIDTH 8 0
BBX 7 11 1 -2
BITMAP
7E
06
0C
18
18
30
60
FE
FE
10
18
ENDCHAR
STARTCHAR uni1E94
ENCODING 7828
SWIDTH 598 0
DWIDTH 10 0
BBX 8 14 2 -2
BITMAP
FF
06
06
0C
18
18
30
60
60
C0
FF
FF
00
7E
ENDCHAR
STARTCHAR uni1E95
ENCODING 7829
SWIDTH 495 0
DWIDTH 8 0
BBX 7 11 1 -2
BITMAP
7E
06
0C
18
18
30
60
FE
FE
00
7E
ENDCHAR
STARTCHAR uni1E96
ENCODING 7830
SWIDTH 550 0
DWIDTH 9 0
BBX 6 14 2 -2
BITMAP
80
80
80
90
FC
CC
8C
8C
8C
8C
8C
8C
00
FC
ENDCHAR
STARTCHAR uni1E97
ENCODING 7831
SWIDTH 326 0
DWIDTH 5 0
BBX 6 13 0 0
BITMAP
CC
00
20
20
F8
20
20
20
20
20
20
38
38
ENDCHAR
STARTCHAR uni1E98
ENCODING 7832
SWIDTH 751 0
DWIDTH 12 0
BBX 12 13 0 0
BITMAP
0700
0900
0700
0000
C220
6630
4660
2520
6B40
3960
18C0
18C0
1880
ENDCHAR
STARTCHAR uni1E99
ENCODING 7833
SWIDTH 473 0
DWIDTH 8 0
BBX 8 16 0 -3
BITMAP
18
24
1C
00
C3
66
62
64
2C
14
1C
18
08
10
30
70
ENDCHAR
STARTCHAR uni1E9A
ENCODING 7834
SWIDTH 543 0
DWIDTH 9 0
BBX 8 13 1 0
BITMAP
02
01
02
00
30
6E
06
0E
3E
C6
46
7F
3F
ENDCHAR
STARTCHAR uni1E9B
ENCODING 7835
SWIDTH 347 0
DWIDTH 6 0
BBX 4 15 2 0
BITMAP
20
00
10
70
C0
40
40
40
40
40
40
40
40
40
40
ENDCHAR
STARTCHAR uni1E9C
ENCODING 7836
SWIDTH 360 0
DWIDTH 6 0
BBX 5 13 1 0
BITMAP
08
38
30
60
60
70
70
E0
60
60
60
60
60
ENDCHAR
STARTCHAR uni1E9D
ENCODING 7837
SWIDTH 347 0
DWIDTH 6 0
BBX 6 13 0 0
BITMAP
08
1C
30
F8
30
30
30
30
30
30
30
30
30
ENDCHAR
STARTCHAR Germandbls
ENCODING 7838
SWIDTH 645 0
DWIDTH 10 0
BBX 8 12 2 0
BITMAP
18
FC
C6
8C
98
98
8E
83
81
83
BE
BE
ENDCHAR
STARTCHAR uni1E9F
ENCODING 7839
SWIDTH 567 0
DWIDTH 9 0
BBX 8 13 1 0
BITMAP
08
3C
60
20
38
1E
43
C3
43
43
63
3F
7C
ENDCHAR
STARTCHAR uni1EA0
ENCODING 7840
SWIDTH 652 0
DWIDTH 10 0
BBX 11 14 0 -2
BITMAP
0C00
0C00
0E00
0A00
1100
1B00
1100
3F80
7F80
2080
60C0
C060
0000
0600
ENDCHAR
STARTCHAR uni1EA1
ENCODING 7841
SWIDTH 543 0
DWIDTH 9 0
BBX 8 11 1 -2
BITMAP
30
6E
06
0E
3E
C6
46
7F
3F
00
18
ENDCHAR
STARTCHAR uni1EA2
ENCODING 7842
SWIDTH 652 0
DWIDTH 10 0
BBX 11 16 0 0
BITMAP
0800
0200
0600
0000
0C00
0C00
0E00
0A00
1100
1B00
1100
3F80
7F80
2080
60C0
C060
ENDCHAR
STARTCHAR uni1EA3
ENCODING 7843
SWIDTH 543 0
DWIDTH 9 0
BBX 8 13 1 0
BITMAP
18
04
08
00
30
6E
06
0E
3E
C6
46
7F
3F
ENDCHAR
STARTCHAR uni1EA4
ENCODING 7844
SWIDTH 652 0
DWIDTH 10 0
BBX 11 16 0 0
BITMAP
00C0
0680
1B00
0000
0C00
0C00
0E00
0A00
1100
1B00
1100
3F80
7F80
2080
60C0
C060
ENDCHAR
STARTCHAR uni1EA5
ENCODING 7845
SWIDTH 543 0
DWIDTH 9 0
BBX 9 14 1 0
BITMAP
0180
0180
1C00
6600
0000
3000
6E00
0600
0E00
3E00
C600
4600
7F00
3F00
ENDCHAR
STARTCHAR uni1EA6
ENCODING 7846
SWIDTH 652 0
DWIDTH 10 0
BBX 11 16 0 0
BITMAP
6000
2C00
1E00
0000
0C00
0C00
0E00
0A00
1100
1B00
1100
3F80
7F80
2080
60C0
C060
ENDCHAR
STARTCHAR uni1EA7
ENCODING 7847
SWIDTH 543 0
DWIDTH 9 0
BBX 8 13 1 0
BITMAP
80
5C
36
00
30
6C
06
0E
3B
63
C3
7E
3F
ENDCHAR
STARTCHAR uni1EA8
ENCODING 7848
SWIDTH 652 0
DWIDTH 10 0
BBX 11 16 0 0
BITMAP
0180
00C0
1B80
3180
0C00
0C00
0E00
0A00
1100
1B00
1100
3F80
7F80
2080
60C0
C060
ENDCHAR
STARTCHAR uni1EA9
ENCODING 7849
SWIDTH 543 0
DWIDTH 9 0
BBX 8 14 1 0
BITMAP
02
01
1E
64
00
30
6E
06
0E
3E
C6
46
7F
3F
ENDCHAR
STARTCHAR uni1EAA
ENCODING 7850
SWIDTH 652 0
DWIDTH 10 0
BBX 11 16 0 0
BITMAP
0F00
0000
0E00
1B00
0C00
0C00
0E00
0A00
1100
1B00
1100
3F80
7F80
2080
60C0
C060
ENDCHAR
STARTCHAR uni1EAB
ENCODING 7851
SWIDTH 543 0
DWIDTH 9 0
BBX 8 14 1 0
BITMAP
14
2C
18
26
00
30
6E
06
0E
3E
C6
46
7F
3F
ENDCHAR
STARTCHAR uni1EAC
ENCODING 7852
SWIDTH 652 0
DWIDTH 10 0
BBX 11 17 0 -2
BITMAP
0C00
1B00
0000
0C00
0C00
0E00
0A00
1100
1B00
1100
3F80
7F80
2080
60C0
C060
0000
0600
ENDCHAR
STARTCHAR uni1EAD
ENCODING 7853
SWIDTH 543 0
DWIDTH 9 0
BBX 8 14 1 -2
BITMAP
18
34
00
30
6E
06
0E
3E
C6
46
7F
3F
00
18
ENDCHAR
STARTCHAR uni1EAE
ENCODING 7854
SWIDTH 652 0
DWIDTH 10 0
BBX 11 16 0 0
BITMAP
0200
0400
1100
0000
0C00
0C00
0E00
0A00
1100
1B00
1100
3F80
7F80
2080
60C0
C060
ENDCHAR
STARTCHAR uni1EAF
ENCODING 7855
SWIDTH 543 0
DWIDTH 9 0
BBX 8 13 1 0
BITMAP
08
24
1C
00
30
6E
06
0E
3E
C6
46
7F
3F
ENDCHAR
STARTCHAR uni1EB0
ENCODING 7856
SWIDTH 652 0
DWIDTH 10 0
BBX 11 16 0 0
BITMAP
0800
0400
1100
0000
0C00
0C00
0E00
0A00
1100
1B00
1100
3F80
7F80
2080
60C0
C060
ENDCHAR
STARTCHAR uni1EB1
ENCODING 7857
SWIDTH 543 0
DWIDTH 9 0
BBX 8 13 1 0
BITMAP
10
24
1C
00
30
6E
06
0E
3E
C6
46
7F
3F
ENDCHAR
STARTCHAR uni1EB2
ENCODING 7858
SWIDTH 652 0
DWIDTH 10 0
BBX 11 17 0 0
BITMAP
0600
0200
0400
1200
0000
0C00
0C00
0E00
0A00
1100
1B00
1100
3F80
7F80
2080
60C0
C060
ENDCHAR
STARTCHAR uni1EB3
ENCODING 7859
SWIDTH 543 0
DWIDTH 9 0
BBX 8 14 1 0
BITMAP
18
0C
24
1C
00
30
6E
06
0E
3E
C6
46
7F
3F
ENDCHAR
STARTCHAR uni1EB4
ENCODING 7860
SWIDTH 652 0
DWIDTH 10 0
BBX 11 17 0 0
BITMAP
0100
0F00
0000
1100
0000
0C00
0C00
0E00
0A00
1100
1B00
1100
3F80
7F80
2080
60C0
C060
ENDCHAR
STARTCHAR uni1EB5
ENCODING 7861
SWIDTH 543 0
DWIDTH 9 0
BBX 8 14 1 0
BITMAP
34
20
24
1C
00
30
6E
06
0E
3E
C6
46
7F
3F
ENDCHAR
STARTCHAR uni1EB6
ENCODING 7862
SWIDTH 652 0
DWIDTH 10 0
BBX 11 17 0 -2
BITMAP
1100
0A00
0F00
0C00
0C00
0E00
0A00
1100
1B00
1100
3F80
7F80
2080
60C0
C060
0000
0600
ENDCHAR
STARTCHAR uni1EB7
ENCODING 7863
SWIDTH 543 0
DWIDTH 9 0
BBX 8 14 1 -2
BITMAP
64
1C
00
30
6E
06
0E
3E
C6
46
7F
3F
00
18
ENDCHAR
STARTCHAR uni1EB8
ENCODING 7864
SWIDTH 568 0
DWIDTH 9 0
BBX 7 14 2 -2
BITMAP
FE
80
80
80
80
FC
80
80
80
80
FE
FE
20
30
ENDCHAR
STARTCHAR uni1EB9
ENCODING 7865
SWIDTH 529 0
DWIDTH 8 0
BBX 7 11 2 -2
BITMAP
60
FC
C6
84
FE
80
C4
7E
78
00
30
ENDCHAR
STARTCHAR uni1EBA
ENCODING 7866
SWIDTH 568 0
DWIDTH 9 0
BBX 7 16 2 0
BITMAP
30
08
30
00
FE
80
80
80
80
FC
80
80
80
80
FE
FE
ENDCHAR
STARTCHAR uni1EBB
ENCODING 7867
SWIDTH 529 0
DWIDTH 8 0
BBX 7 13 2 0
BITMAP
30
08
10
00
60
FC
C6
84
FE
80
C4
7E
78
ENDCHAR
STARTCHAR uni1EBC
ENCODING 7868
SWIDTH 568 0
DWIDTH 9 0
BBX 7 15 2 0
BITMAP
24
7C
00
FE
80
80
80
80
FC
80
80
80
80
FE
FE
ENDCHAR
STARTCHAR uni1EBD
ENCODING 7869
SWIDTH 529 0
DWIDTH 8 0
BBX 7 12 2 0
BITMAP
74
58
00
60
FC
C6
84
FE
80
C4
7E
78
ENDCHAR
STARTCHAR uni1EBE
ENCODING 7870
SWIDTH 568 0
DWIDTH 9 0
BBX 7 16 2 0
BITMAP
02
32
68
00
FE
80
80
80
80
FC
80
80
80
80
FE
FE
ENDCHAR
STARTCHAR uni1EBF
ENCODING 7871
SWIDTH 529 0
DWIDTH 8 0
BBX 8 14 2 0
BITMAP
03
03
38
CC
00
60
FC
C6
84
FE
80
C4
7E
78
ENDCHAR
STARTCHAR uni1EC0
ENCODING 7872
SWIDTH 568 0
DWIDTH 9 0
BBX 9 16 1 0
BITMAP
C000
5800
3600
0000
FF00
6000
6000
6000
6000
7F00
6000
6000
6000
6000
7F80
7F80
ENDCHAR
STARTCHAR uni1EC1
ENCODING 7873
SWIDTH 529 0
DWIDTH 8 0
BBX 8 13 0 0
BITMAP
80
5C
36
00
38
7E
63
61
7F
C0
61
3F
3C
ENDCHAR
STARTCHAR uni1EC2
ENCODING 7874
SWIDTH 568 0
DWIDTH 9 0
BBX 7 16 2 0
BITMAP
06
36
48
00
FE
80
80
80
80
FC
80
80
80
80
FE
FE
ENDCHAR
STARTCHAR uni1EC3
ENCODING 7875
SWIDTH 529 0
DWIDTH 8 0
BBX 7 14 2 0
BITMAP
04
02
3C
C8
00
60
FC
C6
84
FE
80
C4
7E
78
ENDCHAR
STARTCHAR uni1EC4
ENCODING 7876
SWIDTH 568 0
DWIDTH 9 0
BBX 7 16 2 0
BITMAP
78
00
70
88
FE
80
80
80
80
FC
80
80
80
80
FE
FE
ENDCHAR
STARTCHAR uni1EC5
ENCODING 7877
SWIDTH 529 0
DWIDTH 8 0
BBX 7 14 2 0
BITMAP
28
58
30
4C
00
60
FC
C6
84
FE
80
C4
7E
78
ENDCHAR
STARTCHAR uni1EC6
ENCODING 7878
SWIDTH 568 0
DWIDTH 9 0
BBX 7 17 2 -2
BITMAP
30
48
00
FE
80
80
80
80
FC
80
80
80
80
FE
FE
20
30
ENDCHAR
STARTCHAR uni1EC7
ENCODING 7879
SWIDTH 529 0
DWIDTH 8 0
BBX 7 14 2 -2
BITMAP
30
68
00
60
FC
C6
84
FE
80
C4
7E
78
00
30
ENDCHAR
STARTCHAR uni1EC8
ENCODING 7880
SWIDTH 271 0
DWIDTH 4 0
BBX 2 16 2 0
BITMAP
C0
40
C0
00
80
80
80
80
80
80
80
80
80
80
80
80
ENDCHAR
STARTCHAR uni1EC9
ENCODING 7881
SWIDTH 247 0
DWIDTH 4 0
BBX 2 13 2 0
BITMAP
C0
C0
80
00
80
80
80
80
80
80
80
80
80
ENDCHAR
STARTCHAR uni1ECA
ENCODING 7882
SWIDTH 271 0
DWIDTH 4 0
BBX 2 14 1 -2
BITMAP
C0
C0
C0
C0
C0
C0
C0
C0
C0
C0
C0
C0
00
C0
ENDCHAR
STARTCHAR uni1ECB
ENCODING 7883
SWIDTH 242 0
DWIDTH 4 0
BBX 2 14 1 -2
BITMAP
C0
C0
00
C0
C0
C0
C0
C0
C0
C0
C0
C0
40
C0
ENDCHAR
STARTCHAR uni1ECC
ENCODING 7884
SWIDTH 687 0
DWIDTH 11 0
BBX 10 14 1 -2
BITMAP
0400
1F00
6180
4180
C080
4080
4080
C080
60C0
6180
3F00
1F00
0000
0C00
ENDCHAR
STARTCHAR uni1ECD
ENCODING 7885
SWIDTH 570 0
DWIDTH 9 0
BBX 8 11 1 -2
BITMAP
30
7E
63
C3
43
C3
63
3F
1C
00
18
ENDCHAR
STARTCHAR uni1ECE
ENCODING 7886
SWIDTH 687 0
DWIDTH 11 0
BBX 10 16 1 0
BITMAP
0800
0400
0600
0000
0400
1F00
6180
4180
C080
4080
4080
C080
60C0
6180
3F00
1F00
ENDCHAR
STARTCHAR uni1ECF
ENCODING 7887
SWIDTH 570 0
DWIDTH 9 0
BBX 8 13 1 0
BITMAP
0C
0C
08
00
30
7E
63
C3
43
C3
63
3F
1C
ENDCHAR
STARTCHAR uni1ED0
ENCODING 7888
SWIDTH 687 0
DWIDTH 11 0
BBX 10 16 1 0
BITMAP
0080
0480
0A00
0000
0400
1F00
6180
4180
C080
4080
4080
C080
60C0
6180
3F00
1F00
ENDCHAR
STARTCHAR uni1ED1
ENCODING 7889
SWIDTH 570 0
DWIDTH 9 0
BBX 9 14 1 0
BITMAP
0180
0100
1C00
3600
0000
3000
7E00
6300
C300
4300
C300
6300
3F00
1C00
ENDCHAR
STARTCHAR uni1ED2
ENCODING 7890
SWIDTH 687 0
DWIDTH 11 0
BBX 9 16 2 0
BITMAP
C000
5800
3C00
0000
0800
3E00
C180
4100
C080
C080
C080
C080
C180
C180
7E00
3E00
ENDCHAR
STARTCHAR uni1ED3
ENCODING 7891
SWIDTH 570 0
DWIDTH 9 0
BBX 9 13 1 0
BITMAP
8000
5C00
3600
0000
3000
7E00
6300
C180
C180
6300
6300
3F00
1C00
ENDCHAR
STARTCHAR uni1ED4
ENCODING 7892
SWIDTH 687 0
DWIDTH 11 0
BBX 10 16 1 0
BITMAP
0180
0180
1200
2100
0400
1F00
6180
4180
C080
4080
4080
C080
60C0
6180
3F00
1F00
ENDCHAR
STARTCHAR uni1ED5
ENCODING 7893
SWIDTH 570 0
DWIDTH 9 0
BBX 8 14 1 0
BITMAP
02
01
1E
34
00
30
7E
63
C3
43
C3
63
3F
1C
ENDCHAR
STARTCHAR uni1ED6
ENCODING 7894
SWIDTH 687 0
DWIDTH 11 0
BBX 10 16 1 0
BITMAP
1E00
0000
0E00
1200
0400
1F00
6180
4180
C080
4080
4080
C080
60C0
6180
3F00
1F00
ENDCHAR
STARTCHAR uni1ED7
ENCODING 7895
SWIDTH 570 0
DWIDTH 9 0
BBX 8 14 1 0
BITMAP
14
2C
18
26
00
30
7E
63
C3
43
C3
63
3F
1C
ENDCHAR
STARTCHAR uni1ED8
ENCODING 7896
SWIDTH 687 0
DWIDTH 11 0
BBX 10 17 1 -2
BITMAP
0400
0A00
0000
0400
1F00
6180
4180
C080
4080
4080
C080
60C0
6180
3F00
1F00
0000
0C00
ENDCHAR
STARTCHAR uni1ED9
ENCODING 7897
SWIDTH 570 0
DWIDTH 9 0
BBX 8 14 1 -2
BITMAP
18
24
00
30
7E
63
C3
43
C3
63
3F
1C
00
18
ENDCHAR
STARTCHAR uni1EDA
ENCODING 7898
SWIDTH 686 0
DWIDTH 11 0
BBX 11 15 1 0
BITMAP
0300
0400
0020
0420
3FC0
6180
40C0
C080
4080
4080
C080
60C0
6180
3F00
1F00
ENDCHAR
STARTCHAR uni1EDB
ENCODING 7899
SWIDTH 571 0
DWIDTH 9 0
BBX 9 12 1 0
BITMAP
0C00
1800
0080
3180
7F00
6300
4300
4300
C300
6300
3F00
1C00
ENDCHAR
STARTCHAR uni1EDC
ENCODING 7900
SWIDTH 686 0
DWIDTH 11 0
BBX 11 15 1 0
BITMAP
1800
0C00
0020
0420
3FC0
6180
40C0
C080
4080
4080
C080
60C0
6180
3F00
1F00
ENDCHAR
STARTCHAR uni1EDD
ENCODING 7901
SWIDTH 571 0
DWIDTH 9 0
BBX 9 12 1 0
BITMAP
3000
0800
0080
3180
7F00
6300
4300
4300
C300
6300
3F00
1C00
ENDCHAR
STARTCHAR uni1EDE
ENCODING 7902
SWIDTH 686 0
DWIDTH 11 0
BBX 11 16 1 0
BITMAP
0800
0400
0600
0020
0420
3FC0
6180
40C0
C080
4080
4080
C080
60C0
6180
3F00
1F00
ENDCHAR
STARTCHAR uni1EDF
ENCODING 7903
SWIDTH 571 0
DWIDTH 9 0
BBX 9 13 1 0
BITMAP
0C00
0C00
0800
0080
3180
7F00
6300
4300
4300
C300
6300
3F00
1C00
ENDCHAR
STARTCHAR uni1EE0
ENCODING 7904
SWIDTH 686 0
DWIDTH 11 0
BBX 11 15 1 0
BITMAP
0900
1F00
0020
0420
3FC0
6180
40C0
C080
4080
4080
C080
60C0
6180
3F00
1F00
ENDCHAR
STARTCHAR uni1EE1
ENCODING 7905
SWIDTH 571 0
DWIDTH 9 0
BBX 9 12 1 0
BITMAP
3600
2C00
0080
3180
7F00
6300
4300
4300
C300
6300
3F00
1C00
ENDCHAR
STARTCHAR uni1EE2
ENCODING 7906
SWIDTH 686 0
DWIDTH 11 0
BBX 11 15 1 -2
BITMAP
0020
0420
3FC0
6180
40C0
C080
4080
4080
C080
60C0
6180
3F00
1F00
0000
0C00
ENDCHAR
STARTCHAR uni1EE3
ENCODING 7907
SWIDTH 571 0
DWIDTH 9 0
BBX 9 12 1 -2
BITMAP
0080
3180
7F00
6300
4300
4300
C300
6300
3F00
1C00
0000
1800
ENDCHAR
STARTCHAR uni1EE4
ENCODING 7908
SWIDTH 648 0
DWIDTH 10 0
BBX 8 14 2 -2
BITMAP
82
82
82
82
82
82
82
82
82
C3
7E
78
00
18
ENDCHAR
STARTCHAR uni1EE5
ENCODING 7909
SWIDTH 551 0
DWIDTH 9 0
BBX 7 11 2 -2
BITMAP
8C
8C
8C
8C
8C
8C
8C
FE
FC
00
60
ENDCHAR
STARTCHAR uni1EE6
ENCODING 7910
SWIDTH 648 0
DWIDTH 10 0
BBX 8 16 2 0
BITMAP
20
08
18
00
82
82
82
82
82
82
82
82
82
C3
7E
78
ENDCHAR
STARTCHAR uni1EE7
ENCODING 7911
SWIDTH 551 0
DWIDTH 9 0
BBX 7 13 2 0
BITMAP
30
10
20
00
8C
8C
8C
8C
8C
8C
8C
FE
FC
ENDCHAR
STARTCHAR uni1EE8
ENCODING 7912
SWIDTH 695 0
DWIDTH 11 0
BBX 11 15 2 0
BITMAP
0C00
0800
0000
8240
8260
83C0
8200
8200
8200
8200
8200
8200
C300
7E00
7800
ENDCHAR
STARTCHAR uni1EE9
ENCODING 7913
SWIDTH 618 0
DWIDTH 10 0
BBX 8 12 2 0
BITMAP
18
10
01
8D
87
8C
8C
8C
8C
8C
FE
FC
ENDCHAR
STARTCHAR uni1EEA
ENCODING 7914
SWIDTH 695 0
DWIDTH 11 0
BBX 11 15 2 0
BITMAP
3000
3000
0000
8240
8260
83C0
8200
8200
8200
8200
8200
8200
C300
7E00
7800
ENDCHAR
STARTCHAR uni1EEB
ENCODING 7915
SWIDTH 618 0
DWIDTH 10 0
BBX 8 12 2 0
BITMAP
60
20
01
8D
87
8C
8C
8C
8C
8C
FE
FC
ENDCHAR
STARTCHAR uni1EEC
ENCODING 7916
SWIDTH 695 0
DWIDTH 11 0
BBX 11 16 2 0
BITMAP
1800
0800
1800
0000
8240
8260
83C0
8200
8200
8200
8200
8200
8200
C300
7E00
7800
ENDCHAR
STARTCHAR uni1EED
ENCODING 7917
SWIDTH 618 0
DWIDTH 10 0
BBX 8 13 2 0
BITMAP
30
08
20
01
8D
87
8C
8C
8C
8C
8C
FE
FC
ENDCHAR
STARTCHAR uni1EEE
ENCODING 7918
SWIDTH 695 0
DWIDTH 11 0
BBX 11 15 2 0
BITMAP
2200
7C00
0000
8240
8260
83C0
8200
8200
8200
8200
8200
8200
C300
7E00
7800
ENDCHAR
STARTCHAR uni1EEF
ENCODING 7919
SWIDTH 618 0
DWIDTH 10 0
BBX 8 12 2 0
BITMAP
24
5C
01
8D
87
8C
8C
8C
8C
8C
FE
FC
ENDCHAR
STARTCHAR uni1EF0
ENCODING 7920
SWIDTH 695 0
DWIDTH 11 0
BBX 11 14 2 -2
BITMAP
8240
8260
83C0
8200
8200
8200
8200
8200
8200
C300
7E00
7800
0000
1800
ENDCHAR
STARTCHAR uni1EF1
ENCODING 7921
SWIDTH 618 0
DWIDTH 10 0
BBX 8 12 2 -2
BITMAP
01
8D
87
8C
8C
8C
8C
8C
FE
FC
00
30
ENDCHAR
STARTCHAR Ygrave
ENCODING 7922
SWIDTH 600 0
DWIDTH 10 0
BBX 9 15 1 0
BITMAP
3000
1800
0000
C180
C300
6300
6600
3600
3C00
1C00
0800
0800
0800
0800
0800
ENDCHAR
STARTCHAR ygrave
ENCODING 7923
SWIDTH 473 0
DWIDTH 8 0
BBX 8 15 0 -3
BITMAP
30
08
00
C3
66
62
64
2C
14
1C
18
08
10
30
70
ENDCHAR
STARTCHAR uni1EF4
ENCODING 7924
SWIDTH 600 0
DWIDTH 10 0
BBX 9 14 1 -2
BITMAP
C180
C300
6300
6600
3600
3C00
1C00
0800
0800
0800
0800
0800
0000
1800
ENDCHAR
STARTCHAR uni1EF5
ENCODING 7925
SWIDTH 473 0
DWIDTH 8 0
BBX 8 12 0 -3
BITMAP
C3
66
62
64
2C
14
1C
18
08
10
30
74
ENDCHAR
STARTCHAR uni1EF6
ENCODING 7926
SWIDTH 600 0
DWIDTH 10 0
BBX 9 16 1 0
BITMAP
1000
0800
0C00
0000
C180
C300
6300
6600
3600
3C00
1C00
0800
0800
0800
0800
0800
ENDCHAR
STARTCHAR uni1EF7
ENCODING 7927
SWIDTH 473 0
DWIDTH 8 0
BBX 8 16 0 -3
BITMAP
0C
0C
08
00
C3
66
62
64
2C
14
1C
18
08
10
30
70
ENDCHAR
STARTCHAR uni1EF8
ENCODING 7928
SWIDTH 600 0
DWIDTH 10 0
BBX 9 15 1 0
BITMAP
1200
3E00
0000
C180
C300
6300
6600
3600
3C00
1C00
0800
0800
0800
0800
0800
ENDCHAR
STARTCHAR uni1EF9
ENCODING 7929
SWIDTH 473 0
DWIDTH 8 0
BBX 8 15 0 -3
BITMAP
36
2C
00
C3
66
62
64
2C
14
1C
18
08
10
30
70
ENDCHAR
STARTCHAR uni1EFA
ENCODING 7930
SWIDTH 723 0
DWIDTH 12 0
BBX 10 12 1 0
BITMAP
4800
4800
4800
4800
4800
4800
4800
4800
4800
4800
FFC0
FFC0
ENDCHAR
STARTCHAR uni1EFB
ENCODING 7931
SWIDTH 467 0
DWIDTH 7 0
BBX 7 12 1 0
BITMAP
58
FE
58
58
58
58
58
58
58
58
58
58
ENDCHAR
STARTCHAR uni1EFC
ENCODING 7932
SWIDTH 565 0
DWIDTH 9 0
BBX 8 12 1 0
BITMAP
04
1C
60
60
C8
4E
43
42
C2
63
3E
1E
ENDCHAR
STARTCHAR uni1EFD
ENCODING 7933
SWIDTH 538 0
DWIDTH 9 0
BBX 8 13 1 0
BITMAP
0C
18
30
60
40
C8
CE
43
42
C2
63
3E
1E
ENDCHAR
STARTCHAR uni1EFE
ENCODING 7934
SWIDTH 656 0
DWIDTH 11 0
BBX 9 12 1 0
BITMAP
C180
6180
6300
3300
3600
1E00
3C00
7C00
D800
8800
F800
7000
ENDCHAR
STARTCHAR uni1EFF
ENCODING 7935
SWIDTH 558 0
DWIDTH 9 0
BBX 8 12 1 -3
BITMAP
63
63
66
26
16
1C
1C
7C
D8
88
D8
F0
ENDCHAR
STARTCHAR uni1F00
ENCODING 7936
SWIDTH 564 0
DWIDTH 9 0
BBX 9 13 1 0
BITMAP
0400
0400
0800
0000
1200
7E00
6200
C200
4200
4200
6200
7F00
3980
ENDCHAR
STARTCHAR uni1F01
ENCODING 7937
SWIDTH 564 0
DWIDTH 9 0
BBX 9 13 1 0
BITMAP
0800
0800
0800
0000
1200
7E00
6200
C200
4200
4200
6200
7F00
3980
ENDCHAR
STARTCHAR uni1F02
ENCODING 7938
SWIDTH 564 0
DWIDTH 9 0
BBX 9 13 1 0
BITMAP
1C00
1A00
2200
0000
1200
7E00
6200
C200
4200
4200
6200
7F00
3980
ENDCHAR
STARTCHAR uni1F03
ENCODING 7939
SWIDTH 564 0
DWIDTH 9 0
BBX 9 13 1 0
BITMAP
2800
2C00
1200
0000
1200
7E00
6200
C200
4200
4200
6200
7F00
3980
ENDCHAR
STARTCHAR uni1F04
ENCODING 7940
SWIDTH 564 0
DWIDTH 9 0
BBX 9 13 1 0
BITMAP
0E00
0C00
1400
0000
1200
7E00
6200
C200
4200
4200
6200
7F00
3980
ENDCHAR
STARTCHAR uni1F05
ENCODING 7941
SWIDTH 564 0
DWIDTH 9 0
BBX 9 13 1 0
BITMAP
1200
1400
1400
0000
1200
7E00
6200
C200
4200
4200
6200
7F00
3980
ENDCHAR
STARTCHAR uni1F06
ENCODING 7942
SWIDTH 564 0
DWIDTH 9 0
BBX 9 14 1 0
BITMAP
1E00
0000
0800
0800
0000
1200
7E00
6200
C200
4200
4200
6200
7F00
3980
ENDCHAR
STARTCHAR uni1F07
ENCODING 7943
SWIDTH 564 0
DWIDTH 9 0
BBX 9 14 1 0
BITMAP
1E00
0000
0800
0400
0000
1200
7E00
6200
C200
4200
4200
6200
7F00
3980
ENDCHAR
STARTCHAR uni1F08
ENCODING 7944
SWIDTH 652 0
DWIDTH 10 0
BBX 11 12 0 0
BITMAP
2C00
4C00
4E00
0A00
1100
1B00
1100
3F80
7F80
2080
60C0
C060
ENDCHAR
STARTCHAR uni1F09
ENCODING 7945
SWIDTH 652 0
DWIDTH 10 0
BBX 11 12 0 0
BITMAP
CC00
4C00
2E00
0A00
1100
1B00
1100
3F80
7F80
2080
60C0
C060
ENDCHAR
STARTCHAR uni1F0A
ENCODING 7946
SWIDTH 652 0
DWIDTH 10 0
BBX 12 12 -2 0
BITMAP
A300
9300
9680
0380
0680
0440
0860
0FE0
1FE0
1030
3030
3030
ENDCHAR
STARTCHAR uni1F0B
ENCODING 7947
SWIDTH 652 0
DWIDTH 10 0
BBX 12 12 -1 0
BITMAP
E300
A300
9580
0700
0580
0880
1840
1FC0
1FE0
3020
3030
3030
ENDCHAR
STARTCHAR uni1F0C
ENCODING 7948
SWIDTH 652 0
DWIDTH 10 0
BBX 12 12 -1 0
BITMAP
9300
E300
C700
0500
0880
0D80
0880
1FC0
1FE0
1040
3060
6030
ENDCHAR
STARTCHAR uni1F0D
ENCODING 7949
SWIDTH 652 0
DWIDTH 10 0
BBX 12 12 -1 0
BITMAP
9300
A300
A700
0D00
0480
0CC0
0880
1FC0
1FE0
1020
3060
6030
ENDCHAR
STARTCHAR uni1F0E
ENCODING 7950
SWIDTH 652 0
DWIDTH 10 0
BBX 11 14 0 0
BITMAP
9000
F000
4600
4600
4B00
0D00
0B00
1100
3080
3F80
3FC0
60C0
6060
6060
ENDCHAR
STARTCHAR uni1F0F
ENCODING 7951
SWIDTH 652 0
DWIDTH 10 0
BBX 11 14 0 0
BITMAP
9000
F000
4600
4E00
2600
0D00
1B00
1100
1880
3F80
3FC0
60C0
6060
6060
ENDCHAR
STARTCHAR uni1F10
ENCODING 7952
SWIDTH 539 0
DWIDTH 9 0
BBX 7 13 1 0
BITMAP
0C
0C
10
00
08
2C
C0
60
38
70
42
FE
7C
ENDCHAR
STARTCHAR uni1F11
ENCODING 7953
SWIDTH 539 0
DWIDTH 9 0
BBX 7 13 1 0
BITMAP
10
10
08
00
08
2C
C0
60
38
70
42
FE
7C
ENDCHAR
STARTCHAR uni1F12
ENCODING 7954
SWIDTH 539 0
DWIDTH 9 0
BBX 7 13 1 0
BITMAP
28
2C
24
00
08
2C
C0
60
38
70
42
FE
7C
ENDCHAR
STARTCHAR uni1F13
ENCODING 7955
SWIDTH 539 0
DWIDTH 9 0
BBX 7 13 1 0
BITMAP
38
28
24
00
08
2C
C0
60
38
70
42
FE
7C
ENDCHAR
STARTCHAR uni1F14
ENCODING 7956
SWIDTH 539 0
DWIDTH 9 0
BBX 7 13 1 0
BITMAP
1C
1C
28
00
08
2C
C0
60
38
70
42
FE
7C
ENDCHAR
STARTCHAR uni1F15
ENCODING 7957
SWIDTH 539 0
DWIDTH 9 0
BBX 7 13 1 0
BITMAP
36
34
18
00
08
2C
C0
60
38
70
42
FE
7C
ENDCHAR
STARTCHAR uni1F18
ENCODING 7960
SWIDTH 568 0
DWIDTH 9 0
BBX 11 12 -2 0
BITMAP
9FC0
8800
8800
0800
0800
0FC0
0800
0800
0800
0800
0FE0
0FE0
ENDCHAR
STARTCHAR uni1F19
ENCODING 7961
SWIDTH 568 0
DWIDTH 9 0
BBX 10 12 -2 0
BITMAP
9FC0
8800
8800
0800
0800
0FC0
0800
0800
0800
0800
1FC0
1FC0
ENDCHAR
STARTCHAR uni1F1A
ENCODING 7962
SWIDTH 568 0
DWIDTH 9 0
BBX 14 12 -5 0
BITMAP
A1FC
9100
9100
0100
0100
01F8
0100
0100
0100
0100
01FC
01FC
ENDCHAR
STARTCHAR uni1F1B
ENCODING 7963
SWIDTH 568 0
DWIDTH 9 0
BBX 13 12 -4 0
BITMAP
E3F8
A200
9200
0200
0200
03F0
0200
0200
0200
0200
03F8
03F8
ENDCHAR
STARTCHAR uni1F1C
ENCODING 7964
SWIDTH 568 0
DWIDTH 9 0
BBX 13 12 -4 0
BITMAP
93F8
E300
C300
0300
0300
07F0
0300
0300
0300
0300
03F8
03F8
ENDCHAR
STARTCHAR uni1F1D
ENCODING 7965
SWIDTH 568 0
DWIDTH 9 0
BBX 13 12 -4 0
BITMAP
93F8
A300
A300
0300
0300
03F8
0300
0300
0300
0300
07F8
07F8
ENDCHAR
STARTCHAR uni1F20
ENCODING 7968
SWIDTH 566 0
DWIDTH 9 0
BBX 6 16 2 -3
BITMAP
30
30
20
00
90
DC
8C
8C
8C
8C
8C
8C
8C
0C
0C
0C
ENDCHAR
STARTCHAR uni1F21
ENCODING 7969
SWIDTH 566 0
DWIDTH 9 0
BBX 6 16 2 -3
BITMAP
30
30
10
00
90
DC
8C
8C
8C
8C
8C
8C
8C
0C
0C
0C
ENDCHAR
STARTCHAR uni1F22
ENCODING 7970
SWIDTH 566 0
DWIDTH 9 0
BBX 6 16 2 -3
BITMAP
50
48
48
00
90
DC
8C
8C
8C
8C
8C
8C
8C
0C
0C
0C
ENDCHAR
STARTCHAR uni1F23
ENCODING 7971
SWIDTH 566 0
DWIDTH 9 0
BBX 6 16 2 -3
BITMAP
50
50
48
00
90
DC
8C
8C
8C
8C
8C
8C
8C
0C
0C
0C
ENDCHAR
STARTCHAR uni1F24
ENCODING 7972
SWIDTH 566 0
DWIDTH 9 0
BBX 6 16 2 -3
BITMAP
68
68
50
00
90
DC
8C
8C
8C
8C
8C
8C
8C
0C
0C
0C
ENDCHAR
STARTCHAR uni1F25
ENCODING 7973
SWIDTH 566 0
DWIDTH 9 0
BBX 6 16 2 -3
BITMAP
CC
D0
30
00
90
DC
8C
8C
8C
8C
8C
8C
8C
0C
0C
0C
ENDCHAR
STARTCHAR uni1F26
ENCODING 7974
SWIDTH 566 0
DWIDTH 9 0
BBX 6 17 2 -3
BITMAP
78
00
10
20
00
90
DC
8C
8C
8C
8C
8C
8C
8C
0C
0C
0C
ENDCHAR
STARTCHAR uni1F27
ENCODING 7975
SWIDTH 566 0
DWIDTH 9 0
BBX 6 17 2 -3
BITMAP
78
00
20
10
00
90
DC
8C
8C
8C
8C
8C
8C
8C
0C
0C
0C
ENDCHAR
STARTCHAR uni1F28
ENCODING 7976
SWIDTH 712 0
DWIDTH 11 0
BBX 12 12 -2 0
BITMAP
8830
8830
8830
0830
0830
1FF0
0830
0830
0830
0830
0830
0830
ENDCHAR
STARTCHAR uni1F29
ENCODING 7977
SWIDTH 712 0
DWIDTH 11 0
BBX 12 12 -1 0
BITMAP
8810
8810
8810
0810
0810
1FF0
0810
0810
0810
0810
0810
0810
ENDCHAR
STARTCHAR uni1F2A
ENCODING 7978
SWIDTH 712 0
DWIDTH 11 0
BBX 15 12 -5 0
BITMAP
A106
9106
9106
0106
0106
03FE
0106
0106
0106
0106
0106
0106
ENDCHAR
STARTCHAR uni1F2B
ENCODING 7979
SWIDTH 712 0
DWIDTH 11 0
BBX 15 12 -4 0
BITMAP
E304
A304
9304
0304
0304
03FE
0304
0304
0304
0304
0304
0304
ENDCHAR
STARTCHAR uni1F2C
ENCODING 7980
SWIDTH 712 0
DWIDTH 11 0
BBX 15 12 -4 0
BITMAP
A606
A606
C606
0606
0606
07FC
0606
0606
0606
0606
0606
0606
ENDCHAR
STARTCHAR uni1F2D
ENCODING 7981
SWIDTH 712 0
DWIDTH 11 0
BBX 15 12 -4 0
BITMAP
9306
A306
A306
0306
0306
03FE
0306
0306
0306
0306
0306
0306
ENDCHAR
STARTCHAR uni1F2E
ENCODING 7982
SWIDTH 712 0
DWIDTH 11 0
BBX 14 14 -3 0
BITMAP
9000
F000
4608
4608
4608
0608
0608
07FC
0608
0608
0608
0608
0608
0608
ENDCHAR
STARTCHAR uni1F2F
ENCODING 7983
SWIDTH 712 0
DWIDTH 11 0
BBX 14 14 -3 0
BITMAP
9000
F000
4408
4408
2408
0408
0408
07FC
0408
0408
0408
0408
0408
0408
ENDCHAR
STARTCHAR uni1F30
ENCODING 7984
SWIDTH 323 0
DWIDTH 5 0
BBX 3 13 3 0
BITMAP
80
80
80
00
80
80
80
80
80
80
80
E0
60
ENDCHAR
STARTCHAR uni1F31
ENCODING 7985
SWIDTH 323 0
DWIDTH 5 0
BBX 4 13 1 0
BITMAP
40
40
40
00
C0
C0
C0
C0
C0
C0
C0
70
30
ENDCHAR
STARTCHAR uni1F32
ENCODING 7986
SWIDTH 323 0
DWIDTH 5 0
BBX 4 13 1 0
BITMAP
B0
90
90
00
40
40
40
40
40
40
40
70
30
ENDCHAR
STARTCHAR uni1F33
ENCODING 7987
SWIDTH 323 0
DWIDTH 5 0
BBX 4 13 1 0
BITMAP
E0
A0
90
00
40
40
40
40
40
40
40
70
30
ENDCHAR
STARTCHAR uni1F34
ENCODING 7988
SWIDTH 323 0
DWIDTH 5 0
BBX 4 13 2 0
BITMAP
B0
A0
A0
00
40
40
40
40
40
40
40
70
30
ENDCHAR
STARTCHAR uni1F35
ENCODING 7989
SWIDTH 323 0
DWIDTH 5 0
BBX 4 13 1 0
BITMAP
B0
A0
A0
00
60
60
60
60
60
60
60
70
30
ENDCHAR
STARTCHAR uni1F36
ENCODING 7990
SWIDTH 323 0
DWIDTH 5 0
BBX 4 14 1 0
BITMAP
F0
00
40
40
00
C0
C0
C0
C0
C0
C0
C0
70
30
ENDCHAR
STARTCHAR uni1F37
ENCODING 7991
SWIDTH 323 0
DWIDTH 5 0
BBX 4 14 1 0
BITMAP
F0
00
40
20
00
60
60
60
60
60
60
60
70
30
ENDCHAR
STARTCHAR uni1F38
ENCODING 7992
SWIDTH 271 0
DWIDTH 4 0
BBX 5 12 -1 0
BITMAP
88
88
88
08
08
08
08
08
08
08
08
08
ENDCHAR
STARTCHAR uni1F39
ENCODING 7993
SWIDTH 271 0
DWIDTH 4 0
BBX 5 12 -1 0
BITMAP
88
88
88
08
08
08
08
08
08
08
08
08
ENDCHAR
STARTCHAR uni1F3A
ENCODING 7994
SWIDTH 271 0
DWIDTH 4 0
BBX 8 12 -5 0
BITMAP
A1
91
91
01
01
01
01
01
01
01
01
01
ENDCHAR
STARTCHAR uni1F3B
ENCODING 7995
SWIDTH 271 0
DWIDTH 4 0
BBX 8 12 -4 0
BITMAP
E3
A3
93
03
03
03
03
03
03
03
03
03
ENDCHAR
STARTCHAR uni1F3C
ENCODING 7996
SWIDTH 271 0
DWIDTH 4 0
BBX 7 12 -4 0
BITMAP
A6
E6
C6
06
06
06
06
06
06
06
06
06
ENDCHAR
STARTCHAR uni1F3D
ENCODING 7997
SWIDTH 271 0
DWIDTH 4 0
BBX 8 12 -4 0
BITMAP
93
A3
A3
03
03
03
03
03
03
03
03
03
ENDCHAR
STARTCHAR uni1F3E
ENCODING 7998
SWIDTH 271 0
DWIDTH 4 0
BBX 6 14 -3 0
BITMAP
90
F0
44
44
44
04
04
04
04
04
04
04
04
04
ENDCHAR
STARTCHAR uni1F3F
ENCODING 7999
SWIDTH 271 0
DWIDTH 4 0
BBX 6 14 -3 0
BITMAP
90
F0
44
44
24
04
04
04
04
04
04
04
04
04
ENDCHAR
STARTCHAR uni1F40
ENCODING 8000
SWIDTH 570 0
DWIDTH 9 0
BBX 8 13 1 0
BITMAP
08
08
08
00
30
7E
63
C3
43
C3
63
3F
1C
ENDCHAR
STARTCHAR uni1F41
ENCODING 8001
SWIDTH 570 0
DWIDTH 9 0
BBX 8 13 1 0
BITMAP
10
10
08
00
30
7E
63
C3
43
C3
63
3F
1C
ENDCHAR
STARTCHAR uni1F42
ENCODING 8002
SWIDTH 570 0
DWIDTH 9 0
BBX 8 13 1 0
BITMAP
14
14
22
00
30
7E
63
C3
43
C3
63
3F
1C
ENDCHAR
STARTCHAR uni1F43
ENCODING 8003
SWIDTH 570 0
DWIDTH 9 0
BBX 8 13 1 0
BITMAP
6C
64
14
00
30
7E
63
C3
43
C3
63
3F
1C
ENDCHAR
STARTCHAR uni1F44
ENCODING 8004
SWIDTH 570 0
DWIDTH 9 0
BBX 8 13 1 0
BITMAP
12
14
14
00
30
7E
63
C3
43
C3
63
3F
1C
ENDCHAR
STARTCHAR uni1F45
ENCODING 8005
SWIDTH 570 0
DWIDTH 9 0
BBX 8 13 1 0
BITMAP
24
24
18
00
30
7E
63
C3
43
C3
63
3F
1C
ENDCHAR
STARTCHAR uni1F48
ENCODING 8008
SWIDTH 697 0
DWIDTH 11 0
BBX 11 12 0 0
BITMAP
8200
8F80
B0C0
2040
3020
6020
6020
3040
3060
30C0
1F80
0F80
ENDCHAR
STARTCHAR uni1F49
ENCODING 8009
SWIDTH 697 0
DWIDTH 11 0
BBX 11 12 0 0
BITMAP
8200
8F80
B0C0
2040
6040
6020
6020
3040
3060
30C0
1F80
0F80
ENDCHAR
STARTCHAR uni1F4A
ENCODING 8010
SWIDTH 721 0
DWIDTH 12 0
BBX 15 12 -3 0
BITMAP
A040
91F0
930C
0204
040C
0406
0406
020C
060C
030C
01F8
01F0
ENDCHAR
STARTCHAR uni1F4B
ENCODING 8011
SWIDTH 721 0
DWIDTH 12 0
BBX 14 12 -3 0
BITMAP
E040
A1F0
9618
0408
0604
0C04
0C04
0608
060C
0618
03F0
01F0
ENDCHAR
STARTCHAR uni1F4C
ENCODING 8012
SWIDTH 721 0
DWIDTH 12 0
BBX 14 12 -2 0
BITMAP
9080
E3E0
C618
0408
040C
0408
0408
0C0C
0618
0618
03F8
01F0
ENDCHAR
STARTCHAR uni1F4D
ENCODING 8013
SWIDTH 721 0
DWIDTH 12 0
BBX 14 12 -3 0
BITMAP
9040
A1F0
A618
0418
0C08
0C08
0C08
0C08
060C
0618
03F0
01F0
ENDCHAR
STARTCHAR uni1F50
ENCODING 8016
SWIDTH 545 0
DWIDTH 9 0
BBX 8 13 1 0
BITMAP
08
08
18
00
46
46
46
43
43
46
C6
7C
70
ENDCHAR
STARTCHAR uni1F51
ENCODING 8017
SWIDTH 545 0
DWIDTH 9 0
BBX 8 13 1 0
BITMAP
10
10
10
00
46
46
46
43
43
46
C6
7C
70
ENDCHAR
STARTCHAR uni1F52
ENCODING 8018
SWIDTH 545 0
DWIDTH 9 0
BBX 8 13 1 0
BITMAP
38
38
44
00
46
46
46
43
43
46
C6
7C
70
ENDCHAR
STARTCHAR uni1F53
ENCODING 8019
SWIDTH 545 0
DWIDTH 9 0
BBX 8 13 1 0
BITMAP
58
58
68
00
46
46
46
43
43
46
C6
7C
70
ENDCHAR
STARTCHAR uni1F54
ENCODING 8020
SWIDTH 545 0
DWIDTH 9 0
BBX 8 13 1 0
BITMAP
16
14
38
00
46
46
46
43
43
46
C6
7C
70
ENDCHAR
STARTCHAR uni1F55
ENCODING 8021
SWIDTH 545 0
DWIDTH 9 0
BBX 8 13 1 0
BITMAP
2C
28
28
00
46
46
46
43
43
46
C6
7C
70
ENDCHAR
STARTCHAR uni1F56
ENCODING 8022
SWIDTH 545 0
DWIDTH 9 0
BBX 8 14 1 0
BITMAP
3C
00
10
10
00
46
46
46
43
43
46
C6
7C
70
ENDCHAR
STARTCHAR uni1F57
ENCODING 8023
SWIDTH 545 0
DWIDTH 9 0
BBX 8 14 1 0
BITMAP
3C
00
10
08
00
46
46
46
43
43
46
C6
7C
70
ENDCHAR
STARTCHAR uni1F59
ENCODING 8025
SWIDTH 600 0
DWIDTH 10 0
BBX 12 12 -2 0
BITMAP
B030
9860
9860
0CC0
06C0
0780
0380
0100
0100
0100
0100
0100
ENDCHAR
STARTCHAR uni1F5B
ENCODING 8027
SWIDTH 600 0
DWIDTH 10 0
BBX 14 12 -4 0
BITMAP
E60C
A30C
9318
0198
01B0
00F0
0060
0060
0060
0060
0060
0060
ENDCHAR
STARTCHAR uni1F5D
ENCODING 8029
SWIDTH 600 0
DWIDTH 10 0
BBX 14 12 -4 0
BITMAP
960C
A60C
A318
0318
01B0
00E0
00C0
00C0
00C0
00C0
00C0
00C0
ENDCHAR
STARTCHAR uni1F5F
ENCODING 8031
SWIDTH 600 0
DWIDTH 10 0
BBX 13 14 -4 0
BITMAP
9000
F000
4C18
4618
2630
0330
0360
01E0
00C0
0080
0080
0080
0080
0080
ENDCHAR
STARTCHAR uni1F60
ENCODING 8032
SWIDTH 823 0
DWIDTH 13 0
BBX 12 13 1 0
BITMAP
0200
0200
0200
0000
6060
6060
C030
4220
4220
C220
6630
7FE0
38C0
ENDCHAR
STARTCHAR uni1F61
ENCODING 8033
SWIDTH 823 0
DWIDTH 13 0
BBX 12 13 1 0
BITMAP
0400
0400
0600
0000
6060
6060
C030
4220
4220
C220
6630
7FE0
38C0
ENDCHAR
STARTCHAR uni1F62
ENCODING 8034
SWIDTH 823 0
DWIDTH 13 0
BBX 12 13 1 0
BITMAP
0700
0700
1880
0000
6060
6060
C030
4220
4220
C220
6630
7FE0
38C0
ENDCHAR
STARTCHAR uni1F63
ENCODING 8035
SWIDTH 823 0
DWIDTH 13 0
BBX 12 13 1 0
BITMAP
1E00
1A00
0900
0000
6060
6060
C030
4220
4220
C220
6630
7FE0
38C0
ENDCHAR
STARTCHAR uni1F64
ENCODING 8036
SWIDTH 823 0
DWIDTH 13 0
BBX 12 13 1 0
BITMAP
0580
0500
0500
0000
6060
6060
C030
4220
4220
C220
6630
7FE0
38C0
ENDCHAR
STARTCHAR uni1F65
ENCODING 8037
SWIDTH 823 0
DWIDTH 13 0
BBX 12 13 1 0
BITMAP
0980
0900
0600
0000
6060
6060
C030
4220
4220
C220
6630
7FE0
38C0
ENDCHAR
STARTCHAR uni1F66
ENCODING 8038
SWIDTH 823 0
DWIDTH 13 0
BBX 12 14 1 0
BITMAP
0F00
0000
0200
0200
0000
6060
6060
C030
4220
4220
C220
6630
7FE0
38C0
ENDCHAR
STARTCHAR uni1F67
ENCODING 8039
SWIDTH 823 0
DWIDTH 13 0
BBX 12 14 1 0
BITMAP
0F00
0000
0200
0300
0000
6060
6060
C030
4220
4220
C220
6630
7FE0
38C0
ENDCHAR
STARTCHAR uni1F68
ENCODING 8040
SWIDTH 674 0
DWIDTH 11 0
BBX 11 12 0 0
BITMAP
8400
9F00
B0C0
30C0
6060
6060
6060
30C0
2040
1080
3FC0
3FC0
ENDCHAR
STARTCHAR uni1F69
ENCODING 8041
SWIDTH 674 0
DWIDTH 11 0
BBX 11 12 0 0
BITMAP
8400
9F00
B0C0
30C0
6060
6060
6060
30C0
2040
1080
3FC0
3FC0
ENDCHAR
STARTCHAR uni1F6A
ENCODING 8042
SWIDTH 699 0
DWIDTH 11 0
BBX 14 12 -3 0
BITMAP
A040
91E0
9318
060C
060C
060C
060C
0208
060C
0208
07BC
07BC
ENDCHAR
STARTCHAR uni1F6B
ENCODING 8043
SWIDTH 699 0
DWIDTH 11 0
BBX 14 12 -3 0
BITMAP
E080
A3E0
9618
0618
0C0C
0C0C
0C0C
0618
0408
0210
07F8
07F8
ENDCHAR
STARTCHAR uni1F6C
ENCODING 8044
SWIDTH 699 0
DWIDTH 11 0
BBX 13 12 -2 0
BITMAP
9080
E1E0
C618
0C18
0C18
0C18
0C18
0C08
0610
0410
0F78
0F78
ENDCHAR
STARTCHAR uni1F6D
ENCODING 8045
SWIDTH 699 0
DWIDTH 11 0
BBX 13 12 -3 0
BITMAP
9080
A3E0
A618
0C18
0C18
0C18
0C18
0C08
0610
0218
0F78
0F78
ENDCHAR
STARTCHAR uni1F6E
ENCODING 8046
SWIDTH 699 0
DWIDTH 11 0
BBX 13 14 -2 0
BITMAP
9000
F000
4100
47C0
4C30
0C30
1818
1818
1818
0C30
0810
0420
0FF0
0FF0
ENDCHAR
STARTCHAR uni1F6F
ENCODING 8047
SWIDTH 699 0
DWIDTH 11 0
BBX 13 14 -2 0
BITMAP
9000
F000
4080
43E0
2C30
0C18
0C18
0C18
0C18
0C30
0810
0420
0FF0
0FF0
ENDCHAR
STARTCHAR uni1F70
ENCODING 8048
SWIDTH 564 0
DWIDTH 9 0
BBX 9 13 1 0
BITMAP
1800
0800
0800
0000
1200
7E00
6200
C200
4200
4200
6200
7F00
3980
ENDCHAR
STARTCHAR uni1F71
ENCODING 8049
SWIDTH 564 0
DWIDTH 9 0
BBX 9 13 1 0
BITMAP
0600
0400
0800
0000
1200
7E00
6200
C200
4200
4200
6200
7F00
3980
ENDCHAR
STARTCHAR uni1F72
ENCODING 8050
SWIDTH 539 0
DWIDTH 9 0
BBX 7 13 1 0
BITMAP
30
18
08
00
08
2C
C0
60
38
70
42
FE
7C
ENDCHAR
STARTCHAR uni1F73
ENCODING 8051
SWIDTH 539 0
DWIDTH 9 0
BBX 7 13 1 0
BITMAP
0C
08
08
00
08
2C
C0
60
38
70
42
FE
7C
ENDCHAR
STARTCHAR uni1F74
ENCODING 8052
SWIDTH 566 0
DWIDTH 9 0
BBX 6 16 2 -3
BITMAP
60
20
20
00
90
DC
8C
8C
8C
8C
8C
8C
8C
0C
0C
0C
ENDCHAR
STARTCHAR uni1F75
ENCODING 8053
SWIDTH 566 0
DWIDTH 9 0
BBX 6 16 2 -3
BITMAP
18
30
20
00
90
DC
8C
8C
8C
8C
8C
8C
8C
0C
0C
0C
ENDCHAR
STARTCHAR uni1F76
ENCODING 8054
SWIDTH 323 0
DWIDTH 5 0
BBX 5 13 0 0
BITMAP
C0
40
20
00
60
60
60
60
60
60
60
38
18
ENDCHAR
STARTCHAR uni1F77
ENCODING 8055
SWIDTH 323 0
DWIDTH 5 0
BBX 3 13 3 0
BITMAP
C0
80
80
00
80
80
80
80
80
80
80
E0
60
ENDCHAR
STARTCHAR uni1F78
ENCODING 8056
SWIDTH 570 0
DWIDTH 9 0
BBX 8 13 1 0
BITMAP
30
10
08
00
30
7E
63
C3
43
C3
63
3F
1C
ENDCHAR
STARTCHAR uni1F79
ENCODING 8057
SWIDTH 570 0
DWIDTH 9 0
BBX 8 13 1 0
BITMAP
0C
08
08
00
30
7E
63
C3
43
C3
63
3F
1C
ENDCHAR
STARTCHAR uni1F7A
ENCODING 8058
SWIDTH 545 0
DWIDTH 9 0
BBX 8 13 1 0
BITMAP
30
10
10
00
46
46
46
43
43
46
C6
7C
70
ENDCHAR
STARTCHAR uni1F7B
ENCODING 8059
SWIDTH 545 0
DWIDTH 9 0
BBX 8 13 1 0
BITMAP
0C
08
10
00
46
46
46
43
43
46
C6
7C
70
ENDCHAR
STARTCHAR uni1F7C
ENCODING 8060
SWIDTH 823 0
DWIDTH 13 0
BBX 12 13 1 0
BITMAP
0C00
0600
0200
0000
6060
6060
C030
4220
4220
C220
6630
7FE0
38C0
ENDCHAR
STARTCHAR uni1F7D
ENCODING 8061
SWIDTH 823 0
DWIDTH 13 0
BBX 12 13 1 0
BITMAP
0300
0200
0200
0000
6060
6060
C030
4220
4220
C220
6630
7FE0
38C0
ENDCHAR
STARTCHAR uni1F80
ENCODING 8064
SWIDTH 564 0
DWIDTH 9 0
BBX 9 17 1 -4
BITMAP
0400
0400
0800
0000
1200
7E00
6200
C200
4200
4200
6200
7F00
3980
1000
1000
1000
0800
ENDCHAR
STARTCHAR uni1F81
ENCODING 8065
SWIDTH 564 0
DWIDTH 9 0
BBX 9 17 1 -4
BITMAP
0800
0800
0800
0000
1200
7E00
6200
C200
4200
4200
6200
7F00
3980
1000
1000
1000
0800
ENDCHAR
STARTCHAR uni1F82
ENCODING 8066
SWIDTH 564 0
DWIDTH 9 0
BBX 9 17 1 -4
BITMAP
1C00
1A00
2200
0000
1200
7E00
6200
C200
4200
4200
6200
7F00
3980
1000
1000
1000
0800
ENDCHAR
STARTCHAR uni1F83
ENCODING 8067
SWIDTH 564 0
DWIDTH 9 0
BBX 9 17 1 -4
BITMAP
2800
2C00
1200
0000
1200
7E00
6200
C200
4200
4200
6200
7F00
3980
1000
1000
1000
0800
ENDCHAR
STARTCHAR uni1F84
ENCODING 8068
SWIDTH 564 0
DWIDTH 9 0
BBX 9 17 1 -4
BITMAP
0E00
0C00
1400
0000
1200
7E00
6200
C200
4200
4200
6200
7F00
3980
1000
1000
1000
0800
ENDCHAR
STARTCHAR uni1F85
ENCODING 8069
SWIDTH 564 0
DWIDTH 9 0
BBX 9 17 1 -4
BITMAP
1200
1400
1400
0000
1200
7E00
6200
C200
4200
4200
6200
7F00
3980
1000
1000
1000
0800
ENDCHAR
STARTCHAR uni1F86
ENCODING 8070
SWIDTH 564 0
DWIDTH 9 0
BBX 9 18 1 -4
BITMAP
1E00
0000
0800
0800
0000
1200
7E00
6200
C200
4200
4200
6200
7F00
3980
1000
1000
1000
0800
ENDCHAR
STARTCHAR uni1F87
ENCODING 8071
SWIDTH 564 0
DWIDTH 9 0
BBX 9 18 1 -4
BITMAP
1E00
0000
0800
0400
0000
1200
7E00
6200
C200
4200
4200
6200
7F00
3980
1000
1000
1000
0800
ENDCHAR
STARTCHAR uni1F88
ENCODING 8072
SWIDTH 652 0
DWIDTH 10 0
BBX 11 16 0 -4
BITMAP
2C00
4C00
4E00
0A00
1100
1B00
1100
3F80
7F80
2080
60C0
C060
0400
0400
0400
0200
ENDCHAR
STARTCHAR uni1F89
ENCODING 8073
SWIDTH 652 0
DWIDTH 10 0
BBX 11 16 0 -4
BITMAP
CC00
4C00
2E00
0A00
1100
1B00
1100
3F80
7F80
2080
60C0
C060
0400
0400
0400
0200
ENDCHAR
STARTCHAR uni1F8A
ENCODING 8074
SWIDTH 652 0
DWIDTH 10 0
BBX 12 16 -2 -4
BITMAP
A300
9300
9680
0380
0680
0440
0860
0FE0
1FE0
1030
3030
3030
0100
0100
0100
0080
ENDCHAR
STARTCHAR uni1F8B
ENCODING 8075
SWIDTH 652 0
DWIDTH 10 0
BBX 12 16 -1 -4
BITMAP
E300
A300
9580
0700
0580
0880
1840
1FC0
1FE0
3020
3030
3030
0200
0200
0200
0100
ENDCHAR
STARTCHAR uni1F8C
ENCODING 8076
SWIDTH 652 0
DWIDTH 10 0
BBX 12 16 -1 -4
BITMAP
9300
E300
C700
0500
0880
0D80
0880
1FC0
1FE0
1040
3060
6030
0200
0200
0200
0100
ENDCHAR
STARTCHAR uni1F8D
ENCODING 8077
SWIDTH 652 0
DWIDTH 10 0
BBX 12 16 -1 -4
BITMAP
9300
A300
A700
0D00
0480
0CC0
0880
1FC0
1FE0
1020
3060
6030
0200
0200
0200
0300
ENDCHAR
STARTCHAR uni1F8E
ENCODING 8078
SWIDTH 652 0
DWIDTH 10 0
BBX 11 18 0 -4
BITMAP
9000
F000
4600
4600
4B00
0D00
0B00
1100
3080
3F80
3FC0
60C0
6060
6060
0400
0400
0400
0200
ENDCHAR
STARTCHAR uni1F8F
ENCODING 8079
SWIDTH 652 0
DWIDTH 10 0
BBX 11 18 0 -4
BITMAP
9000
F000
4600
4E00
2600
0D00
1B00
1100
1880
3F80
3FC0
60C0
6060
6060
0200
0200
0200
0200
ENDCHAR
STARTCHAR uni1F90
ENCODING 8080
SWIDTH 566 0
DWIDTH 9 0
BBX 6 17 2 -4
BITMAP
30
30
20
00
90
DC
8C
8C
8C
8C
8C
8C
8C
8C
8C
8C
40
ENDCHAR
STARTCHAR uni1F91
ENCODING 8081
SWIDTH 566 0
DWIDTH 9 0
BBX 6 17 2 -4
BITMAP
30
30
10
00
90
DC
8C
8C
8C
8C
8C
8C
8C
8C
8C
8C
40
ENDCHAR
STARTCHAR uni1F92
ENCODING 8082
SWIDTH 566 0
DWIDTH 9 0
BBX 6 17 2 -4
BITMAP
50
48
48
00
90
DC
8C
8C
8C
8C
8C
8C
8C
8C
8C
8C
40
ENDCHAR
STARTCHAR uni1F93
ENCODING 8083
SWIDTH 566 0
DWIDTH 9 0
BBX 6 17 2 -4
BITMAP
50
50
48
00
90
DC
8C
8C
8C
8C
8C
8C
8C
8C
8C
8C
40
ENDCHAR
STARTCHAR uni1F94
ENCODING 8084
SWIDTH 566 0
DWIDTH 9 0
BBX 6 17 2 -4
BITMAP
68
68
50
00
90
DC
8C
8C
8C
8C
8C
8C
8C
8C
8C
8C
40
ENDCHAR
STARTCHAR uni1F95
ENCODING 8085
SWIDTH 566 0
DWIDTH 9 0
BBX 6 17 2 -4
BITMAP
CC
D0
30
00
90
DC
8C
8C
8C
8C
8C
8C
8C
8C
8C
8C
40
ENDCHAR
STARTCHAR uni1F96
ENCODING 8086
SWIDTH 566 0
DWIDTH 9 0
BBX 6 18 2 -4
BITMAP
78
00
10
20
00
90
DC
8C
8C
8C
8C
8C
8C
8C
8C
8C
8C
40
ENDCHAR
STARTCHAR uni1F97
ENCODING 8087
SWIDTH 566 0
DWIDTH 9 0
BBX 6 18 2 -4
BITMAP
78
00
20
10
00
90
DC
8C
8C
8C
8C
8C
8C
8C
8C
8C
8C
40
ENDCHAR
STARTCHAR uni1F98
ENCODING 8088
SWIDTH 712 0
DWIDTH 11 0
BBX 12 16 -2 -4
BITMAP
8830
8830
8830
0830
0830
1FF0
0830
0830
0830
0830
0830
0830
0180
0180
0180
0080
ENDCHAR
STARTCHAR uni1F99
ENCODING 8089
SWIDTH 712 0
DWIDTH 11 0
BBX 12 16 -1 -4
BITMAP
8810
8810
8810
0810
0810
1FF0
0810
0810
0810
0810
0810
0810
0180
0180
0180
0080
ENDCHAR
STARTCHAR uni1F9A
ENCODING 8090
SWIDTH 712 0
DWIDTH 11 0
BBX 15 16 -5 -4
BITMAP
A106
9106
9106
0106
0106
03FE
0106
0106
0106
0106
0106
0106
0020
0020
0020
0010
ENDCHAR
STARTCHAR uni1F9B
ENCODING 8091
SWIDTH 712 0
DWIDTH 11 0
BBX 15 16 -4 -4
BITMAP
E304
A304
9304
0304
0304
03FE
0304
0304
0304
0304
0304
0304
0020
0020
0020
0010
ENDCHAR
STARTCHAR uni1F9C
ENCODING 8092
SWIDTH 712 0
DWIDTH 11 0
BBX 15 16 -4 -4
BITMAP
A606
A606
C606
0606
0606
07FC
0606
0606
0606
0606
0606
0606
0040
0040
0040
0020
ENDCHAR
STARTCHAR uni1F9D
ENCODING 8093
SWIDTH 712 0
DWIDTH 11 0
BBX 15 16 -4 -4
BITMAP
9306
A306
A306
0306
0306
03FE
0306
0306
0306
0306
0306
0306
0040
0040
0040
0020
ENDCHAR
STARTCHAR uni1F9E
ENCODING 8094
SWIDTH 712 0
DWIDTH 11 0
BBX 14 18 -3 -4
BITMAP
9000
F000
4608
4608
4608
0608
0608
07FC
0608
0608
0608
0608
0608
0608
0040
0040
0040
0020
ENDCHAR
STARTCHAR uni1F9F
ENCODING 8095
SWIDTH 712 0
DWIDTH 11 0
BBX 14 18 -3 -4
BITMAP
9000
F000
4408
4408
2408
0408
0408
07FC
0408
0408
0408
0408
0408
0408
0040
0040
0040
0020
ENDCHAR
STARTCHAR uni1FA0
ENCODING 8096
SWIDTH 823 0
DWIDTH 13 0
BBX 12 17 1 -4
BITMAP
0200
0200
0200
0000
6060
6060
C030
4220
4220
C220
6630
7FE0
38C0
0200
0200
0200
0200
ENDCHAR
STARTCHAR uni1FA1
ENCODING 8097
SWIDTH 823 0
DWIDTH 13 0
BBX 12 17 1 -4
BITMAP
0400
0400
0600
0000
6060
6060
C030
4220
4220
C220
6630
7FE0
38C0
0200
0200
0200
0200
ENDCHAR
STARTCHAR uni1FA2
ENCODING 8098
SWIDTH 823 0
DWIDTH 13 0
BBX 12 17 1 -4
BITMAP
0700
0700
1880
0000
6060
6060
C030
4220
4220
C220
6630
7FE0
38C0
0200
0200
0200
0200
ENDCHAR
STARTCHAR uni1FA3
ENCODING 8099
SWIDTH 823 0
DWIDTH 13 0
BBX 12 17 1 -4
BITMAP
1E00
1A00
0900
0000
6060
6060
C030
4220
4220
C220
6630
7FE0
38C0
0200
0200
0200
0200
ENDCHAR
STARTCHAR uni1FA4
ENCODING 8100
SWIDTH 823 0
DWIDTH 13 0
BBX 12 17 1 -4
BITMAP
0580
0500
0500
0000
6060
6060
C030
4220
4220
C220
6630
7FE0
38C0
0200
0200
0200
0200
ENDCHAR
STARTCHAR uni1FA5
ENCODING 8101
SWIDTH 823 0
DWIDTH 13 0
BBX 12 17 1 -4
BITMAP
0980
0900
0600
0000
6060
6060
C030
4220
4220
C220
6630
7FE0
38C0
0200
0200
0200
0200
ENDCHAR
STARTCHAR uni1FA6
ENCODING 8102
SWIDTH 823 0
DWIDTH 13 0
BBX 12 18 1 -4
BITMAP
0F00
0000
0200
0200
0000
6060
6060
C030
4220
4220
C220
6630
7FE0
38C0
0200
0200
0200
0200
ENDCHAR
STARTCHAR uni1FA7
ENCODING 8103
SWIDTH 823 0
DWIDTH 13 0
BBX 12 18 1 -4
BITMAP
0F00
0000
0200
0300
0000
6060
6060
C030
4220
4220
C220
6630
7FE0
38C0
0200
0200
0200
0200
ENDCHAR
STARTCHAR uni1FA8
ENCODING 8104
SWIDTH 674 0
DWIDTH 11 0
BBX 11 16 0 -4
BITMAP
8400
9F00
B0C0
30C0
6060
6060
6060
30C0
2040
1080
3FC0
3FC0
0400
0400
0400
0200
ENDCHAR
STARTCHAR uni1FA9
ENCODING 8105
SWIDTH 674 0
DWIDTH 11 0
BBX 11 16 0 -4
BITMAP
8400
9F00
B0C0
30C0
6060
6060
6060
30C0
2040
1080
3FC0
3FC0
0400
0400
0400
0200
ENDCHAR
STARTCHAR uni1FAA
ENCODING 8106
SWIDTH 699 0
DWIDTH 11 0
BBX 14 16 -3 -4
BITMAP
A040
91E0
9318
060C
060C
060C
060C
0208
060C
0208
07BC
07BC
0080
0080
0080
0040
ENDCHAR
STARTCHAR uni1FAB
ENCODING 8107
SWIDTH 699 0
DWIDTH 11 0
BBX 14 16 -3 -4
BITMAP
E080
A3E0
9618
0618
0C0C
0C0C
0C0C
0618
0408
0210
07F8
07F8
0180
0180
0180
0040
ENDCHAR
STARTCHAR uni1FAC
ENCODING 8108
SWIDTH 699 0
DWIDTH 11 0
BBX 13 16 -2 -4
BITMAP
9080
E1E0
C618
0C18
0C18
0C18
0C18
0C08
0610
0410
0F78
0F78
0080
0080
0080
0040
ENDCHAR
STARTCHAR uni1FAD
ENCODING 8109
SWIDTH 699 0
DWIDTH 11 0
BBX 13 16 -3 -4
BITMAP
9080
A3E0
A618
0C18
0C18
0C18
0C18
0C08
0610
0218
0F78
0F78
0080
0080
0080
0040
ENDCHAR
STARTCHAR uni1FAE
ENCODING 8110
SWIDTH 699 0
DWIDTH 11 0
BBX 13 18 -2 -4
BITMAP
9000
F000
4100
47C0
4C30
0C30
1818
1818
1818
0C30
0810
0420
0FF0
0FF0
0180
0180
0180
0080
ENDCHAR
STARTCHAR uni1FAF
ENCODING 8111
SWIDTH 699 0
DWIDTH 11 0
BBX 13 18 -2 -4
BITMAP
9000
F000
4080
43E0
2C30
0C18
0C18
0C18
0C18
0C30
0810
0420
0FF0
0FF0
0100
0100
0100
0080
ENDCHAR
STARTCHAR uni1FB0
ENCODING 8112
SWIDTH 564 0
DWIDTH 9 0
BBX 9 12 1 0
BITMAP
2200
1E00
0000
1200
7E00
6200
C200
4200
4200
6200
7F00
3980
ENDCHAR
STARTCHAR uni1FB1
ENCODING 8113
SWIDTH 564 0
DWIDTH 9 0
BBX 9 12 1 0
BITMAP
3E00
0000
0000
1200
7E00
6200
C200
4200
4200
6200
7F00
3980
ENDCHAR
STARTCHAR uni1FB2
ENCODING 8114
SWIDTH 564 0
DWIDTH 9 0
BBX 9 17 1 -4
BITMAP
1800
0800
0800
0000
1200
7E00
6200
C200
4200
4200
6200
7F00
3980
1000
1000
1000
0800
ENDCHAR
STARTCHAR uni1FB3
ENCODING 8115
SWIDTH 564 0
DWIDTH 9 0
BBX 9 13 1 -4
BITMAP
1200
7E00
6200
C200
4200
4200
6200
7F00
3980
1000
1000
1000
0800
ENDCHAR
STARTCHAR uni1FB4
ENCODING 8116
SWIDTH 564 0
DWIDTH 9 0
BBX 9 17 1 -4
BITMAP
0600
0400
0800
0000
1200
7E00
6200
C200
4200
4200
6200
7F00
3980
1000
1000
1000
0800
ENDCHAR
STARTCHAR uni1FB6
ENCODING 8118
SWIDTH 564 0
DWIDTH 9 0
BBX 9 13 1 0
BITMAP
1900
1E00
0000
0000
1200
7E00
6200
C200
4200
4200
6200
7F00
3980
ENDCHAR
STARTCHAR uni1FB7
ENCODING 8119
SWIDTH 564 0
DWIDTH 9 0
BBX 9 17 1 -4
BITMAP
1900
1E00
0000
0000
1200
7E00
6200
C200
4200
4200
6200
7F00
3980
1000
1000
1000
0800
ENDCHAR
STARTCHAR uni1FB8
ENCODING 8120
SWIDTH 652 0
DWIDTH 10 0
BBX 11 15 0 0
BITMAP
1100
0A00
0F00
0C00
0C00
0E00
0A00
1100
1B00
1100
3F80
7F80
2080
60C0
C060
ENDCHAR
STARTCHAR uni1FB9
ENCODING 8121
SWIDTH 652 0
DWIDTH 10 0
BBX 11 14 0 0
BITMAP
1F80
0000
0C00
0C00
0E00
0A00
1100
1B00
1100
3F80
7F80
2080
60C0
C060
ENDCHAR
STARTCHAR uni1FBA
ENCODING 8122
SWIDTH 652 0
DWIDTH 10 0
BBX 11 12 0 0
BITMAP
C600
4E00
2600
0900
1980
1100
1980
3F80
3FC0
60C0
6060
6060
ENDCHAR
STARTCHAR uni1FBB
ENCODING 8123
SWIDTH 652 0
DWIDTH 10 0
BBX 11 12 0 0
BITMAP
2C00
6C00
8E00
0A00
1100
1B00
1100
3F80
7F80
2080
60C0
C060
ENDCHAR
STARTCHAR uni1FBC
ENCODING 8124
SWIDTH 652 0
DWIDTH 10 0
BBX 11 16 0 -4
BITMAP
0C00
0C00
0E00
0A00
1100
1B00
1100
3F80
7F80
2080
60C0
C060
0400
0400
0400
0200
ENDCHAR
STARTCHAR uni1FBD
ENCODING 8125
SWIDTH 245 0
DWIDTH 4 0
BBX 1 3 2 9
BITMAP
80
80
80
ENDCHAR
STARTCHAR uni1FBE
ENCODING 8126
SWIDTH 213 0
DWIDTH 3 0
BBX 1 4 2 -4
BITMAP
80
80
80
80
ENDCHAR
STARTCHAR uni1FBF
ENCODING 8127
SWIDTH 256 0
DWIDTH 4 0
BBX 1 3 2 9
BITMAP
80
80
80
ENDCHAR
STARTCHAR uni1FC0
ENCODING 8128
SWIDTH 398 0
DWIDTH 6 0
BBX 5 2 1 10
BITMAP
E8
B0
ENDCHAR
STARTCHAR uni1FC1
ENCODING 8129
SWIDTH 438 0
DWIDTH 7 0
BBX 6 4 1 10
BITMAP
28
78
48
CC
ENDCHAR
STARTCHAR uni1FC2
ENCODING 8130
SWIDTH 566 0
DWIDTH 9 0
BBX 6 17 2 -4
BITMAP
60
20
20
00
90
DC
8C
8C
8C
8C
8C
8C
8C
8C
8C
8C
40
ENDCHAR
STARTCHAR uni1FC3
ENCODING 8131
SWIDTH 566 0
DWIDTH 9 0
BBX 6 13 2 -4
BITMAP
90
DC
8C
8C
8C
8C
8C
8C
8C
8C
8C
8C
40
ENDCHAR
STARTCHAR uni1FC4
ENCODING 8132
SWIDTH 566 0
DWIDTH 9 0
BBX 6 17 2 -4
BITMAP
18
30
20
00
90
DC
8C
8C
8C
8C
8C
8C
8C
8C
8C
8C
40
ENDCHAR
STARTCHAR uni1FC6
ENCODING 8134
SWIDTH 566 0
DWIDTH 9 0
BBX 6 16 2 -3
BITMAP
24
5C
00
00
90
DC
8C
8C
8C
8C
8C
8C
8C
0C
0C
0C
ENDCHAR
STARTCHAR uni1FC7
ENCODING 8135
SWIDTH 566 0
DWIDTH 9 0
BBX 6 17 2 -4
BITMAP
24
5C
00
00
90
DC
8C
8C
8C
8C
8C
8C
8C
8C
8C
8C
40
ENDCHAR
STARTCHAR uni1FC8
ENCODING 8136
SWIDTH 568 0
DWIDTH 9 0
BBX 12 12 -3 0
BITMAP
C7F0
4400
2400
0400
0400
07E0
0400
0400
0400
0400
07F0
07F0
ENDCHAR
STARTCHAR uni1FC9
ENCODING 8137
SWIDTH 568 0
DWIDTH 9 0
BBX 12 12 -3 0
BITMAP
47F0
CC00
8C00
0C00
0C00
0FE0
0C00
0C00
0C00
0C00
07F0
07F0
ENDCHAR
STARTCHAR uni1FCA
ENCODING 8138
SWIDTH 712 0
DWIDTH 11 0
BBX 14 12 -3 0
BITMAP
C404
4404
2404
0404
0404
07FC
0404
0404
0404
0404
0404
0404
ENDCHAR
STARTCHAR uni1FCB
ENCODING 8139
SWIDTH 712 0
DWIDTH 11 0
BBX 13 12 -3 0
BITMAP
4C18
CC18
8C18
0C18
0C18
0FF8
0C18
0C18
0C18
0C18
0C18
0C18
ENDCHAR
STARTCHAR uni1FCC
ENCODING 8140
SWIDTH 712 0
DWIDTH 11 0
BBX 9 16 1 -4
BITMAP
4180
4180
4180
4180
4180
FF80
4180
4180
4180
4180
4180
4180
0800
0800
0800
0400
ENDCHAR
STARTCHAR uni1FCD
ENCODING 8141
SWIDTH 387 0
DWIDTH 6 0
BBX 4 3 2 9
BITMAP
A0
90
90
ENDCHAR
STARTCHAR uni1FCE
ENCODING 8142
SWIDTH 372 0
DWIDTH 6 0
BBX 4 3 2 9
BITMAP
90
E0
C0
ENDCHAR
STARTCHAR uni1FCF
ENCODING 8143
SWIDTH 375 0
DWIDTH 6 0
BBX 4 5 2 9
BITMAP
90
F0
40
40
40
ENDCHAR
STARTCHAR uni1FD0
ENCODING 8144
SWIDTH 323 0
DWIDTH 5 0
BBX 5 12 1 0
BITMAP
98
E0
00
40
40
40
40
40
40
40
70
30
ENDCHAR
STARTCHAR uni1FD1
ENCODING 8145
SWIDTH 323 0
DWIDTH 5 0
BBX 5 12 1 0
BITMAP
F8
00
00
20
20
20
20
20
20
20
70
30
ENDCHAR
STARTCHAR uni1FD2
ENCODING 8146
SWIDTH 323 0
DWIDTH 5 0
BBX 6 14 0 0
BITMAP
20
20
CC
00
00
10
10
10
10
10
10
10
38
18
ENDCHAR
STARTCHAR uni1FD3
ENCODING 8147
SWIDTH 323 0
DWIDTH 5 0
BBX 6 14 0 0
BITMAP
08
10
CC
00
00
20
20
20
20
20
20
20
38
18
ENDCHAR
STARTCHAR uni1FD6
ENCODING 8150
SWIDTH 323 0
DWIDTH 5 0
BBX 5 13 1 0
BITMAP
48
F8
00
00
40
40
40
40
40
40
40
70
30
ENDCHAR
STARTCHAR uni1FD7
ENCODING 8151
SWIDTH 323 0
DWIDTH 5 0
BBX 6 14 0 0
BITMAP
78
00
CC
00
00
10
10
10
10
10
10
10
38
18
ENDCHAR
STARTCHAR uni1FD8
ENCODING 8152
SWIDTH 271 0
DWIDTH 4 0
BBX 5 15 1 0
BITMAP
98
90
00
40
40
40
40
40
40
40
40
40
40
40
40
ENDCHAR
STARTCHAR uni1FD9
ENCODING 8153
SWIDTH 271 0
DWIDTH 4 0
BBX 5 14 1 0
BITMAP
F8
00
20
20
20
20
20
20
20
20
20
20
20
20
ENDCHAR
STARTCHAR uni1FDA
ENCODING 8154
SWIDTH 271 0
DWIDTH 4 0
BBX 2 15 1 0
BITMAP
C0
40
00
C0
C0
C0
C0
C0
C0
C0
C0
C0
C0
C0
C0
ENDCHAR
STARTCHAR uni1FDB
ENCODING 8155
SWIDTH 271 0
DWIDTH 4 0
BBX 2 15 2 0
BITMAP
40
80
00
80
80
80
80
80
80
80
80
80
80
80
80
ENDCHAR
STARTCHAR uni1FDD
ENCODING 8157
SWIDTH 366 0
DWIDTH 6 0
BBX 4 3 2 9
BITMAP
E0
A0
90
ENDCHAR
STARTCHAR uni1FDE
ENCODING 8158
SWIDTH 390 0
DWIDTH 6 0
BBX 4 3 2 9
BITMAP
90
A0
A0
ENDCHAR
STARTCHAR uni1FDF
ENCODING 8159
SWIDTH 375 0
DWIDTH 6 0
BBX 4 5 2 9
BITMAP
90
F0
40
40
20
ENDCHAR
STARTCHAR uni1FE0
ENCODING 8160
SWIDTH 545 0
DWIDTH 9 0
BBX 8 12 1 0
BITMAP
44
3C
00
46
46
46
43
43
46
C6
7C
70
ENDCHAR
STARTCHAR uni1FE1
ENCODING 8161
SWIDTH 545 0
DWIDTH 9 0
BBX 8 12 1 0
BITMAP
7C
00
00
46
46
46
43
43
46
C6
7C
70
ENDCHAR
STARTCHAR uni1FE2
ENCODING 8162
SWIDTH 545 0
DWIDTH 9 0
BBX 8 14 1 0
BITMAP
20
10
6C
00
00
46
46
46
43
43
46
C6
7C
70
ENDCHAR
STARTCHAR uni1FE3
ENCODING 8163
SWIDTH 545 0
DWIDTH 9 0
BBX 8 14 1 0
BITMAP
08
08
66
00
00
46
46
46
43
43
46
C6
7C
70
ENDCHAR
STARTCHAR uni1FE4
ENCODING 8164
SWIDTH 566 0
DWIDTH 9 0
BBX 7 16 2 -3
BITMAP
18
18
20
00
60
FC
CC
84
84
86
8C
FC
FC
80
80
80
ENDCHAR
STARTCHAR uni1FE5
ENCODING 8165
SWIDTH 566 0
DWIDTH 9 0
BBX 7 16 2 -3
BITMAP
20
20
10
00
60
FC
CC
84
84
86
8C
FC
FC
80
80
80
ENDCHAR
STARTCHAR uni1FE6
ENCODING 8166
SWIDTH 545 0
DWIDTH 9 0
BBX 8 13 1 0
BITMAP
12
7C
00
00
46
46
46
43
43
46
C6
7C
70
ENDCHAR
STARTCHAR uni1FE7
ENCODING 8167
SWIDTH 545 0
DWIDTH 9 0
BBX 8 14 1 0
BITMAP
3C
00
6C
00
00
46
46
46
43
43
46
C6
7C
70
ENDCHAR
STARTCHAR uni1FE8
ENCODING 8168
SWIDTH 600 0
DWIDTH 10 0
BBX 9 15 1 0
BITMAP
6400
2400
1C00
C180
C300
6300
6600
3600
3C00
1C00
0800
0800
0800
0800
0800
ENDCHAR
STARTCHAR uni1FE9
ENCODING 8169
SWIDTH 600 0
DWIDTH 10 0
BBX 9 14 1 0
BITMAP
3E00
0000
C180
C300
6300
6600
3600
3C00
1C00
0800
0800
0800
0800
0800
ENDCHAR
STARTCHAR uni1FEA
ENCODING 8170
SWIDTH 600 0
DWIDTH 10 0
BBX 13 12 -4 0
BITMAP
CC18
4618
2630
0330
0360
01E0
00C0
0080
0080
0080
0080
0080
ENDCHAR
STARTCHAR uni1FEB
ENCODING 8171
SWIDTH 600 0
DWIDTH 10 0
BBX 13 12 -3 0
BITMAP
4C18
CC30
8630
0660
0360
03C0
0180
0180
0180
0180
0180
0180
ENDCHAR
STARTCHAR uni1FEC
ENCODING 8172
SWIDTH 630 0
DWIDTH 10 0
BBX 11 12 -1 0
BITMAP
9F00
99C0
9860
1860
1860
1860
3FC0
1800
1800
1800
1800
1800
ENDCHAR
STARTCHAR uni1FED
ENCODING 8173
SWIDTH 438 0
DWIDTH 7 0
BBX 6 3 1 10
BITMAP
60
58
CC
ENDCHAR
STARTCHAR uni1FEE
ENCODING 8174
SWIDTH 438 0
DWIDTH 7 0
BBX 6 3 1 10
BITMAP
10
58
CC
ENDCHAR
STARTCHAR uni1FEF
ENCODING 8175
SWIDTH 243 0
DWIDTH 4 0
BBX 3 3 1 9
BITMAP
C0
40
20
ENDCHAR
STARTCHAR uni1FF2
ENCODING 8178
SWIDTH 823 0
DWIDTH 13 0
BBX 12 17 1 -4
BITMAP
0C00
0600
0200
0000
6060
6060
C030
4220
4220
C220
6630
7FE0
38C0
0200
0200
0200
0200
ENDCHAR
STARTCHAR uni1FF3
ENCODING 8179
SWIDTH 823 0
DWIDTH 13 0
BBX 12 13 1 -4
BITMAP
6060
6060
C030
4220
4220
C220
6630
7FE0
38C0
0200
0200
0200
0200
ENDCHAR
STARTCHAR uni1FF4
ENCODING 8180
SWIDTH 823 0
DWIDTH 13 0
BBX 12 17 1 -4
BITMAP
0300
0200
0200
0000
6060
6060
C030
4220
4220
C220
6630
7FE0
38C0
0200
0200
0200
0200
ENDCHAR
STARTCHAR uni1FF6
ENCODING 8182
SWIDTH 823 0
DWIDTH 13 0
BBX 12 13 1 0
BITMAP
0480
0B80
0000
0000
6060
6060
C030
4220
4220
C220
6630
7FE0
38C0
ENDCHAR
STARTCHAR uni1FF7
ENCODING 8183
SWIDTH 823 0
DWIDTH 13 0
BBX 12 17 1 -4
BITMAP
0480
0B80
0000
0000
6060
6060
C030
4220
4220
C220
6630
7FE0
38C0
0200
0200
0200
0200
ENDCHAR
STARTCHAR uni1FF8
ENCODING 8184
SWIDTH 697 0
DWIDTH 11 0
BBX 12 12 -2 0
BITMAP
C080
43E0
2C30
0830
1810
0810
0810
1810
0C30
0C30
07E0
03E0
ENDCHAR
STARTCHAR uni1FF9
ENCODING 8185
SWIDTH 697 0
DWIDTH 11 0
BBX 12 12 -1 0
BITMAP
4100
C7C0
9830
0820
1010
1830
1830
1010
1830
1830
07E0
07C0
ENDCHAR
STARTCHAR uni1FFA
ENCODING 8186
SWIDTH 674 0
DWIDTH 11 0
BBX 12 12 -2 0
BITMAP
C100
43C0
2C30
1830
1830
1830
1830
1810
0C20
0420
1EF0
1EF0
ENDCHAR
STARTCHAR uni1FFB
ENCODING 8187
SWIDTH 674 0
DWIDTH 11 0
BBX 12 12 -1 0
BITMAP
4100
C7C0
9860
1830
1830
1830
1830
1030
0860
1840
1EF0
1EF0
ENDCHAR
STARTCHAR uni1FFC
ENCODING 8188
SWIDTH 665 0
DWIDTH 11 0
BBX 9 16 1 -4
BITMAP
0800
3E00
6180
C180
C180
C180
C180
C080
6100
2100
F780
F780
0800
0800
0800
0400
ENDCHAR
STARTCHAR uni1FFD
ENCODING 8189
SWIDTH 243 0
DWIDTH 4 0
BBX 2 3 1 9
BITMAP
40
C0
80
ENDCHAR
STARTCHAR uni1FFE
ENCODING 8190
SWIDTH 245 0
DWIDTH 4 0
BBX 1 3 2 9
BITMAP
80
80
80
ENDCHAR
STARTCHAR uni2000
ENCODING 8192
SWIDTH 509 0
DWIDTH 8 0
BBX 1 1 0 0
BITMAP
00
ENDCHAR
STARTCHAR uni2001
ENCODING 8193
SWIDTH 1020 0
DWIDTH 16 0
BBX 1 1 0 0
BITMAP
00
ENDCHAR
STARTCHAR uni2002
ENCODING 8194
SWIDTH 509 0
DWIDTH 8 0
BBX 1 1 0 0
BITMAP
00
ENDCHAR
STARTCHAR uni2003
ENCODING 8195
SWIDTH 1020 0
DWIDTH 16 0
BBX 1 1 0 0
BITMAP
00
ENDCHAR
STARTCHAR uni2004
ENCODING 8196
SWIDTH 340 0
DWIDTH 5 0
BBX 1 1 0 0
BITMAP
00
ENDCHAR
STARTCHAR uni2005
ENCODING 8197
SWIDTH 254 0
DWIDTH 4 0
BBX 1 1 0 0
BITMAP
00
ENDCHAR
STARTCHAR uni2006
ENCODING 8198
SWIDTH 169 0
DWIDTH 3 0
BBX 1 1 0 0
BITMAP
00
ENDCHAR
STARTCHAR uni2007
ENCODING 8199
SWIDTH 562 0
DWIDTH 9 0
BBX 1 1 0 0
BITMAP
00
ENDCHAR
STARTCHAR uni2008
ENCODING 8200
SWIDTH 273 0
DWIDTH 4 0
BBX 1 1 0 0
BITMAP
00
ENDCHAR
STARTCHAR uni2009
ENCODING 8201
SWIDTH 204 0
DWIDTH 3 0
BBX 1 1 0 0
BITMAP
00
ENDCHAR
STARTCHAR uni200A
ENCODING 8202
SWIDTH 102 0
DWIDTH 2 0
BBX 1 1 0 0
BITMAP
00
ENDCHAR
STARTCHAR uni200B
ENCODING 8203
SWIDTH 0 0
DWIDTH 0 0
BBX 1 1 0 0
BITMAP
00
ENDCHAR
STARTCHAR afii61664
ENCODING 8204
SWIDTH 0 0
DWIDTH 0 0
BBX 1 11 -5 -1
BITMAP
80
80
80
80
80
80
80
80
80
80
80
ENDCHAR
STARTCHAR afii57598
ENCODING 8205
SWIDTH 0 0
DWIDTH 0 0
BBX 3 13 -6 -1
BITMAP
A0
60
60
E0
40
40
40
40
40
40
40
40
40
ENDCHAR
STARTCHAR afii57596
ENCODING 8206
SWIDTH 0 0
DWIDTH 0 0
BBX 5 13 -6 -1
BITMAP
10
08
78
A0
80
80
80
80
80
80
80
80
80
ENDCHAR
STARTCHAR afii300
ENCODING 8207
SWIDTH 0 0
DWIDTH 0 0
BBX 5 13 -6 -1
BITMAP
40
80
F8
50
10
10
10
10
10
10
10
10
10
ENDCHAR
STARTCHAR hyphen__
ENCODING 8208
SWIDTH 275 0
DWIDTH 4 0
BBX 4 1 0 5
BITMAP
F0
ENDCHAR
STARTCHAR hyphennobreak
ENCODING 8209
SWIDTH 275 0
DWIDTH 4 0
BBX 4 1 0 5
BITMAP
F0
ENDCHAR
STARTCHAR figuredash
ENCODING 8210
SWIDTH 571 0
DWIDTH 9 0
BBX 6 1 2 6
BITMAP
FC
ENDCHAR
STARTCHAR endash
ENCODING 8211
SWIDTH 656 0
DWIDTH 10 0
BBX 8 1 1 6
BITMAP
FF
ENDCHAR
STARTCHAR emdash
ENCODING 8212
SWIDTH 780 0
DWIDTH 12 0
BBX 10 1 2 6
BITMAP
FFC0
ENDCHAR
STARTCHAR uni2015
ENCODING 8213
SWIDTH 780 0
DWIDTH 12 0
BBX 10 1 2 6
BITMAP
FFC0
ENDCHAR
STARTCHAR verticalbardbl
ENCODING 8214
SWIDTH 379 0
DWIDTH 6 0
BBX 3 14 2 -2
BITMAP
A0
A0
A0
A0
A0
A0
A0
A0
A0
A0
A0
A0
A0
A0
ENDCHAR
STARTCHAR underscoredbl
ENCODING 8215
SWIDTH 455 0
DWIDTH 7 0
BBX 7 4 1 -3
BITMAP
FE
FE
FE
FE
ENDCHAR
STARTCHAR quoteleft
ENCODING 8216
SWIDTH 199 0
DWIDTH 3 0
BBX 2 4 2 9
BITMAP
80
C0
80
80
ENDCHAR
STARTCHAR quoteright
ENCODING 8217
SWIDTH 199 0
DWIDTH 3 0
BBX 2 3 0 9
BITMAP
40
40
C0
ENDCHAR
STARTCHAR quotesinglbase
ENCODING 8218
SWIDTH 198 0
DWIDTH 3 0
BBX 2 4 1 -2
BITMAP
80
80
C0
80
ENDCHAR
STARTCHAR quotereversed
ENCODING 8219
SWIDTH 199 0
DWIDTH 3 0
BBX 2 3 2 9
BITMAP
80
80
C0
ENDCHAR
STARTCHAR quotedblleft
ENCODING 8220
SWIDTH 353 0
DWIDTH 6 0
BBX 4 4 2 9
BITMAP
90
F0
A0
B0
ENDCHAR
STARTCHAR quotedblright
ENCODING 8221
SWIDTH 356 0
DWIDTH 6 0
BBX 5 3 0 9
BITMAP
58
58
D8
ENDCHAR
STARTCHAR quotedblbase
ENCODING 8222
SWIDTH 344 0
DWIDTH 6 0
BBX 4 4 1 -2
BITMAP
90
90
E0
E0
ENDCHAR
STARTCHAR quotedblreversed
ENCODING 8223
SWIDTH 373 0
DWIDTH 6 0
BBX 4 5 2 8
BITMAP
A0
A0
A0
D0
90
ENDCHAR
STARTCHAR dagger
ENCODING 8224
SWIDTH 551 0
DWIDTH 9 0
BBX 8 12 1 0
BITMAP
18
18
18
FF
18
18
18
18
18
18
18
18
ENDCHAR
STARTCHAR daggerdbl
ENCODING 8225
SWIDTH 569 0
DWIDTH 9 0
BBX 8 15 1 -3
BITMAP
18
18
18
FF
18
18
18
18
18
18
FF
FF
18
18
18
ENDCHAR
STARTCHAR bullet
ENCODING 8226
SWIDTH 336 0
DWIDTH 5 0
BBX 3 3 2 5
BITMAP
E0
E0
E0
ENDCHAR
STARTCHAR trianglebullet
ENCODING 8227
SWIDTH 537 0
DWIDTH 9 0
BBX 7 7 1 2
BITMAP
C0
70
7C
FE
F8
70
40
ENDCHAR
STARTCHAR onedotleader
ENCODING 8228
SWIDTH 249 0
DWIDTH 4 0
BBX 2 2 1 0
BITMAP
C0
C0
ENDCHAR
STARTCHAR uni2025
ENCODING 8229
SWIDTH 470 0
DWIDTH 8 0
BBX 5 2 1 0
BITMAP
C8
C8
ENDCHAR
STARTCHAR ellipsis
ENCODING 8230
SWIDTH 668 0
DWIDTH 11 0
BBX 9 2 1 0
BITMAP
C880
C880
ENDCHAR
STARTCHAR hyphendot
ENCODING 8231
SWIDTH 186 0
DWIDTH 3 0
BBX 1 2 2 4
BITMAP
80
80
ENDCHAR
STARTCHAR uni202F
ENCODING 8239
SWIDTH 247 0
DWIDTH 4 0
BBX 1 1 0 0
BITMAP
00
ENDCHAR
STARTCHAR perthousand
ENCODING 8240
SWIDTH 958 0
DWIDTH 15 0
BBX 14 12 2 0
BITMAP
4000
9100
9200
9200
F400
0800
0910
13F8
12C8
6444
22C8
03B8
ENDCHAR
STARTCHAR pertenthousand
ENCODING 8241
SWIDTH 1152 0
DWIDTH 18 0
BBX 17 12 2 0
BITMAP
400000
920000
920000
940000
F40000
080000
092200
33FF00
24CC80
244880
24CD00
07BF00
ENDCHAR
STARTCHAR minute
ENCODING 8242
SWIDTH 174 0
DWIDTH 3 0
BBX 1 3 2 9
BITMAP
80
80
80
ENDCHAR
STARTCHAR second
ENCODING 8243
SWIDTH 319 0
DWIDTH 5 0
BBX 4 3 1 9
BITMAP
50
50
90
ENDCHAR
STARTCHAR primetripl1
ENCODING 8244
SWIDTH 510 0
DWIDTH 8 0
BBX 7 3 2 10
BITMAP
76
A4
A8
ENDCHAR
STARTCHAR primerev1
ENCODING 8245
SWIDTH 226 0
DWIDTH 4 0
BBX 2 3 2 10
BITMAP
80
80
40
ENDCHAR
STARTCHAR reverseddblprime
ENCODING 8246
SWIDTH 369 0
DWIDTH 6 0
BBX 4 3 2 10
BITMAP
E0
A0
50
ENDCHAR
STARTCHAR primetriplerev1
ENCODING 8247
SWIDTH 510 0
DWIDTH 8 0
BBX 6 3 2 10
BITMAP
E8
A4
54
ENDCHAR
STARTCHAR caret
ENCODING 8248
SWIDTH 392 0
DWIDTH 6 0
BBX 5 4 1 -4
BITMAP
60
50
90
98
ENDCHAR
STARTCHAR guilsinglleft
ENCODING 8249
SWIDTH 299 0
DWIDTH 5 0
BBX 4 6 1 2
BITMAP
10
60
60
C0
20
20
ENDCHAR
STARTCHAR guilsinglright
ENCODING 8250
SWIDTH 299 0
DWIDTH 5 0
BBX 3 6 2 2
BITMAP
80
40
40
20
40
80
ENDCHAR
STARTCHAR referencemark
ENCODING 8251
SWIDTH 605 0
DWIDTH 10 0
BBX 9 8 1 2
BITMAP
0C00
6F00
3600
5D00
CD80
3600
6300
2D00
ENDCHAR
STARTCHAR exclamdbl
ENCODING 8252
SWIDTH 514 0
DWIDTH 8 0
BBX 6 12 1 0
BITMAP
CC
CC
CC
CC
CC
4C
4C
4C
00
00
4C
4C
ENDCHAR
STARTCHAR interrobang
ENCODING 8253
SWIDTH 448 0
DWIDTH 7 0
BBX 6 13 1 0
BITMAP
60
60
F8
EC
64
6C
38
30
30
00
00
60
60
ENDCHAR
STARTCHAR overline
ENCODING 8254
SWIDTH 464 0
DWIDTH 7 0
BBX 7 1 1 13
BITMAP
FE
ENDCHAR
STARTCHAR undertie
ENCODING 8255
SWIDTH 751 0
DWIDTH 12 0
BBX 11 3 1 -3
BITMAP
80E0
E1E0
7F80
ENDCHAR
STARTCHAR charactertie
ENCODING 8256
SWIDTH 751 0
DWIDTH 12 0
BBX 11 2 1 10
BITMAP
3F80
FFE0
ENDCHAR
STARTCHAR caretinsertionpoint
ENCODING 8257
SWIDTH 426 0
DWIDTH 7 0
BBX 5 8 2 -3
BITMAP
08
08
10
20
20
70
90
90
ENDCHAR
STARTCHAR asterism
ENCODING 8258
SWIDTH 668 0
DWIDTH 11 0
BBX 9 9 2 2
BITMAP
0800
1C00
3E00
1C00
0800
D700
E700
F780
E700
ENDCHAR
STARTCHAR hyphenbullet
ENCODING 8259
SWIDTH 424 0
DWIDTH 7 0
BBX 6 3 1 5
BITMAP
FC
FC
FC
ENDCHAR
STARTCHAR fraction
ENCODING 8260
SWIDTH 454 0
DWIDTH 7 0
BBX 7 10 0 1
BITMAP
02
04
04
08
10
10
20
20
C0
40
ENDCHAR
STARTCHAR uni2045
ENCODING 8261
SWIDTH 312 0
DWIDTH 5 0
BBX 3 15 1 -2
BITMAP
E0
40
40
40
40
40
40
E0
40
40
40
40
40
40
E0
ENDCHAR
STARTCHAR uni2046
ENCODING 8262
SWIDTH 312 0
DWIDTH 5 0
BBX 4 15 1 -2
BITMAP
E0
30
30
30
30
30
30
E0
30
30
30
30
30
30
E0
ENDCHAR
STARTCHAR uni2047
ENCODING 8263
SWIDTH 944 0
DWIDTH 15 0
BBX 15 12 1 0
BITMAP
1010
7C78
C6CC
0206
060C
0C18
0810
1830
0000
0000
3020
3020
ENDCHAR
STARTCHAR uni2048
ENCODING 8264
SWIDTH 729 0
DWIDTH 12 0
BBX 11 12 1 0
BITMAP
10C0
7CC0
C6C0
02C0
06C0
0CC0
08C0
18C0
0000
0000
3060
3060
ENDCHAR
STARTCHAR uni2049
ENCODING 8265
SWIDTH 729 0
DWIDTH 12 0
BBX 11 12 1 0
BITMAP
C100
C7C0
CCC0
C060
C0C0
4180
4100
4300
0000
0000
4200
4200
ENDCHAR
STARTCHAR uni204A
ENCODING 8266
SWIDTH 442 0
DWIDTH 7 0
BBX 5 12 1 -3
BITMAP
F8
08
08
08
08
08
08
08
08
08
08
08
ENDCHAR
STARTCHAR uni204B
ENCODING 8267
SWIDTH 488 0
DWIDTH 8 0
BBX 6 12 1 0
BITMAP
60
F8
FC
FC
FC
FC
F8
40
40
40
40
40
ENDCHAR
STARTCHAR uni204C
ENCODING 8268
SWIDTH 604 0
DWIDTH 10 0
BBX 9 6 1 2
BITMAP
0F80
7C80
FC80
FC80
7E80
3F80
ENDCHAR
STARTCHAR uni204D
ENCODING 8269
SWIDTH 604 0
DWIDTH 10 0
BBX 8 6 2 2
BITMAP
F8
BE
BF
BF
BF
FE
ENDCHAR
STARTCHAR uni204E
ENCODING 8270
SWIDTH 480 0
DWIDTH 8 0
BBX 7 7 1 -3
BITMAP
10
10
D2
7C
38
68
24
ENDCHAR
STARTCHAR uni204F
ENCODING 8271
SWIDTH 249 0
DWIDTH 4 0
BBX 3 11 1 -2
BITMAP
C0
C0
00
00
00
00
00
C0
C0
40
60
ENDCHAR
STARTCHAR uni2050
ENCODING 8272
SWIDTH 752 0
DWIDTH 12 0
BBX 11 15 1 -3
BITMAP
3F80
FFE0
0000
0000
0000
0000
0000
0000
0000
0000
0000
0000
80E0
E1E0
7F80
ENDCHAR
STARTCHAR uni2051
ENCODING 8273
SWIDTH 480 0
DWIDTH 8 0
BBX 7 15 1 -3
BITMAP
10
10
D2
3C
38
68
24
00
10
10
D2
7C
38
68
24
ENDCHAR
STARTCHAR uni2052
ENCODING 8274
SWIDTH 454 0
DWIDTH 7 0
BBX 6 12 0 0
BITMAP
04
04
48
CC
08
10
30
10
20
2C
40
C0
ENDCHAR
STARTCHAR uni2053
ENCODING 8275
SWIDTH 666 0
DWIDTH 11 0
BBX 10 2 1 5
BITMAP
F840
07C0
ENDCHAR
STARTCHAR uni2054
ENCODING 8276
SWIDTH 751 0
DWIDTH 12 0
BBX 12 3 0 -3
BITMAP
0200
1FC0
FFF0
ENDCHAR
STARTCHAR uni2055
ENCODING 8277
SWIDTH 572 0
DWIDTH 9 0
BBX 6 7 2 1
BITMAP
20
AC
70
FC
78
A8
20
ENDCHAR
STARTCHAR uni2056
ENCODING 8278
SWIDTH 455 0
DWIDTH 7 0
BBX 5 8 1 0
BITMAP
08
00
00
80
80
00
08
08
ENDCHAR
STARTCHAR uni2057
ENCODING 8279
SWIDTH 650 0
DWIDTH 10 0
BBX 8 3 2 10
BITMAP
77
A5
AA
ENDCHAR
STARTCHAR uni2058
ENCODING 8280
SWIDTH 593 0
DWIDTH 9 0
BBX 7 8 1 0
BITMAP
18
00
00
82
82
00
18
18
ENDCHAR
STARTCHAR uni2059
ENCODING 8281
SWIDTH 549 0
DWIDTH 9 0
BBX 7 8 1 0
BITMAP
82
00
00
10
10
00
82
82
ENDCHAR
STARTCHAR uni205A
ENCODING 8282
SWIDTH 185 0
DWIDTH 3 0
BBX 1 11 1 0
BITMAP
80
80
00
00
00
00
00
00
00
80
80
ENDCHAR
STARTCHAR uni205B
ENCODING 8283
SWIDTH 522 0
DWIDTH 8 0
BBX 8 11 0 0
BITMAP
08
08
00
00
42
C3
00
00
00
08
08
ENDCHAR
STARTCHAR uni205C
ENCODING 8284
SWIDTH 567 0
DWIDTH 9 0
BBX 8 8 0 0
BITMAP
DB
18
18
FF
18
18
DB
DB
ENDCHAR
STARTCHAR uni205D
ENCODING 8285
SWIDTH 185 0
DWIDTH 3 0
BBX 2 11 0 0
BITMAP
40
40
00
00
40
C0
00
00
00
40
40
ENDCHAR
STARTCHAR uni205E
ENCODING 8286
SWIDTH 185 0
DWIDTH 3 0
BBX 1 11 1 0
BITMAP
80
80
00
80
80
00
80
80
00
80
80
ENDCHAR
STARTCHAR uni205F
ENCODING 8287
SWIDTH 247 0
DWIDTH 4 0
BBX 1 1 0 0
BITMAP
00
ENDCHAR
STARTCHAR zerosuperior
ENCODING 8304
SWIDTH 366 0
DWIDTH 6 0
BBX 4 6 2 6
BITMAP
40
F0
B0
B0
B0
F0
ENDCHAR
STARTCHAR uni2071
ENCODING 8305
SWIDTH 214 0
DWIDTH 3 0
BBX 2 8 1 5
BITMAP
C0
00
40
40
40
40
40
40
ENDCHAR
STARTCHAR uni2074
ENCODING 8308
SWIDTH 366 0
DWIDTH 6 0
BBX 5 6 1 6
BITMAP
20
30
50
90
F8
10
ENDCHAR
STARTCHAR fivesuperior
ENCODING 8309
SWIDTH 366 0
DWIDTH 6 0
BBX 5 6 1 6
BITMAP
78
C0
60
70
18
78
ENDCHAR
STARTCHAR sixsuperior
ENCODING 8310
SWIDTH 366 0
DWIDTH 6 0
BBX 6 6 1 6
BITMAP
10
70
50
D8
4C
78
ENDCHAR
STARTCHAR sevensuperior
ENCODING 8311
SWIDTH 366 0
DWIDTH 6 0
BBX 5 6 0 6
BITMAP
F8
18
10
30
20
60
ENDCHAR
STARTCHAR eightsuperior
ENCODING 8312
SWIDTH 366 0
DWIDTH 6 0
BBX 5 6 1 6
BITMAP
20
50
C8
70
D8
F8
ENDCHAR
STARTCHAR ninesuperior
ENCODING 8313
SWIDTH 366 0
DWIDTH 6 0
BBX 5 6 1 6
BITMAP
20
50
58
F8
08
70
ENDCHAR
STARTCHAR plussuperior
ENCODING 8314
SWIDTH 401 0
DWIDTH 6 0
BBX 5 5 2 6
BITMAP
20
20
F8
20
20
ENDCHAR
STARTCHAR minussuperior
ENCODING 8315
SWIDTH 370 0
DWIDTH 6 0
BBX 5 1 1 8
BITMAP
F8
ENDCHAR
STARTCHAR equalsuperior
ENCODING 8316
SWIDTH 370 0
DWIDTH 6 0
BBX 5 3 1 7
BITMAP
F8
00
F8
ENDCHAR
STARTCHAR parenleftsuperior
ENCODING 8317
SWIDTH 242 0
DWIDTH 4 0
BBX 2 9 2 4
BITMAP
40
C0
80
80
80
80
80
80
C0
ENDCHAR
STARTCHAR parenrightsuperior
ENCODING 8318
SWIDTH 242 0
DWIDTH 4 0
BBX 3 9 1 4
BITMAP
80
C0
40
20
60
60
20
20
40
ENDCHAR
STARTCHAR nsuperior
ENCODING 8319
SWIDTH 421 0
DWIDTH 7 0
BBX 5 6 1 6
BITMAP
50
F8
48
48
48
48
ENDCHAR
STARTCHAR zerosub
ENCODING 8320
SWIDTH 366 0
DWIDTH 6 0
BBX 4 6 2 -2
BITMAP
40
F0
B0
B0
B0
F0
ENDCHAR
STARTCHAR oneinferior
ENCODING 8321
SWIDTH 366 0
DWIDTH 6 0
BBX 3 6 1 -2
BITMAP
20
E0
20
20
20
20
ENDCHAR
STARTCHAR twosub
ENCODING 8322
SWIDTH 366 0
DWIDTH 6 0
BBX 5 6 1 -2
BITMAP
20
48
18
38
60
F8
ENDCHAR
STARTCHAR threesub
ENCODING 8323
SWIDTH 366 0
DWIDTH 6 0
BBX 5 6 0 -2
BITMAP
20
48
18
30
38
F8
ENDCHAR
STARTCHAR foursub
ENCODING 8324
SWIDTH 366 0
DWIDTH 6 0
BBX 5 6 1 -2
BITMAP
20
30
50
90
F8
10
ENDCHAR
STARTCHAR fivesub
ENCODING 8325
SWIDTH 366 0
DWIDTH 6 0
BBX 5 6 1 -2
BITMAP
78
C0
60
70
18
78
ENDCHAR
STARTCHAR sixinferior
ENCODING 8326
SWIDTH 366 0
DWIDTH 6 0
BBX 6 6 1 -2
BITMAP
10
70
50
D8
4C
78
ENDCHAR
STARTCHAR sevensub
ENCODING 8327
SWIDTH 366 0
DWIDTH 6 0
BBX 5 6 0 -2
BITMAP
F8
18
10
30
20
60
ENDCHAR
STARTCHAR eightsub
ENCODING 8328
SWIDTH 366 0
DWIDTH 6 0
BBX 5 6 1 -2
BITMAP
20
50
C8
70
D8
F8
ENDCHAR
STARTCHAR nineinferior
ENCODING 8329
SWIDTH 366 0
DWIDTH 6 0
BBX 5 6 1 -2
BITMAP
20
50
58
F8
08
70
ENDCHAR
STARTCHAR plussub
ENCODING 8330
SWIDTH 402 0
DWIDTH 6 0
BBX 5 5 2 -2
BITMAP
20
20
F8
20
20
ENDCHAR
STARTCHAR minussub
ENCODING 8331
SWIDTH 371 0
DWIDTH 6 0
BBX 5 1 1 0
BITMAP
F8
ENDCHAR
STARTCHAR equalsub
ENCODING 8332
SWIDTH 371 0
DWIDTH 6 0
BBX 5 3 1 -1
BITMAP
F8
00
F8
ENDCHAR
STARTCHAR parenleftinferior
ENCODING 8333
SWIDTH 242 0
DWIDTH 4 0
BBX 3 9 1 -4
BITMAP
20
60
40
40
40
40
C0
60
20
ENDCHAR
STARTCHAR parenrightsub
ENCODING 8334
SWIDTH 242 0
DWIDTH 4 0
BBX 3 9 1 -4
BITMAP
80
40
20
60
60
20
20
C0
C0
ENDCHAR
STARTCHAR uni2090
ENCODING 8336
SWIDTH 419 0
DWIDTH 7 0
BBX 6 7 0 -3
BITMAP
10
78
1C
78
C4
C4
7C
ENDCHAR
STARTCHAR uni2091
ENCODING 8337
SWIDTH 410 0
DWIDTH 7 0
BBX 6 7 0 -3
BITMAP
10
3C
7C
FC
40
64
7C
ENDCHAR
STARTCHAR uni2092
ENCODING 8338
SWIDTH 425 0
DWIDTH 7 0
BBX 7 7 0 -3
BITMAP
10
78
CC
46
46
64
78
ENDCHAR
STARTCHAR uni2093
ENCODING 8339
SWIDTH 394 0
DWIDTH 6 0
BBX 6 6 0 -3
BITMAP
4C
68
30
38
2C
CC
ENDCHAR
STARTCHAR uni2094
ENCODING 8340
SWIDTH 410 0
DWIDTH 7 0
BBX 6 7 0 -3
BITMAP
10
78
0C
FC
4C
6C
70
ENDCHAR
STARTCHAR uni2095
ENCODING 8341
SWIDTH 411 0
DWIDTH 7 0
BBX 5 9 1 -3
BITMAP
40
40
50
F8
58
48
48
48
48
ENDCHAR
STARTCHAR uni2096
ENCODING 8342
SWIDTH 403 0
DWIDTH 6 0
BBX 5 9 2 -3
BITMAP
80
80
80
90
A0
E0
B0
B0
98
ENDCHAR
STARTCHAR uni2097
ENCODING 8343
SWIDTH 200 0
DWIDTH 3 0
BBX 1 9 2 -3
BITMAP
80
80
80
80
80
80
80
80
80
ENDCHAR
STARTCHAR uni2098
ENCODING 8344
SWIDTH 641 0
DWIDTH 10 0
BBX 9 7 1 -3
BITMAP
1100
FF80
5B80
4980
4980
4980
4980
ENDCHAR
STARTCHAR uni2099
ENCODING 8345
SWIDTH 411 0
DWIDTH 7 0
BBX 5 7 1 -3
BITMAP
10
F8
58
48
48
48
48
ENDCHAR
STARTCHAR uni209A
ENCODING 8346
SWIDTH 433 0
DWIDTH 7 0
BBX 6 8 1 -4
BITMAP
10
F8
4C
4C
44
7C
40
40
ENDCHAR
STARTCHAR uni209B
ENCODING 8347
SWIDTH 380 0
DWIDTH 6 0
BBX 6 7 0 -3
BITMAP
20
38
C0
70
1C
48
78
ENDCHAR
STARTCHAR uni209C
ENCODING 8348
SWIDTH 269 0
DWIDTH 4 0
BBX 4 8 0 -3
BITMAP
20
20
F0
20
20
20
20
30
ENDCHAR
STARTCHAR eurocurrency
ENCODING 8352
SWIDTH 645 0
DWIDTH 10 0
BBX 10 12 1 0
BITMAP
3C00
6600
4000
4FC0
4FC0
D800
5800
3F80
1800
1800
0FC0
0FC0
ENDCHAR
STARTCHAR coloncurrency
ENCODING 8353
SWIDTH 650 0
DWIDTH 10 0
BBX 9 13 1 0
BITMAP
0500
0700
1F00
6B80
7B80
CA00
5200
7400
D400
7580
6980
7F00
4F00
ENDCHAR
STARTCHAR cruzeiro
ENCODING 8354
SWIDTH 650 0
DWIDTH 10 0
BBX 9 12 1 0
BITMAP
0400
1F00
6180
4180
C000
4900
4E00
C800
6980
4980
7F00
0F00
ENDCHAR
STARTCHAR franc
ENCODING 8355
SWIDTH 552 0
DWIDTH 9 0
BBX 9 12 0 0
BITMAP
3F80
6000
6000
6000
6000
3F00
3F00
6000
F800
6000
6000
6000
ENDCHAR
STARTCHAR lira
ENCODING 8356
SWIDTH 581 0
DWIDTH 9 0
BBX 8 12 2 0
BITMAP
08
3E
66
C0
C0
F8
60
F8
60
C0
FF
FF
ENDCHAR
STARTCHAR mill
ENCODING 8357
SWIDTH 876 0
DWIDTH 14 0
BBX 13 10 1 0
BITMAP
0100
49C0
FFF0
4630
4618
4618
4E18
4E18
4E18
4E18
ENDCHAR
STARTCHAR naira
ENCODING 8358
SWIDTH 791 0
DWIDTH 13 0
BBX 12 12 1 0
BITMAP
6040
6040
7040
5840
FFF0
4C40
4640
FFF0
4340
41C0
40C0
40C0
ENDCHAR
STARTCHAR peseta
ENCODING 8359
SWIDTH 820 0
DWIDTH 13 0
BBX 11 12 1 0
BITMAP
E000
4C80
4680
47E0
4280
4680
7C80
4080
4080
4080
40E0
40E0
ENDCHAR
STARTCHAR rupee
ENCODING 8360
SWIDTH 1057 0
DWIDTH 17 0
BBX 16 12 1 0
BITMAP
F000
4E00
4300
4310
432E
4366
FC60
463C
4606
4343
437E
41BC
ENDCHAR
STARTCHAR won
ENCODING 8361
SWIDTH 739 0
DWIDTH 12 0
BBX 11 12 1 0
BITMAP
C460
8C60
8CC0
5C40
FFE0
6A80
52C0
FFE0
3A80
3300
3300
2300
ENDCHAR
STARTCHAR afii57636
ENCODING 8362
SWIDTH 770 0
DWIDTH 12 0
BBX 10 9 2 0
BITMAP
F080
8C80
8680
9480
9480
9480
90C0
BF80
9E00
ENDCHAR
STARTCHAR uni20AB
ENCODING 8363
SWIDTH 578 0
DWIDTH 9 0
BBX 9 14 1 -2
BITMAP
0200
0F80
0200
1200
3F00
6200
4200
4200
C200
6200
3F00
1E00
0000
7F00
ENDCHAR
STARTCHAR Euro
ENCODING 8364
SWIDTH 561 0
DWIDTH 9 0
BBX 8 12 1 0
BITMAP
03
1F
30
30
FC
30
FC
30
30
30
1F
1F
ENDCHAR
STARTCHAR uni20AD
ENCODING 8365
SWIDTH 685 0
DWIDTH 11 0
BBX 10 12 1 0
BITMAP
40C0
4180
4300
4600
4C00
FFC0
4C00
4600
4300
4180
4180
40C0
ENDCHAR
STARTCHAR uni20AE
ENCODING 8366
SWIDTH 596 0
DWIDTH 10 0
BBX 9 12 0 0
BITMAP
FF80
0800
0800
0B00
0E00
3900
2E00
1C00
2800
0800
0800
0800
ENDCHAR
STARTCHAR uni20AF
ENCODING 8367
SWIDTH 1287 0
DWIDTH 21 0
BBX 20 16 0 -3
BITMAP
180000
0E0000
7B8000
186000
182300
1817E0
181630
181C10
181C10
782C30
CC3C30
7FE7E0
73C7E0
000C00
000C00
000C00
ENDCHAR
STARTCHAR uni20B0
ENCODING 8368
SWIDTH 612 0
DWIDTH 10 0
BBX 9 16 1 -3
BITMAP
0400
0F00
1B00
1180
0900
1B00
0E00
0600
2C00
6C00
7A00
9600
8B00
0200
1300
1E00
ENDCHAR
STARTCHAR uni20B1
ENCODING 8369
SWIDTH 731 0
DWIDTH 12 0
BBX 11 12 1 0
BITMAP
7800
4600
FFE0
4180
FFE0
4180
7F00
4000
4000
4000
4000
4000
ENDCHAR
STARTCHAR uni20B2
ENCODING 8370
SWIDTH 681 0
DWIDTH 11 0
BBX 9 13 1 0
BITMAP
0800
1800
3F00
2980
6980
C800
4800
4F80
C980
6980
4980
7F80
0F00
ENDCHAR
STARTCHAR uni20B3
ENCODING 8371
SWIDTH 669 0
DWIDTH 11 0
BBX 11 12 0 0
BITMAP
0600
0600
0B00
1A00
0900
7FE0
3080
7FE0
3FC0
2040
6060
C060
ENDCHAR
STARTCHAR uni20B4
ENCODING 8372
SWIDTH 577 0
DWIDTH 9 0
BBX 8 12 1 0
BITMAP
38
7C
46
02
FF
00
FF
60
40
86
FE
38
ENDCHAR
STARTCHAR uni20B5
ENCODING 8373
SWIDTH 650 0
DWIDTH 10 0
BBX 9 13 1 0
BITMAP
0800
1800
3F00
2980
6980
C800
4800
4800
C800
6980
4980
7F00
1F00
ENDCHAR
STARTCHAR uni20B6
ENCODING 8374
SWIDTH 487 0
DWIDTH 8 0
BBX 7 12 1 0
BITMAP
C0
D8
D8
FE
D8
D8
D8
D8
D8
D8
CE
C6
ENDCHAR
STARTCHAR uni20B7
ENCODING 8375
SWIDTH 609 0
DWIDTH 10 0
BBX 9 12 0 0
BITMAP
1E00
7F00
3180
6000
3000
3C00
1F80
0100
E780
5380
7F80
5E00
ENDCHAR
STARTCHAR uni20B8
ENCODING 8376
SWIDTH 596 0
DWIDTH 10 0
BBX 9 12 0 0
BITMAP
FF80
0000
FF80
FF80
0800
0800
0800
0800
0800
0800
0800
0800
ENDCHAR
STARTCHAR uni20B9
ENCODING 8377
SWIDTH 516 0
DWIDTH 8 0
BBX 7 12 1 0
BITMAP
FE
38
0C
FE
0C
18
F8
C0
60
30
18
0C
ENDCHAR
STARTCHAR uni20BA
ENCODING 8378
SWIDTH 556 0
DWIDTH 9 0
BBX 9 12 0 0
BITMAP
1000
1400
1C00
7000
5400
3800
7180
9180
1300
1300
1E00
3C00
ENDCHAR
STARTCHAR uni20BB
ENCODING 8379
SWIDTH 787 0
DWIDTH 13 0
BBX 12 12 1 0
BITMAP
4000
E000
B000
FF00
31C0
3030
1F30
7FE0
74C0
1000
1E00
0100
ENDCHAR
STARTCHAR uni20BC
ENCODING 8380
SWIDTH 660 0
DWIDTH 11 0
BBX 10 9 1 0
BITMAP
0400
0400
0400
3F80
6580
C4C0
4480
4480
4480
ENDCHAR
STARTCHAR uni20BD
ENCODING 8381
SWIDTH 663 0
DWIDTH 11 0
BBX 10 12 0 0
BITMAP
3C00
2380
20C0
20C0
20C0
20C0
FF80
2000
FC00
2000
2000
2000
ENDCHAR
STARTCHAR uni20BE
ENCODING 8382
SWIDTH 687 0
DWIDTH 11 0
BBX 10 12 1 0
BITMAP
1200
1E00
1E00
7380
72C0
5280
4000
C000
6000
6000
FF80
FF80
ENDCHAR
STARTCHAR uni20DB
ENCODING 8411
SWIDTH 0 0
DWIDTH 0 0
BBX 9 1 -9 11
BITMAP
C880
ENDCHAR
STARTCHAR uni20DC
ENCODING 8412
SWIDTH 0 0
DWIDTH 0 0
BBX 12 1 -10 11
BITMAP
C890
ENDCHAR
STARTCHAR uni20E3
ENCODING 8419
SWIDTH 346 0
DWIDTH 6 0
BBX 12 16 -10 -2
BITMAP
0400
3FC0
8010
8010
8010
8010
8010
8010
8010
8010
8010
8010
8010
8010
FFE0
FFE0
ENDCHAR
STARTCHAR uni20E8
ENCODING 8424
SWIDTH 0 0
DWIDTH 0 0
BBX 9 1 -9 -3
BITMAP
C880
ENDCHAR
STARTCHAR uni20F0
ENCODING 8432
SWIDTH 0 0
DWIDTH 0 0
BBX 6 6 -7 10
BITMAP
10
D4
78
7C
54
10
ENDCHAR
STARTCHAR accountof
ENCODING 8448
SWIDTH 737 0
DWIDTH 12 0
BBX 9 12 2 0
BITMAP
4000
E100
3200
9200
F400
0800
0900
1380
1400
6400
2280
0380
ENDCHAR
STARTCHAR addresssubject
ENCODING 8449
SWIDTH 731 0
DWIDTH 12 0
BBX 9 12 2 0
BITMAP
4000
E100
3200
9200
F400
0400
0900
1280
1200
3180
2480
0380
ENDCHAR
STARTCHAR degreecentigrade
ENCODING 8451
SWIDTH 877 0
DWIDTH 14 0
BBX 14 12 0 0
BITMAP
2040
53F0
9618
740C
0C00
0C00
0C00
0600
060C
0618
03F8
01F0
ENDCHAR
STARTCHAR uni2105
ENCODING 8453
SWIDTH 737 0
DWIDTH 12 0
BBX 9 12 2 0
BITMAP
4000
A200
8300
9400
E400
0800
0900
1780
2680
2480
4480
0380
ENDCHAR
STARTCHAR cadauna
ENCODING 8454
SWIDTH 738 0
DWIDTH 12 0
BBX 10 12 2 0
BITMAP
4000
A200
8200
9400
E400
0C00
1240
1240
2240
2240
4240
01C0
ENDCHAR
STARTCHAR degreefarenheit
ENCODING 8457
SWIDTH 807 0
DWIDTH 13 0
BBX 12 12 0 0
BITMAP
27F0
5200
9200
7200
0200
03F0
03F0
0200
0200
0200
0200
0200
ENDCHAR
STARTCHAR uni2113
ENCODING 8467
SWIDTH 475 0
DWIDTH 8 0
BBX 6 13 2 0
BITMAP
10
38
6C
48
4C
48
58
70
E0
40
20
70
38
ENDCHAR
STARTCHAR uni2116
ENCODING 8470
SWIDTH 1028 0
DWIDTH 16 0
BBX 15 12 1 0
BITMAP
C308
633C
E366
5322
5B22
4B3C
4F00
473E
4700
4700
4300
4300
ENDCHAR
STARTCHAR published
ENCODING 8471
SWIDTH 785 0
DWIDTH 13 0
BBX 12 12 1 0
BITMAP
0200
1F80
30C0
4FA0
4BA0
8890
8F90
4820
4820
6060
1080
1F80
ENDCHAR
STARTCHAR Rx
ENCODING 8478
SWIDTH 658 0
DWIDTH 11 0
BBX 9 12 1 0
BITMAP
F000
4E00
4300
4300
4300
4300
FD80
4780
4300
4300
4780
4D80
ENDCHAR
STARTCHAR response
ENCODING 8479
SWIDTH 617 0
DWIDTH 10 0
BBX 9 16 1 -2
BITMAP
0600
0300
FE00
4E00
4700
4700
4B00
4E00
FC00
5600
7600
5300
6300
6180
4000
6000
ENDCHAR
STARTCHAR servicemark
ENCODING 8480
SWIDTH 629 0
DWIDTH 10 0
BBX 9 4 1 8
BITMAP
6480
8C80
7B80
9A80
ENDCHAR
STARTCHAR tel
ENCODING 8481
SWIDTH 685 0
DWIDTH 11 0
BBX 8 4 1 8
BITMAP
ED
49
4D
49
ENDCHAR
STARTCHAR trademark
ENCODING 8482
SWIDTH 625 0
DWIDTH 10 0
BBX 8 4 1 8
BITMAP
E9
2D
2F
2B
ENDCHAR
STARTCHAR versicle
ENCODING 8483
SWIDTH 636 0
DWIDTH 10 0
BBX 10 16 0 -2
BITMAP
0600
0300
C2C0
66C0
62C0
6780
3580
1B00
3900
1A00
1E00
1E00
2C00
3C00
2000
4000
ENDCHAR
STARTCHAR ounce
ENCODING 8485
SWIDTH 562 0
DWIDTH 9 0
BBX 7 15 2 -3
BITMAP
FE
0C
18
30
3E
0C
18
30
30
1E
06
82
C6
FE
7C
ENDCHAR
STARTCHAR Omega.dup1
ENCODING 8486
SWIDTH 665 0
DWIDTH 11 0
BBX 9 12 1 0
BITMAP
0800
3E00
6180
C180
C180
C180
C180
C080
6100
2100
F780
F780
ENDCHAR
STARTCHAR degreekelvin
ENCODING 8490
SWIDTH 627 0
DWIDTH 10 0
BBX 9 12 1 0
BITMAP
4180
4300
4600
4C00
5800
7000
F800
CC00
4600
4300
4180
4180
ENDCHAR
STARTCHAR angstrom
ENCODING 8491
SWIDTH 652 0
DWIDTH 10 0
BBX 11 14 0 0
BITMAP
0A00
0A00
0E00
0C00
0E00
0A00
1100
1B00
1100
3F80
7F80
2080
60C0
C060
ENDCHAR
STARTCHAR estimated
ENCODING 8494
SWIDTH 636 0
DWIDTH 10 0
BBX 9 9 1 0
BITMAP
0600
1F00
4100
6180
FF00
6000
4000
2100
3E00
ENDCHAR
STARTCHAR Fturn
ENCODING 8498
SWIDTH 555 0
DWIDTH 9 0
BBX 7 12 2 0
BITMAP
04
04
04
04
04
FC
04
04
04
04
FE
FE
ENDCHAR
STARTCHAR uni213B
ENCODING 8507
SWIDTH 761 0
DWIDTH 12 0
BBX 11 4 1 8
BITMAP
6920
8CC0
7440
92A0
ENDCHAR
STARTCHAR uni214D
ENCODING 8525
SWIDTH 979 0
DWIDTH 16 0
BBX 14 13 2 0
BITMAP
3000
5000
7040
4880
F880
8900
0170
0698
0440
0470
088C
0848
0078
ENDCHAR
STARTCHAR uni214F
ENCODING 8527
SWIDTH 950 0
DWIDTH 15 0
BBX 15 7 1 0
BITMAP
73B8
6AF4
CCBC
6AE4
3B98
FFFC
FFFE
ENDCHAR
STARTCHAR uni2150
ENCODING 8528
SWIDTH 889 0
DWIDTH 14 0
BBX 13 12 1 0
BITMAP
2000
E100
2100
2100
2600
24F8
0410
0810
1020
1020
1040
0040
ENDCHAR
STARTCHAR uni2151
ENCODING 8529
SWIDTH 873 0
DWIDTH 14 0
BBX 12 12 1 0
BITMAP
2000
E100
2100
2100
2600
2440
04E0
0930
1090
10F0
1070
0080
ENDCHAR
STARTCHAR uni2152
ENCODING 8530
SWIDTH 1110 0
DWIDTH 18 0
BBX 15 12 1 0
BITMAP
2000
E100
2100
2100
2600
2448
05DE
0852
1052
1052
105E
005C
ENDCHAR
STARTCHAR onethird
ENCODING 8531
SWIDTH 885 0
DWIDTH 14 0
BBX 12 12 1 0
BITMAP
2000
E100
2100
2100
2600
2440
04B0
0810
1060
1070
11B0
00E0
ENDCHAR
STARTCHAR twothirds
ENCODING 8532
SWIDTH 980 0
DWIDTH 16 0
BBX 14 12 1 0
BITMAP
2000
4840
1860
3880
6080
F910
0138
0204
0418
040C
086C
003C
ENDCHAR
STARTCHAR uni2155
ENCODING 8533
SWIDTH 859 0
DWIDTH 14 0
BBX 12 12 1 0
BITMAP
2000
E100
2100
2100
2600
24F0
0480
08C0
11E0
1010
1120
00F0
ENDCHAR
STARTCHAR uni2156
ENCODING 8534
SWIDTH 959 0
DWIDTH 15 0
BBX 13 12 1 0
BITMAP
2000
4840
1860
3880
6080
F978
0120
0250
0478
0408
0848
0038
ENDCHAR
STARTCHAR uni2157
ENCODING 8535
SWIDTH 928 0
DWIDTH 15 0
BBX 14 12 1 0
BITMAP
2000
4880
1880
3100
3900
FA78
0260
0C50
0878
080C
0848
0070
ENDCHAR
STARTCHAR uni2158
ENCODING 8536
SWIDTH 993 0
DWIDTH 16 0
BBX 14 12 2 0
BITMAP
2000
3080
5080
9080
FB00
1278
0240
04D0
0878
080C
0848
0070
ENDCHAR
STARTCHAR uni2159
ENCODING 8537
SWIDTH 856 0
DWIDTH 14 0
BBX 11 12 1 0
BITMAP
2000
E100
2100
2100
2600
2420
04E0
0940
11E0
11A0
1120
00E0
ENDCHAR
STARTCHAR uni215A
ENCODING 8538
SWIDTH 902 0
DWIDTH 14 0
BBX 13 12 1 0
BITMAP
7800
C040
6080
7080
1980
7A10
0270
04A0
04F0
0888
0890
00F0
ENDCHAR
STARTCHAR oneeighth
ENCODING 8539
SWIDTH 768 0
DWIDTH 12 0
BBX 11 12 1 0
BITMAP
1000
E100
2100
2200
2200
2680
0960
0960
11C0
1360
2360
01C0
ENDCHAR
STARTCHAR threeeighths
ENCODING 8540
SWIDTH 854 0
DWIDTH 14 0
BBX 13 12 1 0
BITMAP
2000
4840
1880
3080
3980
FA40
02B0
0598
04E0
08D8
0998
00E0
ENDCHAR
STARTCHAR fiveeighths
ENCODING 8541
SWIDTH 851 0
DWIDTH 14 0
BBX 12 12 1 0
BITMAP
7800
C080
60C0
7100
1900
4A40
72B0
05B0
08E0
08F0
11B0
00E0
ENDCHAR
STARTCHAR seveneighths
ENCODING 8542
SWIDTH 801 0
DWIDTH 13 0
BBX 12 12 1 0
BITMAP
F800
1880
1100
3100
2200
6440
04E0
0920
08C0
30A0
11B0
01E0
ENDCHAR
STARTCHAR uni215F
ENCODING 8543
SWIDTH 620 0
DWIDTH 10 0
BBX 8 11 1 1
BITMAP
20
E1
21
21
26
24
04
08
10
10
10
ENDCHAR
STARTCHAR romanone
ENCODING 8544
SWIDTH 272 0
DWIDTH 4 0
BBX 1 12 2 0
BITMAP
80
80
80
80
80
80
80
80
80
80
80
80
ENDCHAR
STARTCHAR romantwo
ENCODING 8545
SWIDTH 525 0
DWIDTH 8 0
BBX 5 12 2 0
BITMAP
98
98
98
98
98
98
98
98
98
98
98
98
ENDCHAR
STARTCHAR romanthree
ENCODING 8546
SWIDTH 777 0
DWIDTH 12 0
BBX 9 12 2 0
BITMAP
9980
9980
9980
9980
9980
9980
9980
9980
9980
9980
9980
9980
ENDCHAR
STARTCHAR romanfour
ENCODING 8547
SWIDTH 902 0
DWIDTH 14 0
BBX 12 12 2 0
BITMAP
B030
9830
9830
8C60
8C60
84C0
8640
8480
8380
8380
8300
8300
ENDCHAR
STARTCHAR romanfive
ENCODING 8548
SWIDTH 637 0
DWIDTH 10 0
BBX 10 12 0 0
BITMAP
C0C0
60C0
60C0
6180
3180
1300
1900
1200
0E00
0E00
0C00
0C00
ENDCHAR
STARTCHAR romansix
ENCODING 8549
SWIDTH 902 0
DWIDTH 14 0
BBX 13 12 0 0
BITMAP
C0D8
60D8
60D8
6198
3198
1318
1918
1218
0E18
0E18
0C18
0C18
ENDCHAR
STARTCHAR romanseven
ENCODING 8550
SWIDTH 1155 0
DWIDTH 18 0
BBX 17 12 0 0
BITMAP
C0D980
60D980
60D980
619980
319980
131980
191980
121980
0E1980
0E1980
0C1980
0C1980
ENDCHAR
STARTCHAR romaneight
ENCODING 8551
SWIDTH 1407 0
DWIDTH 23 0
BBX 21 12 0 0
BITMAP
C0D998
60D998
60D998
619998
319998
131998
191998
121998
0E1998
0E1998
0C1998
0C1998
ENDCHAR
STARTCHAR romannine
ENCODING 8552
SWIDTH 898 0
DWIDTH 14 0
BBX 12 12 2 0
BITMAP
9830
8C60
8CC0
86C0
8780
8300
8380
8780
86C0
8C60
9860
9830
ENDCHAR
STARTCHAR romanten
ENCODING 8553
SWIDTH 628 0
DWIDTH 10 0
BBX 10 12 0 0
BITMAP
6180
6180
3300
1B00
1E00
0E00
0E00
1E00
3300
3300
6180
C0C0
ENDCHAR
STARTCHAR romaneleven
ENCODING 8554
SWIDTH 902 0
DWIDTH 14 0
BBX 13 12 0 0
BITMAP
6188
6188
3308
1B08
1E08
0E08
0E08
1E08
3308
3308
6188
C0C8
ENDCHAR
STARTCHAR romantwelve
ENCODING 8555
SWIDTH 1155 0
DWIDTH 18 0
BBX 17 12 0 0
BITMAP
618880
618880
330880
1B0880
1E0880
0E0880
0E0880
1E0880
330880
330880
618880
C0C880
ENDCHAR
STARTCHAR romanfifty
ENCODING 8556
SWIDTH 544 0
DWIDTH 9 0
BBX 7 12 1 0
BITMAP
40
40
40
40
40
40
40
40
40
40
FE
FE
ENDCHAR
STARTCHAR romanhundred
ENCODING 8557
SWIDTH 651 0
DWIDTH 10 0
BBX 9 12 1 0
BITMAP
0400
1F00
6180
4180
C000
4000
4000
C000
6180
6180
7F00
0F00
ENDCHAR
STARTCHAR romanfivehundred
ENCODING 8558
SWIDTH 660 0
DWIDTH 11 0
BBX 8 12 2 0
BITMAP
E0
9C
86
86
82
82
82
82
83
86
FC
E0
ENDCHAR
STARTCHAR romanthousand
ENCODING 8559
SWIDTH 886 0
DWIDTH 14 0
BBX 11 12 2 0
BITMAP
C060
C060
E0E0
A0A0
E120
A320
9120
9B20
8A20
8E20
8C20
8420
ENDCHAR
STARTCHAR uni2170
ENCODING 8560
SWIDTH 245 0
DWIDTH 4 0
BBX 2 12 1 0
BITMAP
40
40
00
C0
C0
C0
C0
C0
C0
C0
C0
C0
ENDCHAR
STARTCHAR uni2171
ENCODING 8561
SWIDTH 488 0
DWIDTH 8 0
BBX 6 12 1 0
BITMAP
44
44
00
C4
C4
C4
C4
C4
C4
C4
C4
C4
ENDCHAR
STARTCHAR uni2172
ENCODING 8562
SWIDTH 731 0
DWIDTH 12 0
BBX 10 12 1 0
BITMAP
4440
4440
0000
C440
C440
C440
C440
C440
C440
C440
C440
C440
ENDCHAR
STARTCHAR uni2173
ENCODING 8563
SWIDTH 726 0
DWIDTH 12 0
BBX 10 12 1 0
BITMAP
4000
4000
0000
D840
C8C0
C440
CC80
C580
C280
C700
C300
C100
ENDCHAR
STARTCHAR uni2174
ENCODING 8564
SWIDTH 484 0
DWIDTH 8 0
BBX 7 9 0 0
BITMAP
C2
46
22
64
2C
14
38
18
08
ENDCHAR
STARTCHAR uni2175
ENCODING 8565
SWIDTH 730 0
DWIDTH 12 0
BBX 10 12 0 0
BITMAP
0040
0040
0000
C240
4640
2240
6440
2C40
1440
3840
1840
0840
ENDCHAR
STARTCHAR uni2176
ENCODING 8566
SWIDTH 974 0
DWIDTH 16 0
BBX 14 12 0 0
BITMAP
0044
0044
0000
C244
4644
2244
6444
2C44
1444
3844
1844
0844
ENDCHAR
STARTCHAR uni2177
ENCODING 8567
SWIDTH 1217 0
DWIDTH 19 0
BBX 19 12 0 0
BITMAP
004460
004460
000000
C24460
464460
224460
644460
2C4460
144460
384460
184460
084460
ENDCHAR
STARTCHAR uni2178
ENCODING 8568
SWIDTH 739 0
DWIDTH 12 0
BBX 11 12 1 0
BITMAP
4000
4000
0000
CC60
CCC0
C780
C380
C300
C780
C6C0
CCC0
D860
ENDCHAR
STARTCHAR uni2179
ENCODING 8569
SWIDTH 498 0
DWIDTH 8 0
BBX 8 9 0 0
BITMAP
63
66
3C
1C
18
3C
36
66
C3
ENDCHAR
STARTCHAR uni217A
ENCODING 8570
SWIDTH 743 0
DWIDTH 12 0
BBX 11 12 0 0
BITMAP
0020
0020
0000
6340
6640
3C40
1C40
1840
3C40
3640
6640
C340
ENDCHAR
STARTCHAR uni217B
ENCODING 8571
SWIDTH 986 0
DWIDTH 16 0
BBX 14 12 0 0
BITMAP
0024
0024
0000
6344
6644
3C44
1C44
1844
3C44
3644
6644
C344
ENDCHAR
STARTCHAR uni217C
ENCODING 8572
SWIDTH 229 0
DWIDTH 4 0
BBX 1 12 2 0
BITMAP
80
80
80
80
80
80
80
80
80
80
80
80
ENDCHAR
STARTCHAR uni217D
ENCODING 8573
SWIDTH 530 0
DWIDTH 8 0
BBX 8 9 1 0
BITMAP
30
7C
63
40
40
C0
62
7E
3C
ENDCHAR
STARTCHAR uni217E
ENCODING 8574
SWIDTH 560 0
DWIDTH 9 0
BBX 8 12 1 0
BITMAP
02
02
02
12
3F
62
42
42
C2
62
3F
1E
ENDCHAR
STARTCHAR uni217F
ENCODING 8575
SWIDTH 877 0
DWIDTH 14 0
BBX 13 9 1 0
BITMAP
48C0
FFF0
4330
4618
4618
4618
4618
4618
4618
ENDCHAR
STARTCHAR uni2180
ENCODING 8576
SWIDTH 880 0
DWIDTH 14 0
BBX 13 12 1 0
BITMAP
0F00
3FC0
2330
6330
C310
4310
4310
C318
6330
6330
3FE0
0300
ENDCHAR
STARTCHAR uni2181
ENCODING 8577
SWIDTH 656 0
DWIDTH 10 0
BBX 9 12 1 0
BITMAP
7000
5C00
6300
5900
4700
4500
4500
4D00
4D80
FB00
7E00
7000
ENDCHAR
STARTCHAR uni2182
ENCODING 8578
SWIDTH 937 0
DWIDTH 15 0
BBX 13 12 1 0
BITMAP
0F80
3DE0
2318
CDC8
7138
5128
5128
5968
7978
2FF8
3FF0
0380
ENDCHAR
STARTCHAR uni2183
ENCODING 8579
SWIDTH 648 0
DWIDTH 10 0
BBX 8 12 2 0
BITMAP
10
FC
C3
81
03
03
03
03
81
C3
7E
FC
ENDCHAR
STARTCHAR uni2184
ENCODING 8580
SWIDTH 523 0
DWIDTH 8 0
BBX 6 9 2 0
BITMAP
20
7C
CC
04
04
04
8C
FC
78
ENDCHAR
STARTCHAR uni2185
ENCODING 8581
SWIDTH 648 0
DWIDTH 10 0
BBX 10 14 1 -2
BITMAP
0400
3F00
6180
4180
4000
4000
4000
C000
6180
6180
3FC0
3F80
0180
0180
ENDCHAR
STARTCHAR uni2186
ENCODING 8582
SWIDTH 739 0
DWIDTH 12 0
BBX 10 12 1 0
BITMAP
0800
0800
0800
0800
0800
8840
C8C0
6980
3B00
3E00
1C00
0800
ENDCHAR
STARTCHAR uni2187
ENCODING 8583
SWIDTH 656 0
DWIDTH 10 0
BBX 9 12 1 0
BITMAP
7000
5C00
E300
5D00
4500
5D00
5500
7700
4D80
7F00
7E00
7000
ENDCHAR
STARTCHAR uni2188
ENCODING 8584
SWIDTH 1025 0
DWIDTH 16 0
BBX 15 12 1 0
BITMAP
0FC0
3DB8
238C
DDF4
518A
57AA
55AA
77D2
79B4
2FFC
3FFC
03C0
ENDCHAR
STARTCHAR uni2189
ENCODING 8585
SWIDTH 876 0
DWIDTH 14 0
BBX 12 12 2 0
BITMAP
4000
F100
B100
B200
B200
FC80
E960
0820
10C0
2070
2330
00E0
ENDCHAR
STARTCHAR arrowup
ENCODING 8593
SWIDTH 312 0
DWIDTH 5 0
BBX 5 15 1 -3
BITMAP
20
60
B0
28
20
20
20
20
20
20
20
20
20
20
20
ENDCHAR
STARTCHAR arrowdown
ENCODING 8595
SWIDTH 312 0
DWIDTH 5 0
BBX 4 15 1 -3
BITMAP
20
20
20
20
20
20
20
20
20
20
20
20
B0
70
20
ENDCHAR
STARTCHAR partialdiff
ENCODING 8706
SWIDTH 569 0
DWIDTH 9 0
BBX 8 12 1 0
BITMAP
30
06
03
03
09
23
C3
43
41
63
3E
7C
ENDCHAR
STARTCHAR Delta.dup2
ENCODING 8710
SWIDTH 705 0
DWIDTH 11 0
BBX 11 12 0 0
BITMAP
0600
0E00
0600
0D00
0980
1100
3180
2080
3040
6060
7FE0
FFE0
ENDCHAR
STARTCHAR product
ENCODING 8719
SWIDTH 694 0
DWIDTH 11 0
BBX 8 13 2 -1
BITMAP
FF
81
81
81
81
81
81
81
81
81
81
81
81
ENDCHAR
STARTCHAR summation
ENCODING 8721
SWIDTH 585 0
DWIDTH 9 0
BBX 9 14 1 -2
BITMAP
7F80
C000
6000
3000
1800
0C00
0600
0600
0C00
1800
3000
6000
FF80
FF80
ENDCHAR
STARTCHAR minus
ENCODING 8722
SWIDTH 571 0
DWIDTH 9 0
BBX 6 1 2 6
BITMAP
FC
ENDCHAR
STARTCHAR radical
ENCODING 8730
SWIDTH 596 0
DWIDTH 10 0
BBX 9 12 0 0
BITMAP
0180
0100
0180
0100
0200
6600
E200
2400
3C00
1C00
1800
0800
ENDCHAR
STARTCHAR infinity
ENCODING 8734
SWIDTH 1028 0
DWIDTH 16 0
BBX 16 9 1 0
BITMAP
0810
3C7C
63C6
4186
4183
C186
6386
7E7E
3C78
ENDCHAR
STARTCHAR integral
ENCODING 8747
SWIDTH 255 0
DWIDTH 4 0
BBX 6 16 -1 -3
BITMAP
04
1C
38
10
10
10
10
10
10
10
10
10
10
10
30
E0
ENDCHAR
STARTCHAR approxequal
ENCODING 8776
SWIDTH 563 0
DWIDTH 9 0
BBX 8 5 1 3
BITMAP
39
8F
00
71
8F
ENDCHAR
STARTCHAR notequal
ENCODING 8800
SWIDTH 548 0
DWIDTH 9 0
BBX 6 8 2 2
BITMAP
08
08
FC
10
20
FC
40
80
ENDCHAR
STARTCHAR lessequal
ENCODING 8804
SWIDTH 508 0
DWIDTH 8 0
BBX 6 8 1 1
BITMAP
0C
1C
E0
C0
70
0C
00
FC
ENDCHAR
STARTCHAR greaterequal
ENCODING 8805
SWIDTH 522 0
DWIDTH 8 0
BBX 7 8 1 1
BITMAP
40
70
0E
1E
38
C0
00
7E
ENDCHAR
STARTCHAR spaceopenbox
ENCODING 9251
SWIDTH 652 0
DWIDTH 10 0
BBX 9 4 2 -2
BITMAP
8080
8080
8080
FF80
ENDCHAR
STARTCHAR lozenge
ENCODING 9674
SWIDTH 503 0
DWIDTH 8 0
BBX 7 12 0 0
BITMAP
08
1C
14
34
46
C2
62
22
36
14
18
08
ENDCHAR
STARTCHAR uni27E6
ENCODING 10214
SWIDTH 468 0
DWIDTH 7 0
BBX 6 15 1 -2
BITMAP
FC
50
50
50
50
50
50
50
50
50
50
50
50
50
FC
ENDCHAR
STARTCHAR uni27E7
ENCODING 10215
SWIDTH 468 0
DWIDTH 8 0
BBX 6 15 1 -2
BITMAP
FC
2C
2C
2C
2C
2C
2C
2C
2C
2C
2C
2C
2C
2C
FC
ENDCHAR
STARTCHAR uni27E8
ENCODING 10216
SWIDTH 354 0
DWIDTH 6 0
BBX 5 15 0 -2
BITMAP
10
18
10
20
60
40
60
C0
40
20
30
20
30
10
08
ENDCHAR
STARTCHAR uni27E9
ENCODING 10217
SWIDTH 354 0
DWIDTH 6 0
BBX 5 15 1 -2
BITMAP
C0
40
20
30
20
30
18
18
18
10
20
60
40
60
40
ENDCHAR
STARTCHAR uni27EA
ENCODING 10218
SWIDTH 540 0
DWIDTH 9 0
BBX 8 15 0 -2
BITMAP
12
1E
12
26
6C
48
6C
D8
4C
24
3C
24
36
13
09
ENDCHAR
STARTCHAR uni27EB
ENCODING 10219
SWIDTH 539 0
DWIDTH 9 0
BBX 8 15 1 -2
BITMAP
D8
48
24
36
24
36
1B
1B
1B
12
26
6C
48
6C
48
ENDCHAR
STARTCHAR uni27EC
ENCODING 10220
SWIDTH 432 0
DWIDTH 7 0
BBX 5 16 1 -2
BITMAP
18
38
F0
70
70
70
70
70
70
70
70
70
70
70
70
18
ENDCHAR
STARTCHAR uni27ED
ENCODING 10221
SWIDTH 432 0
DWIDTH 7 0
BBX 5 16 2 -2
BITMAP
80
E0
78
D0
D0
D0
D0
D0
D0
D0
D0
D0
D0
D8
70
C0
ENDCHAR
STARTCHAR uni27EE
ENCODING 10222
SWIDTH 313 0
DWIDTH 5 0
BBX 4 16 1 -2
BITMAP
20
60
C0
40
40
40
40
40
40
40
40
40
40
40
60
30
ENDCHAR
STARTCHAR uni27EF
ENCODING 10223
SWIDTH 313 0
DWIDTH 5 0
BBX 4 16 1 -2
BITMAP
40
60
30
20
20
20
20
20
20
20
20
20
20
20
60
C0
ENDCHAR
STARTCHAR uni2B4E
ENCODING 11086
SWIDTH 383 0
DWIDTH 6 0
BBX 5 9 1 0
BITMAP
30
78
98
28
20
20
40
40
40
ENDCHAR
STARTCHAR uni2B4F
ENCODING 11087
SWIDTH 383 0
DWIDTH 6 0
BBX 4 9 2 0
BITMAP
80
80
40
40
40
50
B0
70
20
ENDCHAR
STARTCHAR uni2B5A
ENCODING 11098
SWIDTH 663 0
DWIDTH 11 0
BBX 10 13 1 0
BITMAP
0400
0E00
1700
1740
13C0
2300
2000
2000
2000
4000
4000
4000
8000
ENDCHAR
STARTCHAR uni2B5B
ENCODING 11099
SWIDTH 626 0
DWIDTH 10 0
BBX 8 13 2 0
BITMAP
40
F0
90
88
88
08
08
04
04
05
0D
0E
02
ENDCHAR
STARTCHAR uni2B5C
ENCODING 11100
SWIDTH 583 0
DWIDTH 9 0
BBX 9 13 1 0
BITMAP
0200
0700
1B00
0280
0400
0400
0400
0800
0800
0800
0800
1000
F000
ENDCHAR
STARTCHAR uni2B5D
ENCODING 11101
SWIDTH 583 0
DWIDTH 9 0
BBX 6 12 4 0
BITMAP
80
40
40
40
40
20
20
20
14
58
38
10
ENDCHAR
STARTCHAR uni2B5E
ENCODING 11102
SWIDTH 583 0
DWIDTH 9 0
BBX 8 12 1 0
BITMAP
10
10
10
20
20
20
2E
43
47
59
E2
40
ENDCHAR
STARTCHAR uni2B5F
ENCODING 11103
SWIDTH 583 0
DWIDTH 9 0
BBX 8 9 1 0
BITMAP
20
20
20
2E
43
47
59
E2
40
ENDCHAR
STARTCHAR uni2C60
ENCODING 11360
SWIDTH 577 0
DWIDTH 9 0
BBX 9 12 0 0
BITMAP
2000
2000
2000
2000
F800
2000
F800
2000
2000
2000
3F80
3F80
ENDCHAR
STARTCHAR uni2C61
ENCODING 11361
SWIDTH 349 0
DWIDTH 6 0
BBX 5 12 0 0
BITMAP
20
20
20
20
F8
20
F8
20
20
20
20
20
ENDCHAR
STARTCHAR uni2C62
ENCODING 11362
SWIDTH 598 0
DWIDTH 10 0
BBX 8 12 1 0
BITMAP
60
60
60
60
68
F8
E0
60
60
60
7F
7F
ENDCHAR
STARTCHAR uni2C63
ENCODING 11363
SWIDTH 656 0
DWIDTH 10 0
BBX 10 12 0 0
BITMAP
7C00
3380
30C0
F8C0
30C0
30C0
3F80
3000
3000
3000
3000
3000
ENDCHAR
STARTCHAR uni2C64
ENCODING 11364
SWIDTH 615 0
DWIDTH 10 0
BBX 9 15 1 -3
BITMAP
F000
4E00
4300
4300
4300
4300
FC00
4600
4600
4300
4300
4180
4000
C000
6000
ENDCHAR
STARTCHAR uni2C65
ENCODING 11365
SWIDTH 543 0
DWIDTH 9 0
BBX 8 11 1 -1
BITMAP
02
3C
66
0E
0F
76
76
66
FE
3F
40
ENDCHAR
STARTCHAR uni2C66
ENCODING 11366
SWIDTH 332 0
DWIDTH 5 0
BBX 6 12 0 -1
BITMAP
20
24
7C
28
28
30
30
20
30
78
78
80
ENDCHAR
STARTCHAR uni2C67
ENCODING 11367
SWIDTH 749 0
DWIDTH 12 0
BBX 11 14 1 -2
BITMAP
4180
4180
4180
4180
4180
FF80
4180
4180
4180
4180
40E0
40E0
0060
0060
ENDCHAR
STARTCHAR uni2C68
ENCODING 11368
SWIDTH 590 0
DWIDTH 9 0
BBX 8 14 2 -2
BITMAP
80
80
80
90
FC
CC
8C
8C
8C
8C
87
87
03
03
ENDCHAR
STARTCHAR uni2C69
ENCODING 11369
SWIDTH 661 0
DWIDTH 11 0
BBX 10 14 1 -2
BITMAP
4180
4300
4600
4C00
5800
7000
F800
CC00
4600
4300
41C0
4180
00C0
00C0
ENDCHAR
STARTCHAR uni2C6A
ENCODING 11370
SWIDTH 554 0
DWIDTH 9 0
BBX 8 14 1 -2
BITMAP
40
40
40
46
4C
58
70
F0
58
4C
47
43
01
01
ENDCHAR
STARTCHAR uni2C6B
ENCODING 11371
SWIDTH 598 0
DWIDTH 10 0
BBX 8 14 2 -2
BITMAP
FF
06
06
0C
18
18
30
60
60
C0
FF
FF
02
02
ENDCHAR
STARTCHAR uni2C6C
ENCODING 11372
SWIDTH 512 0
DWIDTH 8 0
BBX 8 11 1 -2
BITMAP
7E
06
0C
18
18
30
60
FE
FE
03
03
ENDCHAR
STARTCHAR uni2C6D
ENCODING 11373
SWIDTH 745 0
DWIDTH 12 0
BBX 11 12 1 0
BITMAP
3E80
7380
3180
6180
C180
4180
4180
C180
C180
2180
3FE0
1EE0
ENDCHAR
STARTCHAR uni2C6E
ENCODING 11374
SWIDTH 873 0
DWIDTH 14 0
BBX 11 15 2 -3
BITMAP
C060
C060
E0E0
A0A0
E120
A320
9120
9B20
8A20
8E20
8C20
8420
0020
0060
01C0
ENDCHAR
STARTCHAR uni2C6F
ENCODING 11375
SWIDTH 653 0
DWIDTH 10 0
BBX 11 12 0 0
BITMAP
C060
60C0
2080
7F80
2080
1180
1B00
1200
1B00
0A00
0C00
0C00
ENDCHAR
STARTCHAR uni2C70
ENCODING 11376
SWIDTH 745 0
DWIDTH 12 0
BBX 11 12 1 0
BITMAP
9E00
7F80
6180
60C0
60C0
6060
6060
60C0
6040
6080
7F80
2F00
ENDCHAR
STARTCHAR uni2C71
ENCODING 11377
SWIDTH 567 0
DWIDTH 9 0
BBX 9 9 0 0
BITMAP
C100
4380
2200
6400
2C00
1400
3800
1800
0800
ENDCHAR
STARTCHAR uni2C72
ENCODING 11378
SWIDTH 997 0
DWIDTH 16 0
BBX 15 12 0 0
BITMAP
C104
630E
430C
2298
2588
3490
2C98
2470
18D0
3860
1860
1060
ENDCHAR
STARTCHAR uni2C73
ENCODING 11379
SWIDTH 838 0
DWIDTH 13 0
BBX 13 9 0 0
BITMAP
C210
6638
4630
2520
6B40
3960
28C0
18C0
1880
ENDCHAR
STARTCHAR uni2C74
ENCODING 11380
SWIDTH 484 0
DWIDTH 8 0
BBX 8 9 0 0
BITMAP
73
52
74
F6
B4
28
1C
18
10
ENDCHAR
STARTCHAR uni2C75
ENCODING 11381
SWIDTH 559 0
DWIDTH 9 0
BBX 7 12 2 0
BITMAP
80
80
80
80
80
FE
80
80
80
80
80
80
ENDCHAR
STARTCHAR uni2C76
ENCODING 11382
SWIDTH 429 0
DWIDTH 7 0
BBX 6 9 1 0
BITMAP
40
40
40
40
FC
40
40
40
40
ENDCHAR
STARTCHAR uni2C77
ENCODING 11383
SWIDTH 699 0
DWIDTH 11 0
BBX 11 9 1 0
BITMAP
2200
6580
CCC0
4C60
4C60
CCC0
6CC0
3FC0
1F00
ENDCHAR
STARTCHAR uni2C78
ENCODING 11384
SWIDTH 647 0
DWIDTH 10 0
BBX 9 9 2 0
BITMAP
6000
FC00
C600
8400
FE00
8000
C400
FF80
7F80
ENDCHAR
STARTCHAR uni2C79
ENCODING 11385
SWIDTH 356 0
DWIDTH 6 0
BBX 5 13 0 0
BITMAP
20
30
18
10
10
10
10
10
10
10
10
78
F0
ENDCHAR
STARTCHAR uni2C7A
ENCODING 11386
SWIDTH 570 0
DWIDTH 9 0
BBX 8 9 1 0
BITMAP
30
7E
63
C3
4B
DB
73
3F
1C
ENDCHAR
STARTCHAR uni2C7B
ENCODING 11387
SWIDTH 512 0
DWIDTH 8 0
BBX 6 9 2 0
BITMAP
FC
04
04
04
FC
04
04
FC
FC
ENDCHAR
STARTCHAR uni2C7C
ENCODING 11388
SWIDTH 227 0
DWIDTH 4 0
BBX 2 12 1 -4
BITMAP
40
C0
00
40
40
40
40
40
40
40
C0
80
ENDCHAR
STARTCHAR uni2C7D
ENCODING 11389
SWIDTH 416 0
DWIDTH 7 0
BBX 7 6 0 6
BITMAP
C6
44
28
3C
28
18
ENDCHAR
STARTCHAR uni2C7E
ENCODING 11390
SWIDTH 593 0
DWIDTH 9 0
BBX 8 15 2 -3
BITMAP
0C
FE
C6
C0
C0
70
1C
06
83
C2
FE
7E
20
30
0F
ENDCHAR
STARTCHAR uni2C7F
ENCODING 11391
SWIDTH 598 0
DWIDTH 10 0
BBX 9 15 1 -3
BITMAP
7F80
0300
0300
0600
0C00
0C00
1800
3000
3000
6000
C000
7000
1C00
0600
0380
ENDCHAR
STARTCHAR uni2DE0
ENCODING 11744
SWIDTH 0 0
DWIDTH 0 0
BBX 4 6 -7 10
BITMAP
30
20
60
D0
90
F0
ENDCHAR
STARTCHAR uni2DE1
ENCODING 11745
SWIDTH 0 0
DWIDTH 0 0
BBX 4 4 -6 10
BITMAP
70
90
B0
90
ENDCHAR
STARTCHAR uni2DE2
ENCODING 11746
SWIDTH 0 0
DWIDTH 0 0
BBX 3 4 -6 10
BITMAP
E0
80
80
80
ENDCHAR
STARTCHAR uni2DE3
ENCODING 11747
SWIDTH 0 0
DWIDTH 0 0
BBX 5 5 -7 9
BITMAP
38
48
48
F8
88
ENDCHAR
STARTCHAR uni2DE4
ENCODING 11748
SWIDTH 0 0
DWIDTH 0 0
BBX 5 4 -7 10
BITMAP
A8
68
68
A8
ENDCHAR
STARTCHAR uni2DE5
ENCODING 11749
SWIDTH 0 0
DWIDTH 0 0
BBX 3 4 -5 10
BITMAP
C0
20
40
E0
ENDCHAR
STARTCHAR uni2DE6
ENCODING 11750
SWIDTH 0 0
DWIDTH 0 0
BBX 4 4 -6 10
BITMAP
90
A0
A0
90
ENDCHAR
STARTCHAR uni2DE7
ENCODING 11751
SWIDTH 0 0
DWIDTH 0 0
BBX 4 4 -6 10
BITMAP
E0
90
90
90
ENDCHAR
STARTCHAR uni2DE8
ENCODING 11752
SWIDTH 0 0
DWIDTH 0 0
BBX 6 4 -7 10
BITMAP
C8
CC
B4
94
ENDCHAR
STARTCHAR uni2DE9
ENCODING 11753
SWIDTH 0 0
DWIDTH 0 0
BBX 4 4 -6 10
BITMAP
90
90
90
90
ENDCHAR
STARTCHAR uni2DEA
ENCODING 11754
SWIDTH 0 0
DWIDTH 0 0
BBX 5 4 -7 10
BITMAP
70
70
88
78
ENDCHAR
STARTCHAR uni2DEB
ENCODING 11755
SWIDTH 0 0
DWIDTH 0 0
BBX 4 4 -6 10
BITMAP
F0
90
90
90
ENDCHAR
STARTCHAR uni2DEC
ENCODING 11756
SWIDTH 0 0
DWIDTH 0 0
BBX 4 6 -6 8
BITMAP
70
90
90
F0
80
80
ENDCHAR
STARTCHAR uni2DED
ENCODING 11757
SWIDTH 0 0
DWIDTH 0 0
BBX 4 4 -6 10
BITMAP
70
40
80
50
ENDCHAR
STARTCHAR uni2DEE
ENCODING 11758
SWIDTH 0 0
DWIDTH 0 0
BBX 4 4 -6 10
BITMAP
F0
20
20
20
ENDCHAR
STARTCHAR uni2DEF
ENCODING 11759
SWIDTH 0 0
DWIDTH 0 0
BBX 4 4 -6 10
BITMAP
F0
60
60
F0
ENDCHAR
STARTCHAR uni2DF0
ENCODING 11760
SWIDTH 0 0
DWIDTH 0 0
BBX 5 5 -6 9
BITMAP
90
90
90
78
08
ENDCHAR
STARTCHAR uni2DF1
ENCODING 11761
SWIDTH 0 0
DWIDTH 0 0
BBX 4 4 -7 10
BITMAP
90
90
70
10
ENDCHAR
STARTCHAR uni2DF2
ENCODING 11762
SWIDTH 0 0
DWIDTH 0 0
BBX 6 4 -7 10
BITMAP
94
94
94
FC
ENDCHAR
STARTCHAR uni2DF3
ENCODING 11763
SWIDTH 0 0
DWIDTH 0 0
BBX 7 5 -7 9
BITMAP
94
94
94
7E
02
ENDCHAR
STARTCHAR uni2DF4
ENCODING 11764
SWIDTH 0 0
DWIDTH 0 0
BBX 5 4 -7 10
BITMAP
70
70
88
78
ENDCHAR
STARTCHAR uni2DF5
ENCODING 11765
SWIDTH 0 0
DWIDTH 0 0
BBX 7 4 -8 10
BITMAP
7E
44
84
54
ENDCHAR
STARTCHAR uni2DF6
ENCODING 11766
SWIDTH 0 0
DWIDTH 0 0
BBX 4 4 -6 10
BITMAP
60
10
70
F0
ENDCHAR
STARTCHAR uni2DF7
ENCODING 11767
SWIDTH 0 0
DWIDTH 0 0
BBX 5 4 -6 10
BITMAP
70
F0
80
78
ENDCHAR
STARTCHAR uni2DF8
ENCODING 11768
SWIDTH 0 0
DWIDTH 0 0
BBX 4 4 -6 10
BITMAP
40
40
A0
90
ENDCHAR
STARTCHAR uni2DF9
ENCODING 11769
SWIDTH 0 0
DWIDTH 0 0
BBX 4 6 -6 10
BITMAP
90
90
60
40
A0
F0
ENDCHAR
STARTCHAR uni2DFA
ENCODING 11770
SWIDTH 0 0
DWIDTH 0 0
BBX 4 6 -6 10
BITMAP
80
80
80
C0
B0
F0
ENDCHAR
STARTCHAR uni2DFB
ENCODING 11771
SWIDTH 0 0
DWIDTH 0 0
BBX 6 4 -7 10
BITMAP
9C
BC
A4
9C
ENDCHAR
STARTCHAR uni2DFC
ENCODING 11772
SWIDTH 0 0
DWIDTH 0 0
BBX 6 4 -7 10
BITMAP
98
84
F4
BC
ENDCHAR
STARTCHAR uni2DFD
ENCODING 11773
SWIDTH 0 0
DWIDTH 0 0
BBX 4 4 -6 10
BITMAP
40
60
E0
D0
ENDCHAR
STARTCHAR uni2DFE
ENCODING 11774
SWIDTH 0 0
DWIDTH 0 0
BBX 6 4 -7 10
BITMAP
78
30
7C
94
ENDCHAR
STARTCHAR uni2DFF
ENCODING 11775
SWIDTH 0 0
DWIDTH 0 0
BBX 7 4 -8 10
BITMAP
9E
8C
7E
AA
ENDCHAR
STARTCHAR uni2E00
ENCODING 11776
SWIDTH 399 0
DWIDTH 6 0
BBX 5 6 2 6
BITMAP
F8
80
80
80
80
80
ENDCHAR
STARTCHAR uni2E01
ENCODING 11777
SWIDTH 399 0
DWIDTH 6 0
BBX 5 6 2 6
BITMAP
F8
80
80
B0
80
80
ENDCHAR
STARTCHAR uni2E02
ENCODING 11778
SWIDTH 305 0
DWIDTH 5 0
BBX 3 6 2 6
BITMAP
20
60
C0
80
80
80
ENDCHAR
STARTCHAR uni2E03
ENCODING 11779
SWIDTH 305 0
DWIDTH 5 0
BBX 3 6 2 6
BITMAP
80
C0
60
60
60
60
ENDCHAR
STARTCHAR uni2E04
ENCODING 11780
SWIDTH 312 0
DWIDTH 5 0
BBX 3 6 2 6
BITMAP
20
60
C0
A0
A0
80
ENDCHAR
STARTCHAR uni2E05
ENCODING 11781
SWIDTH 372 0
DWIDTH 6 0
BBX 5 6 2 6
BITMAP
40
60
30
98
98
18
ENDCHAR
STARTCHAR uni2E06
ENCODING 11782
SWIDTH 638 0
DWIDTH 10 0
BBX 9 6 1 6
BITMAP
FF80
0800
0800
0800
0800
0800
ENDCHAR
STARTCHAR uni2E07
ENCODING 11783
SWIDTH 638 0
DWIDTH 10 0
BBX 9 6 1 6
BITMAP
FF80
0800
0800
0900
0800
0800
ENDCHAR
STARTCHAR uni2E08
ENCODING 11784
SWIDTH 559 0
DWIDTH 9 0
BBX 8 7 1 5
BITMAP
06
0F
18
0E
08
78
E0
ENDCHAR
STARTCHAR uni2E09
ENCODING 11785
SWIDTH 555 0
DWIDTH 9 0
BBX 8 7 1 5
BITMAP
06
0F
18
08
08
78
E0
ENDCHAR
STARTCHAR uni2E0A
ENCODING 11786
SWIDTH 559 0
DWIDTH 9 0
BBX 7 7 2 5
BITMAP
40
F0
30
10
10
1E
0E
ENDCHAR
STARTCHAR uni2E0B
ENCODING 11787
SWIDTH 457 0
DWIDTH 7 0
BBX 6 6 2 6
BITMAP
FC
88
88
88
88
FC
ENDCHAR
STARTCHAR uni2E0C
ENCODING 11788
SWIDTH 485 0
DWIDTH 8 0
BBX 6 7 2 5
BITMAP
80
C0
60
30
18
0C
04
ENDCHAR
STARTCHAR uni2E0D
ENCODING 11789
SWIDTH 485 0
DWIDTH 8 0
BBX 6 7 2 5
BITMAP
04
0C
18
30
60
C0
80
ENDCHAR
STARTCHAR uni2E0E
ENCODING 11790
SWIDTH 732 0
DWIDTH 12 0
BBX 10 20 2 -4
BITMAP
0400
0C00
0800
0000
1E00
1E00
0000
3F00
0000
FFC0
1800
0000
3F00
0000
1E00
0000
0800
0800
1800
0800
ENDCHAR
STARTCHAR uni2E0F
ENCODING 11791
SWIDTH 719 0
DWIDTH 12 0
BBX 10 1 2 -2
BITMAP
FFC0
ENDCHAR
STARTCHAR uni2E10
ENCODING 11792
SWIDTH 719 0
DWIDTH 12 0
BBX 10 3 2 -4
BITMAP
FFC0
C000
8000
ENDCHAR
STARTCHAR uni2E11
ENCODING 11793
SWIDTH 719 0
DWIDTH 12 0
BBX 10 3 2 -4
BITMAP
FFC0
0180
0080
ENDCHAR
STARTCHAR uni2E12
ENCODING 11794
SWIDTH 216 0
DWIDTH 3 0
BBX 3 4 1 -2
BITMAP
C0
40
20
C0
ENDCHAR
STARTCHAR uni2E13
ENCODING 11795
SWIDTH 548 0
DWIDTH 9 0
BBX 8 12 1 1
BITMAP
01
01
02
44
64
08
10
12
20
20
C0
40
ENDCHAR
STARTCHAR uni2E14
ENCODING 11796
SWIDTH 649 0
DWIDTH 10 0
BBX 9 13 1 0
BITMAP
0080
0080
0080
0100
0200
0200
0400
0800
0800
5000
5000
E400
1C00
ENDCHAR
STARTCHAR uni2E15
ENCODING 11797
SWIDTH 649 0
DWIDTH 10 0
BBX 10 13 1 0
BITMAP
0200
0D00
01C0
0640
0400
0400
0800
1000
1000
2000
2000
C000
4000
ENDCHAR
STARTCHAR uni2E16
ENCODING 11798
SWIDTH 350 0
DWIDTH 6 0
BBX 4 8 2 1
BITMAP
20
B0
40
40
20
40
80
30
ENDCHAR
STARTCHAR uni2E17
ENCODING 11799
SWIDTH 326 0
DWIDTH 5 0
BBX 4 4 2 3
BITMAP
F0
80
E0
80
ENDCHAR
STARTCHAR uni2E18
ENCODING 11800
SWIDTH 470 0
DWIDTH 8 0
BBX 6 13 2 -1
BITMAP
20
30
00
20
30
60
E0
E0
A0
A4
F8
E0
20
ENDCHAR
STARTCHAR uni2E19
ENCODING 11801
SWIDTH 637 0
DWIDTH 10 0
BBX 9 13 1 0
BITMAP
0280
0380
0F80
0B00
2D00
1F00
5800
DF00
5800
3E00
3C00
4000
4000
ENDCHAR
STARTCHAR uni2E1A
ENCODING 11802
SWIDTH 413 0
DWIDTH 7 0
BBX 6 5 1 5
BITMAP
CC
00
00
00
78
ENDCHAR
STARTCHAR uni2E1B
ENCODING 11803
SWIDTH 414 0
DWIDTH 7 0
BBX 5 5 2 5
BITMAP
50
90
60
48
F8
ENDCHAR
STARTCHAR uni2E1C
ENCODING 11804
SWIDTH 410 0
DWIDTH 7 0
BBX 5 8 2 -2
BITMAP
80
80
40
40
30
10
10
08
ENDCHAR
STARTCHAR uni2E1D
ENCODING 11805
SWIDTH 410 0
DWIDTH 7 0
BBX 5 8 2 -2
BITMAP
08
10
10
20
40
40
C0
80
ENDCHAR
STARTCHAR uni2E1E
ENCODING 11806
SWIDTH 414 0
DWIDTH 7 0
BBX 5 5 2 5
BITMAP
20
60
08
F8
80
ENDCHAR
STARTCHAR uni2E1F
ENCODING 11807
SWIDTH 414 0
DWIDTH 7 0
BBX 5 4 2 4
BITMAP
E8
B0
60
60
ENDCHAR
STARTCHAR uni2E20
ENCODING 11808
SWIDTH 460 0
DWIDTH 7 0
BBX 5 14 2 -2
BITMAP
80
80
80
80
80
80
F8
80
80
80
80
80
80
80
ENDCHAR
STARTCHAR uni2E21
ENCODING 11809
SWIDTH 460 0
DWIDTH 7 0
BBX 5 14 2 -2
BITMAP
08
08
08
08
08
08
F8
08
08
08
08
08
08
08
ENDCHAR
STARTCHAR uni2E22
ENCODING 11810
SWIDTH 265 0
DWIDTH 4 0
BBX 3 7 1 5
BITMAP
E0
40
40
40
40
40
40
ENDCHAR
STARTCHAR uni2E23
ENCODING 11811
SWIDTH 266 0
DWIDTH 4 0
BBX 4 7 1 5
BITMAP
E0
30
30
30
30
30
30
ENDCHAR
STARTCHAR uni2E24
ENCODING 11812
SWIDTH 265 0
DWIDTH 4 0
BBX 3 7 1 -2
BITMAP
40
40
40
40
40
E0
E0
ENDCHAR
STARTCHAR uni2E25
ENCODING 11813
SWIDTH 266 0
DWIDTH 4 0
BBX 4 7 1 -2
BITMAP
30
30
30
30
30
E0
E0
ENDCHAR
STARTCHAR uni2E26
ENCODING 11814
SWIDTH 583 0
DWIDTH 9 0
BBX 9 7 1 1
BITMAP
7F80
F000
4000
4000
6000
7F00
3F00
ENDCHAR
STARTCHAR uni2E27
ENCODING 11815
SWIDTH 583 0
DWIDTH 9 0
BBX 8 7 2 1
BITMAP
FE
0F
02
02
03
FE
FC
ENDCHAR
STARTCHAR uni2E28
ENCODING 11816
SWIDTH 531 0
DWIDTH 8 0
BBX 8 16 1 -3
BITMAP
0B
1E
24
28
6C
78
48
48
48
C8
D8
4C
28
64
36
12
ENDCHAR
STARTCHAR uni2E29
ENCODING 11817
SWIDTH 531 0
DWIDTH 8 0
BBX 8 16 0 -3
BITMAP
90
6C
24
12
36
36
12
12
12
12
1B
36
12
36
28
48
ENDCHAR
STARTCHAR uni2E2A
ENCODING 11818
SWIDTH 549 0
DWIDTH 9 0
BBX 7 8 1 0
BITMAP
82
00
00
00
00
00
10
10
ENDCHAR
STARTCHAR uni2E2B
ENCODING 11819
SWIDTH 549 0
DWIDTH 9 0
BBX 7 8 1 0
BITMAP
10
00
00
00
00
00
82
82
ENDCHAR
STARTCHAR uni2E2C
ENCODING 11820
SWIDTH 549 0
DWIDTH 9 0
BBX 7 8 1 0
BITMAP
82
00
00
00
00
00
82
82
ENDCHAR
STARTCHAR uni2E2D
ENCODING 11821
SWIDTH 548 0
DWIDTH 9 0
BBX 7 8 1 0
BITMAP
10
00
00
92
92
00
10
10
ENDCHAR
STARTCHAR uni2E2E
ENCODING 11822
SWIDTH 472 0
DWIDTH 8 0
BBX 7 12 0 0
BITMAP
10
7C
C6
40
60
60
60
30
00
00
10
10
ENDCHAR
STARTCHAR uni2E2F
ENCODING 11823
SWIDTH 209 0
DWIDTH 3 0
BBX 2 5 2 9
BITMAP
40
80
80
80
80
ENDCHAR
STARTCHAR uni2E30
ENCODING 11824
SWIDTH 273 0
DWIDTH 4 0
BBX 4 3 0 5
BITMAP
60
90
70
ENDCHAR
STARTCHAR uni2E31
ENCODING 11825
SWIDTH 190 0
DWIDTH 3 0
BBX 2 2 1 6
BITMAP
C0
C0
ENDCHAR
STARTCHAR uni2E32
ENCODING 11826
SWIDTH 214 0
DWIDTH 3 0
BBX 3 4 1 -2
BITMAP
20
C0
40
40
ENDCHAR
STARTCHAR uni2E33
ENCODING 11827
SWIDTH 190 0
DWIDTH 3 0
BBX 2 2 1 4
BITMAP
C0
C0
ENDCHAR
STARTCHAR uni2E34
ENCODING 11828
SWIDTH 214 0
DWIDTH 3 0
BBX 2 4 2 2
BITMAP
80
80
C0
C0
ENDCHAR
STARTCHAR uni2E35
ENCODING 11829
SWIDTH 249 0
DWIDTH 4 0
BBX 3 11 1 0
BITMAP
20
40
C0
C0
00
00
00
00
00
C0
C0
ENDCHAR
STARTCHAR uni2E36
ENCODING 11830
SWIDTH 407 0
DWIDTH 7 0
BBX 5 12 1 0
BITMAP
18
18
18
F8
18
18
18
18
18
18
18
18
ENDCHAR
STARTCHAR uni2E37
ENCODING 11831
SWIDTH 409 0
DWIDTH 7 0
BBX 5 12 1 0
BITMAP
40
40
40
F8
40
40
40
40
40
40
40
40
ENDCHAR
STARTCHAR uni2E38
ENCODING 11832
SWIDTH 557 0
DWIDTH 9 0
BBX 8 12 1 0
BITMAP
18
18
18
18
18
18
18
FF
FF
18
18
18
ENDCHAR
STARTCHAR uni2E39
ENCODING 11833
SWIDTH 603 0
DWIDTH 10 0
BBX 9 11 1 1
BITMAP
0800
3F00
6300
6000
6000
3C00
6E00
4300
C100
7F80
3F00
ENDCHAR
STARTCHAR uni2E3A
ENCODING 11834
SWIDTH 1480 0
DWIDTH 24 0
BBX 21 1 1 6
BITMAP
FFFFF8
ENDCHAR
STARTCHAR uni2E3B
ENCODING 11835
SWIDTH 2132 0
DWIDTH 34 0
BBX 31 1 1 6
BITMAP
FFFFFFFE
ENDCHAR
STARTCHAR uni2E3C
ENCODING 11836
SWIDTH 276 0
DWIDTH 4 0
BBX 4 3 1 0
BITMAP
90
20
60
ENDCHAR
STARTCHAR uni2E3D
ENCODING 11837
SWIDTH 185 0
DWIDTH 3 0
BBX 1 17 1 -3
BITMAP
80
80
00
80
80
00
80
80
00
80
80
00
80
80
00
80
80
ENDCHAR
STARTCHAR uni2E3E
ENCODING 11838
SWIDTH 197 0
DWIDTH 3 0
BBX 2 16 2 -3
BITMAP
80
C0
80
80
80
80
80
80
80
80
80
80
80
C0
80
80
ENDCHAR
STARTCHAR uni2E3F
ENCODING 11839
SWIDTH 523 0
DWIDTH 8 0
BBX 7 14 1 -2
BITMAP
38
38
EE
F8
B8
B8
FA
FC
38
38
38
38
38
38
ENDCHAR
STARTCHAR uni2E40
ENCODING 11840
SWIDTH 316 0
DWIDTH 5 0
BBX 4 3 1 4
BITMAP
F0
00
F0
ENDCHAR
STARTCHAR uni2E41
ENCODING 11841
SWIDTH 214 0
DWIDTH 3 0
BBX 2 4 2 -2
BITMAP
80
80
C0
C0
ENDCHAR
STARTCHAR uni2E42
ENCODING 11842
SWIDTH 356 0
DWIDTH 6 0
BBX 4 4 2 -2
BITMAP
E0
E0
E0
F0
ENDCHAR
STARTCHAR uniA640
ENCODING 42560
SWIDTH 598 0
DWIDTH 10 0
BBX 8 14 2 -2
BITMAP
FF
06
06
0C
18
18
30
60
60
C0
FF
FF
61
DE
ENDCHAR
STARTCHAR uniA641
ENCODING 42561
SWIDTH 495 0
DWIDTH 8 0
BBX 8 11 1 -2
BITMAP
7E
06
0C
18
18
30
60
FE
FE
23
5E
ENDCHAR
STARTCHAR uniA642
ENCODING 42562
SWIDTH 599 0
DWIDTH 10 0
BBX 8 14 2 -2
BITMAP
FF
06
06
0C
18
7C
30
60
60
C0
FF
FF
61
DE
ENDCHAR
STARTCHAR uniA643
ENCODING 42563
SWIDTH 496 0
DWIDTH 8 0
BBX 8 11 1 -2
BITMAP
7E
06
0C
18
7C
30
60
FE
FE
23
5E
ENDCHAR
STARTCHAR uniA644
ENCODING 42564
SWIDTH 593 0
DWIDTH 9 0
BBX 9 12 1 0
BITMAP
3000
7E00
6300
0180
0300
1E00
3800
4000
C100
C180
7F00
3E00
ENDCHAR
STARTCHAR uniA645
ENCODING 42565
SWIDTH 515 0
DWIDTH 8 0
BBX 6 9 2 0
BITMAP
20
68
C4
0C
38
80
8C
FC
F0
ENDCHAR
STARTCHAR uniA646
ENCODING 42566
SWIDTH 320 0
DWIDTH 5 0
BBX 3 12 2 0
BITMAP
80
80
80
80
80
80
80
80
80
80
E0
E0
ENDCHAR
STARTCHAR uniA647
ENCODING 42567
SWIDTH 324 0
DWIDTH 5 0
BBX 3 9 3 0
BITMAP
80
80
80
80
80
80
80
E0
60
ENDCHAR
STARTCHAR uniA648
ENCODING 42568
SWIDTH 600 0
DWIDTH 10 0
BBX 10 12 0 0
BITMAP
0400
0400
0400
1F00
0C00
0E00
1E00
3300
3300
6180
6180
C0C0
ENDCHAR
STARTCHAR uniA649
ENCODING 42569
SWIDTH 545 0
DWIDTH 9 0
BBX 9 9 0 0
BITMAP
0C00
0C00
3E00
0C00
1C00
3600
6300
6300
C180
ENDCHAR
STARTCHAR uniA64A
ENCODING 42570
SWIDTH 560 0
DWIDTH 9 0
BBX 8 12 1 0
BITMAP
C3
63
63
63
36
1C
3C
26
63
42
7E
3C
ENDCHAR
STARTCHAR uniA64B
ENCODING 42571
SWIDTH 568 0
DWIDTH 9 0
BBX 8 12 1 0
BITMAP
C3
63
63
66
36
1C
1C
36
63
42
7E
3C
ENDCHAR
STARTCHAR uniA64C
ENCODING 42572
SWIDTH 1062 0
DWIDTH 17 0
BBX 16 12 1 0
BITMAP
0420
381C
6006
C006
C003
4102
4102
4102
6106
4386
3FFE
1E78
ENDCHAR
STARTCHAR uniA64D
ENCODING 42573
SWIDTH 842 0
DWIDTH 13 0
BBX 13 9 1 0
BITMAP
3080
7070
6030
4010
4610
C618
6630
7FF0
1DE0
ENDCHAR
STARTCHAR uniA64E
ENCODING 42574
SWIDTH 758 0
DWIDTH 12 0
BBX 12 12 0 0
BITMAP
F800
1800
1800
1800
1800
0F00
18E0
1830
1820
1830
0FE0
0F00
ENDCHAR
STARTCHAR uniA64F
ENCODING 42575
SWIDTH 615 0
DWIDTH 10 0
BBX 10 9 0 0
BITMAP
F000
1800
1800
1E00
1980
18C0
1880
1FC0
1E00
ENDCHAR
STARTCHAR uniA650
ENCODING 42576
SWIDTH 927 0
DWIDTH 15 0
BBX 16 12 -1 0
BITMAP
F804
1804
1804
1804
1804
0F04
18E4
1834
1824
1834
0FE4
0F04
ENDCHAR
STARTCHAR uniA651
ENCODING 42577
SWIDTH 847 0
DWIDTH 14 0
BBX 12 9 0 0
BITMAP
F010
1810
1810
1E10
1990
18D0
1890
1FD0
1E10
ENDCHAR
STARTCHAR uniA652
ENCODING 42578
SWIDTH 787 0
DWIDTH 13 0
BBX 11 12 1 0
BITMAP
5000
5000
FE00
5000
5000
5E00
51C0
5060
5060
5060
5FC0
5E00
ENDCHAR
STARTCHAR uniA653
ENCODING 42579
SWIDTH 676 0
DWIDTH 11 0
BBX 10 13 1 0
BITMAP
1000
5000
5000
FE00
5000
5000
5000
5E00
5180
50C0
5040
5F80
5E00
ENDCHAR
STARTCHAR uniA654
ENCODING 42580
SWIDTH 908 0
DWIDTH 15 0
BBX 13 12 1 0
BITMAP
0410
1F10
6190
4190
C090
40F8
40F8
C0D0
60D0
6190
3F10
1F10
ENDCHAR
STARTCHAR uniA655
ENCODING 42581
SWIDTH 864 0
DWIDTH 14 0
BBX 13 9 1 0
BITMAP
3018
7E18
6318
C318
41F8
C318
6318
7E18
1E18
ENDCHAR
STARTCHAR uniA656
ENCODING 42582
SWIDTH 867 0
DWIDTH 14 0
BBX 13 12 1 0
BITMAP
4180
4180
42C0
4340
42C0
4440
4C20
FFE0
7FF0
5830
5818
5818
ENDCHAR
STARTCHAR uniA657
ENCODING 42583
SWIDTH 741 0
DWIDTH 12 0
BBX 10 9 2 0
BITMAP
8C00
9F00
8180
8380
8F80
9180
F180
BF80
9EC0
ENDCHAR
STARTCHAR uniA658
ENCODING 42584
SWIDTH 652 0
DWIDTH 10 0
BBX 10 12 0 0
BITMAP
0C00
0C00
0E00
0A00
1100
1B00
1100
3F80
7F80
6080
FFC0
FFC0
ENDCHAR
STARTCHAR uniA659
ENCODING 42585
SWIDTH 582 0
DWIDTH 9 0
BBX 9 9 0 0
BITMAP
0C00
1C00
1400
3200
2300
3F00
2180
7F80
FF80
ENDCHAR
STARTCHAR uniA65A
ENCODING 42586
SWIDTH 852 0
DWIDTH 14 0
BBX 11 12 2 0
BITMAP
7FC0
6180
3180
3300
1E00
1E00
E1C0
C060
FFE0
8420
8420
8420
ENDCHAR
STARTCHAR uniA65B
ENCODING 42587
SWIDTH 674 0
DWIDTH 11 0
BBX 9 9 2 0
BITMAP
7F00
6600
3600
3400
1C00
4300
FF80
8880
8880
ENDCHAR
STARTCHAR uniA65C
ENCODING 42588
SWIDTH 867 0
DWIDTH 14 0
BBX 13 12 1 0
BITMAP
4180
4180
42C0
4340
42C0
4440
4C20
FFE0
7FF0
5830
5FF0
5FF8
ENDCHAR
STARTCHAR uniA65D
ENCODING 42589
SWIDTH 763 0
DWIDTH 12 0
BBX 10 9 2 0
BITMAP
8600
8E00
8A00
8F00
8900
FF80
90C0
BFC0
FFC0
ENDCHAR
STARTCHAR uniA65E
ENCODING 42590
SWIDTH 668 0
DWIDTH 11 0
BBX 9 15 1 -3
BITMAP
0C00
0C00
1C00
1C00
1E00
3B00
1A00
3900
6980
6880
C980
8880
0800
0800
0800
ENDCHAR
STARTCHAR uniA65F
ENCODING 42591
SWIDTH 573 0
DWIDTH 9 0
BBX 9 12 0 -3
BITMAP
0C00
1C00
0E00
1E00
1F00
1500
6580
E500
4580
0400
0400
0400
ENDCHAR
STARTCHAR uniA660
ENCODING 42592
SWIDTH 731 0
DWIDTH 12 0
BBX 11 14 1 -2
BITMAP
6060
6060
6060
6060
6060
6060
6060
6060
6060
6060
FFC0
FFC0
4000
4000
ENDCHAR
STARTCHAR uniA661
ENCODING 42593
SWIDTH 592 0
DWIDTH 9 0
BBX 9 11 0 -2
BITMAP
2180
2180
2180
2180
2180
2180
2180
FF00
FF00
4000
4000
ENDCHAR
STARTCHAR uniA662
ENCODING 42594
SWIDTH 914 0
DWIDTH 15 0
BBX 13 14 1 -2
BITMAP
3FF8
1180
3180
3180
3180
3180
3180
3180
6180
6180
FFE0
8040
8040
8040
ENDCHAR
STARTCHAR uniA663
ENCODING 42595
SWIDTH 736 0
DWIDTH 12 0
BBX 12 11 0 -2
BITMAP
1FF0
3300
3300
3300
1300
1300
3300
FF80
40C0
40C0
40C0
ENDCHAR
STARTCHAR uniA664
ENCODING 42596
SWIDTH 905 0
DWIDTH 14 0
BBX 14 12 0 0
BITMAP
1FFC
1840
1840
1840
1840
1840
1840
3040
1040
3040
E040
8040
ENDCHAR
STARTCHAR uniA665
ENCODING 42597
SWIDTH 733 0
DWIDTH 12 0
BBX 12 9 0 0
BITMAP
1FF0
1300
1300
1300
2300
2300
3300
6300
8300
ENDCHAR
STARTCHAR uniA666
ENCODING 42598
SWIDTH 1074 0
DWIDTH 17 0
BBX 15 12 2 0
BITMAP
C0FE
C060
E0E0
A0A0
E120
A320
9120
9B20
8A20
8E20
8C20
8420
ENDCHAR
STARTCHAR uniA667
ENCODING 42599
SWIDTH 895 0
DWIDTH 14 0
BBX 13 9 2 0
BITMAP
C1F8
C180
C280
A280
B480
9C80
B880
9880
8880
ENDCHAR
STARTCHAR uniA668
ENCODING 42600
SWIDTH 687 0
DWIDTH 11 0
BBX 10 12 1 0
BITMAP
0400
1F00
6180
4180
C080
4480
4480
C080
60C0
6180
3F00
1F00
ENDCHAR
STARTCHAR uniA669
ENCODING 42601
SWIDTH 570 0
DWIDTH 9 0
BBX 8 9 1 0
BITMAP
30
7E
63
CB
5B
C3
63
3F
1C
ENDCHAR
STARTCHAR uniA66A
ENCODING 42602
SWIDTH 687 0
DWIDTH 11 0
BBX 10 12 1 0
BITMAP
0400
1F00
6180
4180
C080
5680
5680
C080
60C0
6180
3F00
1F00
ENDCHAR
STARTCHAR uniA66B
ENCODING 42603
SWIDTH 623 0
DWIDTH 10 0
BBX 9 9 1 0
BITMAP
0800
3F00
6180
4080
5E80
C080
6180
3F00
1C00
ENDCHAR
STARTCHAR uniA66C
ENCODING 42604
SWIDTH 1166 0
DWIDTH 19 0
BBX 17 12 1 0
BITMAP
040800
3F3E00
61C180
40C080
C0C180
448980
448980
C0C180
60C180
61C180
3F3F00
1F3E00
ENDCHAR
STARTCHAR uniA66D
ENCODING 42605
SWIDTH 960 0
DWIDTH 15 0
BBX 15 9 1 0
BITMAP
30E0
7FF8
638C
CB26
5B36
C306
638C
3FFC
1C70
ENDCHAR
STARTCHAR uniA66E
ENCODING 42606
SWIDTH 1240 0
DWIDTH 20 0
BBX 19 17 1 -4
BITMAP
019800
08E200
0A6900
0B7B00
186300
0FFF00
3FFFC0
6F5D60
5A7B20
C31860
7FFFC0
3FFFC0
0EEB00
0B7B00
186300
08E200
0F3E00
ENDCHAR
STARTCHAR uniA66F
ENCODING 42607
SWIDTH 0 0
DWIDTH 0 0
BBX 9 4 -8 8
BITMAP
FF80
8080
8080
8080
ENDCHAR
STARTCHAR uniA670
ENCODING 42608
SWIDTH 0 0
DWIDTH 0 0
BBX 16 16 -12 -3
BITMAP
0280
0100
3298
2018
5014
0000
0000
C006
8006
C005
0000
0000
3008
2018
5194
0180
ENDCHAR
STARTCHAR uniA671
ENCODING 42609
SWIDTH 0 0
DWIDTH 0 0
BBX 9 14 -8 -2
BITMAP
FF80
8080
8080
8080
0000
0000
0000
0000
0000
0000
8080
8080
8080
FF80
ENDCHAR
STARTCHAR uniA672
ENCODING 42610
SWIDTH 0 0
DWIDTH 0 0
BBX 17 16 -13 -3
BITMAP
008000
01C000
008000
000000
000000
F00780
000000
F00780
F00780
000000
F00780
000000
000000
029000
029000
029000
ENDCHAR
STARTCHAR uniA673
ENCODING 42611
SWIDTH 463 0
DWIDTH 7 0
BBX 6 7 2 4
BITMAP
20
30
FC
88
88
FC
20
ENDCHAR
STARTCHAR uniA674
ENCODING 42612
SWIDTH 0 0
DWIDTH 0 0
BBX 4 4 -7 10
BITMAP
70
60
80
70
ENDCHAR
STARTCHAR uniA675
ENCODING 42613
SWIDTH 0 0
DWIDTH 0 0
BBX 5 4 -6 10
BITMAP
98
B0
B0
50
ENDCHAR
STARTCHAR uniA676
ENCODING 42614
SWIDTH 0 0
DWIDTH 0 0
BBX 2 6 -5 10
BITMAP
C0
00
80
80
80
80
ENDCHAR
STARTCHAR uniA677
ENCODING 42615
SWIDTH 0 0
DWIDTH 0 0
BBX 3 6 -6 8
BITMAP
A0
A0
A0
C0
40
C0
ENDCHAR
STARTCHAR uniA678
ENCODING 42616
SWIDTH 0 0
DWIDTH 0 0
BBX 5 4 -6 10
BITMAP
C0
60
58
78
ENDCHAR
STARTCHAR uniA679
ENCODING 42617
SWIDTH 0 0
DWIDTH 0 0
BBX 6 4 -7 10
BITMAP
84
C4
B4
F4
ENDCHAR
STARTCHAR uniA67A
ENCODING 42618
SWIDTH 0 0
DWIDTH 0 0
BBX 4 4 -6 10
BITMAP
80
C0
B0
F0
ENDCHAR
STARTCHAR uniA67B
ENCODING 42619
SWIDTH 0 0
DWIDTH 0 0
BBX 6 4 -8 10
BITMAP
94
94
94
FC
ENDCHAR
STARTCHAR uniA67C
ENCODING 42620
SWIDTH 0 0
DWIDTH 0 0
BBX 5 2 -6 10
BITMAP
98
E0
ENDCHAR
STARTCHAR uniA67D
ENCODING 42621
SWIDTH 0 0
DWIDTH 0 0
BBX 4 3 -6 9
BITMAP
90
E0
20
ENDCHAR
STARTCHAR uniA67E
ENCODING 42622
SWIDTH 370 0
DWIDTH 6 0
BBX 5 2 2 10
BITMAP
98
E0
ENDCHAR
STARTCHAR uniA67F
ENCODING 42623
SWIDTH 341 0
DWIDTH 5 0
BBX 4 3 2 9
BITMAP
90
E0
20
ENDCHAR
STARTCHAR uniA680
ENCODING 42624
SWIDTH 751 0
DWIDTH 12 0
BBX 11 16 1 -2
BITMAP
3000
3000
3F80
3180
3180
3180
2180
3180
3180
6180
6180
6180
FFE0
8040
8040
8040
ENDCHAR
STARTCHAR uniA681
ENCODING 42625
SWIDTH 603 0
DWIDTH 10 0
BBX 10 13 0 -2
BITMAP
1800
3000
3F00
3300
3300
3300
1300
1300
3300
FF80
40C0
40C0
40C0
ENDCHAR
STARTCHAR uniA682
ENCODING 42626
SWIDTH 593 0
DWIDTH 9 0
BBX 9 15 1 -3
BITMAP
0600
3F00
6300
6000
6000
6000
3800
3800
0700
0100
0180
4100
C180
6100
1F00
ENDCHAR
STARTCHAR uniA683
ENCODING 42627
SWIDTH 515 0
DWIDTH 8 0
BBX 6 12 2 -3
BITMAP
20
7C
CC
C0
C0
70
18
0C
0C
8C
C4
FC
ENDCHAR
STARTCHAR uniA684
ENCODING 42628
SWIDTH 1171 0
DWIDTH 19 0
BBX 18 12 2 0
BITMAP
706180
FC6300
C66600
036600
066C00
3FF800
0E6C00
036C00
826600
C36300
FE6180
7C60C0
ENDCHAR
STARTCHAR uniA685
ENCODING 42629
SWIDTH 970 0
DWIDTH 16 0
BBX 14 9 2 0
BITMAP
210C
6918
0530
0D60
3FE0
0930
8D18
CD0C
F90C
ENDCHAR
STARTCHAR uniA686
ENCODING 42630
SWIDTH 740 0
DWIDTH 12 0
BBX 9 12 2 0
BITMAP
9080
9080
9080
9080
9080
D880
FF80
0080
0080
0080
0080
0080
ENDCHAR
STARTCHAR uniA687
ENCODING 42631
SWIDTH 649 0
DWIDTH 10 0
BBX 8 9 2 0
BITMAP
9B
9B
9B
9B
D3
FF
03
03
03
ENDCHAR
STARTCHAR uniA688
ENCODING 42632
SWIDTH 851 0
DWIDTH 14 0
BBX 14 15 0 -3
BITMAP
1FC0
08C0
10C0
18C0
18C0
18C0
18C0
30C0
30C0
30C0
7FF0
FFCC
401C
4008
003C
ENDCHAR
STARTCHAR uniA689
ENCODING 42633
SWIDTH 701 0
DWIDTH 11 0
BBX 11 12 0 -3
BITMAP
3F00
3300
3300
3300
1300
1300
3300
FF80
FF40
4060
4040
01E0
ENDCHAR
STARTCHAR uniA68A
ENCODING 42634
SWIDTH 748 0
DWIDTH 12 0
BBX 11 15 0 -3
BITMAP
FF80
0800
0800
0900
0FC0
0860
0820
0820
0820
0820
0820
0820
0020
0060
01C0
ENDCHAR
STARTCHAR uniA68B
ENCODING 42635
SWIDTH 677 0
DWIDTH 11 0
BBX 9 12 1 -3
BITMAP
FE00
2000
2E00
3F00
3180
2080
2080
2080
2080
0080
0180
0700
ENDCHAR
STARTCHAR uniA68C
ENCODING 42636
SWIDTH 596 0
DWIDTH 10 0
BBX 9 12 0 0
BITMAP
FF80
0800
0800
0800
0800
0800
0800
0800
0800
0800
0E00
0E00
ENDCHAR
STARTCHAR uniA68D
ENCODING 42637
SWIDTH 489 0
DWIDTH 8 0
BBX 7 9 1 0
BITMAP
FE
20
20
20
20
20
20
38
1C
ENDCHAR
STARTCHAR uniA68E
ENCODING 42638
SWIDTH 765 0
DWIDTH 12 0
BBX 11 15 1 -3
BITMAP
C180
C180
C180
C180
C180
C180
C180
C180
C180
C180
FFC0
7FE0
4020
FFC0
1F80
ENDCHAR
STARTCHAR uniA68F
ENCODING 42639
SWIDTH 632 0
DWIDTH 10 0
BBX 9 11 1 -2
BITMAP
4300
4300
4300
4300
4300
4300
4300
FF00
7F80
4080
7F80
ENDCHAR
STARTCHAR uniA690
ENCODING 42640
SWIDTH 596 0
DWIDTH 10 0
BBX 9 14 0 -2
BITMAP
FF80
0800
0800
0800
0800
0800
0800
0800
0800
0800
0800
1C00
2000
1C00
ENDCHAR
STARTCHAR uniA691
ENCODING 42641
SWIDTH 480 0
DWIDTH 8 0
BBX 7 11 1 -2
BITMAP
FE
20
20
20
20
20
20
30
70
80
70
ENDCHAR
STARTCHAR uniA692
ENCODING 42642
SWIDTH 841 0
DWIDTH 13 0
BBX 13 12 0 0
BITMAP
FF98
0818
0818
0818
0818
0C18
07F0
0018
0018
0018
0018
0018
ENDCHAR
STARTCHAR uniA693
ENCODING 42643
SWIDTH 664 0
DWIDTH 11 0
BBX 9 9 1 0
BITMAP
FE80
1080
1080
1080
1880
1F80
0080
0080
0080
ENDCHAR
STARTCHAR uniA694
ENCODING 42644
SWIDTH 680 0
DWIDTH 11 0
BBX 9 12 1 0
BITMAP
1000
6000
C000
4000
F800
4100
4180
4080
4080
4080
4080
4080
ENDCHAR
STARTCHAR uniA695
ENCODING 42645
SWIDTH 560 0
DWIDTH 9 0
BBX 7 13 1 0
BITMAP
20
70
60
40
48
FC
46
46
46
46
46
46
46
ENDCHAR
STARTCHAR uniA696
ENCODING 42646
SWIDTH 991 0
DWIDTH 16 0
BBX 15 15 1 -3
BITMAP
C310
C310
C310
C310
C310
C310
C310
C310
C310
C310
7FFC
FFFC
0806
07FC
03F8
ENDCHAR
STARTCHAR uniA697
ENCODING 42647
SWIDTH 860 0
DWIDTH 14 0
BBX 12 11 1 -2
BITMAP
4420
4420
4420
4420
4420
4420
4420
FFF0
FFF0
0410
0FF0
ENDCHAR
STARTCHAR uniA698
ENCODING 42648
SWIDTH 1167 0
DWIDTH 19 0
BBX 17 12 1 0
BITMAP
040800
3F3E00
61C180
40C080
C0C180
40C180
40C180
C0C180
61C180
61C180
3F3F00
1F3E00
ENDCHAR
STARTCHAR uniA699
ENCODING 42649
SWIDTH 961 0
DWIDTH 15 0
BBX 15 9 1 0
BITMAP
3CE0
7FF8
638C
C306
4306
C306
638C
3FFC
1C78
ENDCHAR
STARTCHAR uniA69A
ENCODING 42650
SWIDTH 687 0
DWIDTH 11 0
BBX 10 12 1 0
BITMAP
0400
1F00
6580
6580
C480
7FC0
4480
C480
64C0
6580
3F00
1F00
ENDCHAR
STARTCHAR uniA69B
ENCODING 42651
SWIDTH 570 0
DWIDTH 9 0
BBX 8 9 1 0
BITMAP
30
7E
6B
4B
FF
4B
6B
3F
1C
ENDCHAR
STARTCHAR uniA69C
ENCODING 42652
SWIDTH 469 0
DWIDTH 8 0
BBX 8 6 0 6
BITMAP
E0
20
38
26
23
3E
ENDCHAR
STARTCHAR uniA69D
ENCODING 42653
SWIDTH 395 0
DWIDTH 6 0
BBX 5 6 1 6
BITMAP
40
40
E0
58
48
F8
ENDCHAR
STARTCHAR uniA69F
ENCODING 42655
SWIDTH 0 0
DWIDTH 0 0
BBX 6 4 -7 10
BITMAP
9C
B0
A0
B4
ENDCHAR
STARTCHAR uniA700
ENCODING 42752
SWIDTH 287 0
DWIDTH 5 0
BBX 4 5 1 -3
BITMAP
10
40
80
80
70
ENDCHAR
STARTCHAR uniA701
ENCODING 42753
SWIDTH 287 0
DWIDTH 5 0
BBX 4 6 1 -4
BITMAP
10
60
80
40
70
70
ENDCHAR
STARTCHAR uniA702
ENCODING 42754
SWIDTH 288 0
DWIDTH 5 0
BBX 4 4 1 8
BITMAP
70
60
80
40
ENDCHAR
STARTCHAR uniA703
ENCODING 42755
SWIDTH 286 0
DWIDTH 5 0
BBX 4 6 1 6
BITMAP
70
60
80
40
00
70
ENDCHAR
STARTCHAR uniA704
ENCODING 42756
SWIDTH 287 0
DWIDTH 5 0
BBX 4 4 1 8
BITMAP
E0
10
10
20
ENDCHAR
STARTCHAR uniA705
ENCODING 42757
SWIDTH 291 0
DWIDTH 5 0
BBX 4 6 1 6
BITMAP
E0
10
10
20
00
70
ENDCHAR
STARTCHAR uniA706
ENCODING 42758
SWIDTH 287 0
DWIDTH 5 0
BBX 4 5 1 -3
BITMAP
40
20
10
10
E0
ENDCHAR
STARTCHAR uniA707
ENCODING 42759
SWIDTH 291 0
DWIDTH 5 0
BBX 4 6 1 -4
BITMAP
40
10
10
10
E0
70
ENDCHAR
STARTCHAR uniA708
ENCODING 42760
SWIDTH 359 0
DWIDTH 6 0
BBX 3 14 1 -2
BITMAP
A0
A0
20
20
20
20
20
20
20
20
20
20
20
20
ENDCHAR
STARTCHAR uniA709
ENCODING 42761
SWIDTH 359 0
DWIDTH 6 0
BBX 3 14 1 -2
BITMAP
20
20
20
A0
A0
20
20
20
20
20
20
20
20
20
ENDCHAR
STARTCHAR uniA70A
ENCODING 42762
SWIDTH 359 0
DWIDTH 6 0
BBX 3 14 1 -2
BITMAP
20
20
20
20
20
20
A0
A0
20
20
20
20
20
20
ENDCHAR
STARTCHAR uniA70B
ENCODING 42763
SWIDTH 359 0
DWIDTH 6 0
BBX 3 14 1 -2
BITMAP
20
20
20
20
20
20
20
20
20
A0
A0
20
20
20
ENDCHAR
STARTCHAR uniA70C
ENCODING 42764
SWIDTH 359 0
DWIDTH 6 0
BBX 3 14 1 -2
BITMAP
20
20
20
20
20
20
20
20
20
20
20
20
A0
A0
ENDCHAR
STARTCHAR uniA70D
ENCODING 42765
SWIDTH 339 0
DWIDTH 5 0
BBX 2 14 2 -2
BITMAP
C0
C0
80
80
80
80
80
80
80
80
80
80
80
80
ENDCHAR
STARTCHAR uniA70E
ENCODING 42766
SWIDTH 339 0
DWIDTH 5 0
BBX 2 14 2 -2
BITMAP
80
80
80
C0
C0
80
80
80
80
80
80
80
80
80
ENDCHAR
STARTCHAR uniA70F
ENCODING 42767
SWIDTH 339 0
DWIDTH 5 0
BBX 2 14 2 -2
BITMAP
80
80
80
80
80
80
C0
C0
80
80
80
80
80
80
ENDCHAR
STARTCHAR uniA710
ENCODING 42768
SWIDTH 339 0
DWIDTH 5 0
BBX 2 14 2 -2
BITMAP
80
80
80
80
80
80
80
80
80
C0
C0
80
80
80
ENDCHAR
STARTCHAR uniA711
ENCODING 42769
SWIDTH 339 0
DWIDTH 5 0
BBX 2 14 2 -2
BITMAP
80
80
80
80
80
80
80
80
80
80
80
80
C0
C0
ENDCHAR
STARTCHAR uniA712
ENCODING 42770
SWIDTH 441 0
DWIDTH 7 0
BBX 5 14 2 -2
BITMAP
F8
80
80
80
80
80
80
80
80
80
80
80
80
80
ENDCHAR
STARTCHAR uniA713
ENCODING 42771
SWIDTH 441 0
DWIDTH 7 0
BBX 5 14 2 -2
BITMAP
80
80
80
F8
80
80
80
80
80
80
80
80
80
80
ENDCHAR
STARTCHAR uniA714
ENCODING 42772
SWIDTH 441 0
DWIDTH 7 0
BBX 5 14 2 -2
BITMAP
80
80
80
80
80
80
F8
80
80
80
80
80
80
80
ENDCHAR
STARTCHAR uniA715
ENCODING 42773
SWIDTH 441 0
DWIDTH 7 0
BBX 5 14 2 -2
BITMAP
80
80
80
80
80
80
80
80
80
F8
F8
80
80
80
ENDCHAR
STARTCHAR uniA716
ENCODING 42774
SWIDTH 441 0
DWIDTH 7 0
BBX 5 14 2 -2
BITMAP
80
80
80
80
80
80
80
80
80
80
80
80
F8
F8
ENDCHAR
STARTCHAR uniA717
ENCODING 42775
SWIDTH 312 0
DWIDTH 5 0
BBX 4 6 1 6
BITMAP
10
10
10
D0
10
10
ENDCHAR
STARTCHAR uniA718
ENCODING 42776
SWIDTH 399 0
DWIDTH 6 0
BBX 5 6 1 5
BITMAP
08
D8
30
60
60
40
ENDCHAR
STARTCHAR uniA719
ENCODING 42777
SWIDTH 469 0
DWIDTH 8 0
BBX 6 4 2 7
BITMAP
20
20
00
FC
ENDCHAR
STARTCHAR uniA71A
ENCODING 42778
SWIDTH 405 0
DWIDTH 6 0
BBX 5 3 2 7
BITMAP
08
08
F8
ENDCHAR
STARTCHAR uniA71B
ENCODING 42779
SWIDTH 373 0
DWIDTH 6 0
BBX 6 6 1 6
BITMAP
20
70
6C
A4
20
20
ENDCHAR
STARTCHAR uniA71C
ENCODING 42780
SWIDTH 373 0
DWIDTH 6 0
BBX 6 6 1 6
BITMAP
20
20
A4
68
70
20
ENDCHAR
STARTCHAR uniA71D
ENCODING 42781
SWIDTH 192 0
DWIDTH 3 0
BBX 1 9 2 5
BITMAP
80
80
80
80
80
80
00
80
80
ENDCHAR
STARTCHAR uniA71E
ENCODING 42782
SWIDTH 192 0
DWIDTH 3 0
BBX 1 8 2 6
BITMAP
80
00
80
80
80
80
80
80
ENDCHAR
STARTCHAR uniA71F
ENCODING 42783
SWIDTH 192 0
DWIDTH 3 0
BBX 1 9 2 3
BITMAP
80
80
00
80
80
80
80
80
80
ENDCHAR
STARTCHAR uniA720
ENCODING 42784
SWIDTH 621 0
DWIDTH 10 0
BBX 9 6 1 8
BITMAP
8000
F000
5F00
4B80
4000
4000
ENDCHAR
STARTCHAR uniA721
ENCODING 42785
SWIDTH 621 0
DWIDTH 10 0
BBX 8 6 2 -3
BITMAP
80
80
90
D0
7C
0F
ENDCHAR
STARTCHAR uniA722
ENCODING 42786
SWIDTH 313 0
DWIDTH 5 0
BBX 5 11 1 1
BITMAP
80
60
18
30
70
00
E0
70
18
70
80
ENDCHAR
STARTCHAR uniA723
ENCODING 42787
SWIDTH 275 0
DWIDTH 4 0
BBX 4 9 1 0
BITMAP
80
60
30
E0
00
60
20
E0
E0
ENDCHAR
STARTCHAR uniA724
ENCODING 42788
SWIDTH 317 0
DWIDTH 5 0
BBX 4 7 1 5
BITMAP
10
60
40
C0
E0
70
10
ENDCHAR
STARTCHAR uniA725
ENCODING 42789
SWIDTH 273 0
DWIDTH 4 0
BBX 3 5 2 4
BITMAP
20
C0
80
C0
40
ENDCHAR
STARTCHAR uniA726
ENCODING 42790
SWIDTH 712 0
DWIDTH 11 0
BBX 9 15 1 -3
BITMAP
4180
4180
4180
4180
4180
FF80
4180
4180
4180
4180
4180
4180
0180
0180
0780
ENDCHAR
STARTCHAR uniA727
ENCODING 42791
SWIDTH 560 0
DWIDTH 9 0
BBX 6 15 2 -3
BITMAP
80
80
80
90
FC
8C
8C
8C
8C
8C
8C
8C
0C
0C
3C
ENDCHAR
STARTCHAR uniA728
ENCODING 42792
SWIDTH 776 0
DWIDTH 12 0
BBX 11 15 0 -3
BITMAP
FF80
0800
0800
0FE0
0860
08C0
08C0
0980
0B00
08E0
0860
0820
0820
0C20
07C0
ENDCHAR
STARTCHAR uniA729
ENCODING 42793
SWIDTH 705 0
DWIDTH 11 0
BBX 10 14 1 -3
BITMAP
4000
4000
FFC0
4180
4180
4300
4600
4600
4380
7040
70C0
1040
18C0
0F80
ENDCHAR
STARTCHAR uniA72A
ENCODING 42794
SWIDTH 531 0
DWIDTH 8 0
BBX 8 12 1 0
BITMAP
08
7C
C3
C0
60
78
30
60
40
C2
7E
3C
ENDCHAR
STARTCHAR uniA72B
ENCODING 42795
SWIDTH 542 0
DWIDTH 9 0
BBX 8 12 1 -2
BITMAP
7F
7F
60
30
18
18
40
40
40
C0
61
3F
ENDCHAR
STARTCHAR uniA72C
ENCODING 42796
SWIDTH 505 0
DWIDTH 8 0
BBX 7 12 0 0
BITMAP
06
0E
0E
0E
36
26
26
66
FE
06
0E
0E
ENDCHAR
STARTCHAR uniA72D
ENCODING 42797
SWIDTH 510 0
DWIDTH 8 0
BBX 7 12 0 -3
BITMAP
06
0E
0E
16
36
36
46
FE
FE
06
06
0E
ENDCHAR
STARTCHAR uniA72E
ENCODING 42798
SWIDTH 629 0
DWIDTH 10 0
BBX 9 13 1 -1
BITMAP
0C00
1C00
1C00
1C00
6C00
4C00
4C00
CC00
FF00
0C00
1D00
1D80
0300
ENDCHAR
STARTCHAR uniA72F
ENCODING 42799
SWIDTH 622 0
DWIDTH 10 0
BBX 8 13 1 -4
BITMAP
0C
1C
1C
2C
6C
6C
8C
FF
FF
0D
0D
1F
01
ENDCHAR
STARTCHAR uniA730
ENCODING 42800
SWIDTH 419 0
DWIDTH 7 0
BBX 6 9 1 0
BITMAP
7C
40
40
40
F8
40
40
40
40
ENDCHAR
STARTCHAR uniA731
ENCODING 42801
SWIDTH 516 0
DWIDTH 8 0
BBX 6 9 2 0
BITMAP
20
5C
CC
C0
78
0C
8C
FC
78
ENDCHAR
STARTCHAR uniA732
ENCODING 42802
SWIDTH 1037 0
DWIDTH 17 0
BBX 17 12 0 0
BITMAP
0C1800
0C1800
0E3800
0A6800
114400
1B6600
114400
3FFE00
3FFF00
208100
60C300
C06180
ENDCHAR
STARTCHAR uniA733
ENCODING 42803
SWIDTH 871 0
DWIDTH 14 0
BBX 13 9 1 0
BITMAP
3040
7FE0
0630
0E70
3BD8
C618
4618
7FF8
79D8
ENDCHAR
STARTCHAR uniA734
ENCODING 42804
SWIDTH 1084 0
DWIDTH 17 0
BBX 17 12 0 0
BITMAP
0C0800
0C7C00
0EC300
0B8300
138100
198100
118100
3F8100
3FC180
20C300
607E00
C07C00
ENDCHAR
STARTCHAR uniA735
ENCODING 42805
SWIDTH 905 0
DWIDTH 14 0
BBX 13 9 2 0
BITMAP
7080
DFF0
0E30
1C18
7C18
C618
8630
FFF0
F1E0
ENDCHAR
STARTCHAR uniA736
ENCODING 42806
SWIDTH 1041 0
DWIDTH 17 0
BBX 16 12 0 0
BITMAP
0183
0383
03C3
06C3
06C3
0CC3
18C3
1FC3
3F83
30C3
607F
C078
ENDCHAR
STARTCHAR uniA737
ENCODING 42807
SWIDTH 864 0
DWIDTH 14 0
BBX 12 9 2 0
BITMAP
6030
DC30
0C30
1C30
7C30
CC30
8C30
FFF0
F3F0
ENDCHAR
STARTCHAR uniA738
ENCODING 42808
SWIDTH 907 0
DWIDTH 15 0
BBX 15 12 0 0
BITMAP
0606
0C0C
0E0C
0B0C
1118
1B18
1130
3F90
7FB0
20E0
6060
C060
ENDCHAR
STARTCHAR uniA739
ENCODING 42809
SWIDTH 772 0
DWIDTH 12 0
BBX 12 9 1 0
BITMAP
3030
6E20
0640
0E40
3E80
C680
4700
FF00
3F00
ENDCHAR
STARTCHAR uniA73A
ENCODING 42810
SWIDTH 907 0
DWIDTH 15 0
BBX 15 12 0 0
BITMAP
0606
0C0C
0E0C
0B0C
1118
1B18
3FF0
2090
60F0
20E0
6060
C060
ENDCHAR
STARTCHAR uniA73B
ENCODING 42811
SWIDTH 772 0
DWIDTH 12 0
BBX 12 9 1 0
BITMAP
3030
6E20
0640
0FC0
3E80
C680
4700
FF00
3F00
ENDCHAR
STARTCHAR uniA73C
ENCODING 42812
SWIDTH 914 0
DWIDTH 15 0
BBX 15 15 0 -3
BITMAP
0C06
0C0C
0E0C
0A0C
1118
1B18
1118
3FB0
7FB0
20E0
6060
C060
00C0
01C0
0180
ENDCHAR
STARTCHAR uniA73D
ENCODING 42813
SWIDTH 772 0
DWIDTH 12 0
BBX 12 12 1 -3
BITMAP
3030
6E20
0640
0E40
3E80
C680
4700
7F00
7300
0600
0600
1800
ENDCHAR
STARTCHAR uniA73E
ENCODING 42814
SWIDTH 651 0
DWIDTH 10 0
BBX 9 12 1 0
BITMAP
0800
7E00
6180
C180
0180
0D80
0D80
0180
4180
6180
3F00
7E00
ENDCHAR
STARTCHAR uniA73F
ENCODING 42815
SWIDTH 523 0
DWIDTH 8 0
BBX 6 9 2 0
BITMAP
20
7C
CC
24
34
04
8C
FC
78
ENDCHAR
STARTCHAR uniA740
ENCODING 42816
SWIDTH 663 0
DWIDTH 11 0
BBX 11 12 0 0
BITMAP
20C0
2180
F980
2300
2600
2E00
3E00
3300
2180
2180
20C0
2060
ENDCHAR
STARTCHAR uniA741
ENCODING 42817
SWIDTH 554 0
DWIDTH 9 0
BBX 9 12 0 0
BITMAP
2000
F800
F800
2300
2300
2600
2C00
3C00
2600
2300
2180
2180
ENDCHAR
STARTCHAR uniA742
ENCODING 42818
SWIDTH 626 0
DWIDTH 10 0
BBX 9 12 1 0
BITMAP
4180
4300
4600
4C00
5800
7000
FA00
CE00
4E00
4B00
4180
4180
ENDCHAR
STARTCHAR uniA743
ENCODING 42819
SWIDTH 515 0
DWIDTH 8 0
BBX 8 12 1 0
BITMAP
40
40
40
46
4C
58
72
F6
4C
5C
56
43
ENDCHAR
STARTCHAR uniA744
ENCODING 42820
SWIDTH 663 0
DWIDTH 11 0
BBX 11 12 0 0
BITMAP
20C0
2180
F980
2300
2600
2E00
3EC0
3380
2380
2380
20C0
2060
ENDCHAR
STARTCHAR uniA745
ENCODING 42821
SWIDTH 562 0
DWIDTH 9 0
BBX 9 12 0 0
BITMAP
2000
F800
F800
2300
2300
2600
2D00
3D80
2600
2700
2580
2180
ENDCHAR
STARTCHAR uniA746
ENCODING 42822
SWIDTH 623 0
DWIDTH 10 0
BBX 7 12 2 0
BITMAP
80
80
80
80
80
E0
40
40
40
40
7E
7E
ENDCHAR
STARTCHAR uniA747
ENCODING 42823
SWIDTH 302 0
DWIDTH 5 0
BBX 3 12 2 0
BITMAP
80
80
80
80
80
E0
40
40
40
40
40
40
ENDCHAR
STARTCHAR uniA748
ENCODING 42824
SWIDTH 574 0
DWIDTH 9 0
BBX 9 12 0 0
BITMAP
2000
F800
2000
2000
2000
2000
2000
2000
2000
2000
3F80
3F80
ENDCHAR
STARTCHAR uniA749
ENCODING 42825
SWIDTH 332 0
DWIDTH 5 0
BBX 5 12 0 0
BITMAP
20
F8
20
20
20
20
20
20
20
20
20
20
ENDCHAR
STARTCHAR uniA74A
ENCODING 42826
SWIDTH 786 0
DWIDTH 13 0
BBX 12 12 1 0
BITMAP
0400
1B80
30C0
20C0
40C0
FFF0
40C0
40C0
60C0
30C0
1F80
1E00
ENDCHAR
STARTCHAR uniA74B
ENCODING 42827
SWIDTH 641 0
DWIDTH 10 0
BBX 10 9 0 0
BITMAP
0400
3F00
3180
6180
FFC0
60C0
3180
3F00
3F00
ENDCHAR
STARTCHAR uniA74C
ENCODING 42828
SWIDTH 739 0
DWIDTH 12 0
BBX 11 12 1 0
BITMAP
0480
3F20
61A0
40E0
C080
4080
4080
C080
60C0
6180
3F00
1F00
ENDCHAR
STARTCHAR uniA74D
ENCODING 42829
SWIDTH 634 0
DWIDTH 10 0
BBX 10 9 1 0
BITMAP
3F80
7E40
6340
C300
4300
C300
6300
3F00
1C00
ENDCHAR
STARTCHAR uniA74E
ENCODING 42830
SWIDTH 1166 0
DWIDTH 19 0
BBX 17 12 1 0
BITMAP
040800
3F3E00
61C180
40C080
C0C180
408180
408180
C0C180
60C180
61C180
3F3F00
1F3E00
ENDCHAR
STARTCHAR uniA74F
ENCODING 42831
SWIDTH 960 0
DWIDTH 15 0
BBX 15 9 1 0
BITMAP
30E0
7FF8
638C
C306
4306
C306
638C
3FFC
1C70
ENDCHAR
STARTCHAR uniA750
ENCODING 42832
SWIDTH 667 0
DWIDTH 11 0
BBX 11 12 0 0
BITMAP
3C00
2380
20C0
2060
2060
20C0
3F80
2000
F800
2000
2000
2000
ENDCHAR
STARTCHAR uniA751
ENCODING 42833
SWIDTH 613 0
DWIDTH 10 0
BBX 10 12 0 -3
BITMAP
2200
3F00
2180
20C0
20C0
20C0
2180
3F00
3E00
F800
2000
2000
ENDCHAR
STARTCHAR uniA752
ENCODING 42834
SWIDTH 743 0
DWIDTH 12 0
BBX 11 12 1 0
BITMAP
3C00
1380
10C0
1060
1060
10C0
3F80
9000
9000
9000
1000
1000
ENDCHAR
STARTCHAR uniA753
ENCODING 42835
SWIDTH 687 0
DWIDTH 11 0
BBX 10 12 1 -3
BITMAP
1200
3F00
1180
10C0
1080
10C0
3180
FF00
BF00
9000
1000
1000
ENDCHAR
STARTCHAR uniA754
ENCODING 42836
SWIDTH 755 0
DWIDTH 12 0
BBX 12 12 0 0
BITMAP
8F00
68E0
2860
4830
4820
4860
7FC0
0800
0800
0800
0800
0800
ENDCHAR
STARTCHAR uniA755
ENCODING 42837
SWIDTH 693 0
DWIDTH 11 0
BBX 11 12 0 -3
BITMAP
5100
7F80
68C0
4860
4860
4860
C8C0
3FC0
0FC0
0800
0800
0800
ENDCHAR
STARTCHAR uniA756
ENCODING 42838
SWIDTH 690 0
DWIDTH 11 0
BBX 10 14 1 -2
BITMAP
0400
1F00
6180
4180
C080
4080
4080
C080
60C0
6180
3F40
1FC0
0180
03C0
ENDCHAR
STARTCHAR uniA757
ENCODING 42839
SWIDTH 612 0
DWIDTH 10 0
BBX 9 12 1 -3
BITMAP
1200
7E00
6200
4200
4200
C200
6200
7E00
1F00
0F80
0200
0200
ENDCHAR
STARTCHAR uniA758
ENCODING 42840
SWIDTH 838 0
DWIDTH 13 0
BBX 13 14 1 -2
BITMAP
0400
1F00
6180
4180
C080
4090
4098
C088
60C8
61B0
3F60
1FC0
0180
03C0
ENDCHAR
STARTCHAR uniA759
ENCODING 42841
SWIDTH 697 0
DWIDTH 11 0
BBX 11 12 1 -3
BITMAP
1200
7E00
6240
4260
4220
C240
62C0
3F80
1F00
0600
0E00
0200
ENDCHAR
STARTCHAR uniA75A
ENCODING 42842
SWIDTH 509 0
DWIDTH 8 0
BBX 7 12 1 0
BITMAP
60
FC
0C
04
04
04
0C
30
18
0C
06
06
ENDCHAR
STARTCHAR uniA75B
ENCODING 42843
SWIDTH 402 0
DWIDTH 6 0
BBX 6 9 1 0
BITMAP
C0
F0
18
08
18
60
30
18
0C
ENDCHAR
STARTCHAR uniA75C
ENCODING 42844
SWIDTH 625 0
DWIDTH 10 0
BBX 9 15 1 -3
BITMAP
2000
B800
0C00
0400
0800
0C00
1800
1E00
6600
C600
FF80
FF80
0600
0600
0600
ENDCHAR
STARTCHAR uniA75D
ENCODING 42845
SWIDTH 625 0
DWIDTH 10 0
BBX 9 16 1 -3
BITMAP
2000
F800
0C00
0800
0800
0C00
1800
1000
3200
6200
C200
FF80
FF80
0200
0200
0200
ENDCHAR
STARTCHAR uniA75E
ENCODING 42846
SWIDTH 636 0
DWIDTH 10 0
BBX 10 13 0 0
BITMAP
0300
C1C0
62C0
66C0
6380
3580
1700
1D00
1A00
0E00
1A00
1C00
1C00
ENDCHAR
STARTCHAR uniA75F
ENCODING 42847
SWIDTH 484 0
DWIDTH 8 0
BBX 7 10 0 0
BITMAP
04
CA
5E
2A
74
3C
14
38
78
28
ENDCHAR
STARTCHAR uniA760
ENCODING 42848
SWIDTH 886 0
DWIDTH 14 0
BBX 14 15 0 -3
BITMAP
C108
630C
4318
2288
2488
64D0
2C98
2450
18D0
3860
1860
1060
0020
0060
00C0
ENDCHAR
STARTCHAR uniA761
ENCODING 42849
SWIDTH 835 0
DWIDTH 13 0
BBX 13 12 0 -3
BITMAP
C318
4708
2390
64B0
2D90
14A0
38E0
1860
0840
00C0
00C0
0180
ENDCHAR
STARTCHAR uniA762
ENCODING 42850
SWIDTH 562 0
DWIDTH 9 0
BBX 7 15 2 0
BITMAP
F8
C6
82
80
C0
7E
0C
18
30
1C
06
86
C6
FE
7C
ENDCHAR
STARTCHAR uniA763
ENCODING 42851
SWIDTH 571 0
DWIDTH 9 0
BBX 8 17 1 -3
BITMAP
08
7C
63
43
40
60
3F
06
0C
18
18
0E
03
03
C3
63
3E
ENDCHAR
STARTCHAR uniA764
ENCODING 42852
SWIDTH 633 0
DWIDTH 10 0
BBX 9 12 0 0
BITMAP
2000
F800
2000
3C00
2080
2080
2080
2180
3F00
2000
2000
2000
ENDCHAR
STARTCHAR uniA765
ENCODING 42853
SWIDTH 612 0
DWIDTH 10 0
BBX 10 15 0 -3
BITMAP
2000
F800
2000
2200
3F00
2180
20C0
20C0
20C0
2180
3F80
2F00
2000
2000
2000
ENDCHAR
STARTCHAR uniA766
ENCODING 42854
SWIDTH 633 0
DWIDTH 10 0
BBX 9 13 0 -1
BITMAP
2000
2000
3C00
3F00
2180
2080
2080
2180
3F00
2000
F800
F800
2000
ENDCHAR
STARTCHAR uniA767
ENCODING 42855
SWIDTH 613 0
DWIDTH 10 0
BBX 10 15 0 -3
BITMAP
2000
2000
2000
2200
3B80
2180
20C0
20C0
20C0
2180
3F00
3E00
F800
F800
2000
ENDCHAR
STARTCHAR uniA768
ENCODING 42856
SWIDTH 532 0
DWIDTH 9 0
BBX 8 15 1 -3
BITMAP
43
46
46
4C
4C
58
58
70
60
E0
60
C0
40
40
40
ENDCHAR
STARTCHAR uniA769
ENCODING 42857
SWIDTH 451 0
DWIDTH 7 0
BBX 6 12 1 -3
BITMAP
4C
44
4C
48
58
50
60
E0
60
C0
40
40
ENDCHAR
STARTCHAR uniA76A
ENCODING 42858
SWIDTH 503 0
DWIDTH 8 0
BBX 7 12 1 0
BITMAP
20
F8
CC
0C
0C
3C
30
0C
06
0C
FC
E0
ENDCHAR
STARTCHAR uniA76B
ENCODING 42859
SWIDTH 464 0
DWIDTH 7 0
BBX 7 12 0 -3
BITMAP
10
78
06
04
0C
3C
1E
06
02
06
FC
7C
ENDCHAR
STARTCHAR uniA76C
ENCODING 42860
SWIDTH 539 0
DWIDTH 9 0
BBX 8 12 1 0
BITMAP
04
1E
19
1B
FE
18
18
18
18
18
70
70
ENDCHAR
STARTCHAR uniA76D
ENCODING 42861
SWIDTH 529 0
DWIDTH 8 0
BBX 8 16 1 -3
BITMAP
04
1E
1B
19
FE
18
18
18
18
18
18
18
18
18
30
70
ENDCHAR
STARTCHAR uniA76E
ENCODING 42862
SWIDTH 586 0
DWIDTH 9 0
BBX 8 12 1 0
BITMAP
08
3E
63
C3
43
63
67
3D
03
06
3C
10
ENDCHAR
STARTCHAR uniA76F
ENCODING 42863
SWIDTH 581 0
DWIDTH 9 0
BBX 7 12 2 -3
BITMAP
78
FC
C6
86
86
C6
CE
72
06
1C
3C
30
ENDCHAR
STARTCHAR uniA770
ENCODING 42864
SWIDTH 453 0
DWIDTH 7 0
BBX 7 9 1 3
BITMAP
10
78
CC
46
66
7C
0C
1C
20
ENDCHAR
STARTCHAR uniA771
ENCODING 42865
SWIDTH 706 0
DWIDTH 11 0
BBX 11 15 1 -3
BITMAP
0200
0200
0200
1200
3F00
6240
4260
4240
C280
63C0
7DC0
1980
0180
0100
0200
ENDCHAR
STARTCHAR uniA772
ENCODING 42866
SWIDTH 384 0
DWIDTH 6 0
BBX 5 15 1 -3
BITMAP
40
40
40
40
40
48
50
58
50
E0
70
30
40
60
40
ENDCHAR
STARTCHAR uniA773
ENCODING 42867
SWIDTH 1022 0
DWIDTH 16 0
BBX 16 12 1 -3
BITMAP
48C0
FFF0
4333
461A
461C
461E
461C
461C
460E
0008
0010
0018
ENDCHAR
STARTCHAR uniA774
ENCODING 42868
SWIDTH 697 0
DWIDTH 11 0
BBX 9 12 2 -3
BITMAP
9000
FC00
CC80
8C80
8D00
8D00
8700
8700
8700
0200
0400
0C00
ENDCHAR
STARTCHAR uniA775
ENCODING 42869
SWIDTH 433 0
DWIDTH 7 0
BBX 5 11 2 0
BITMAP
08
10
98
F8
A0
B0
80
80
80
80
80
ENDCHAR
STARTCHAR uniA776
ENCODING 42870
SWIDTH 665 0
DWIDTH 11 0
BBX 10 12 1 -3
BITMAP
7000
4E00
4340
4380
FC80
4500
4700
43C0
43C0
0200
0600
0400
ENDCHAR
STARTCHAR uniA777
ENCODING 42871
SWIDTH 436 0
DWIDTH 7 0
BBX 7 11 0 0
BITMAP
22
24
FE
24
28
28
20
20
20
38
38
ENDCHAR
STARTCHAR uniA778
ENCODING 42872
SWIDTH 546 0
DWIDTH 9 0
BBX 8 12 1 0
BITMAP
10
3C
CC
46
3C
18
36
32
63
C6
FE
F0
ENDCHAR
STARTCHAR uniA779
ENCODING 42873
SWIDTH 688 0
DWIDTH 11 0
BBX 10 13 1 0
BITMAP
1000
1F00
0700
3F80
6180
40C0
C080
4080
C0C0
6180
6180
3F80
1F00
ENDCHAR
STARTCHAR uniA77A
ENCODING 42874
SWIDTH 577 0
DWIDTH 9 0
BBX 8 11 2 0
BITMAP
40
38
3C
62
EE
C3
83
86
C6
FE
78
ENDCHAR
STARTCHAR uniA77B
ENCODING 42875
SWIDTH 583 0
DWIDTH 9 0
BBX 7 15 2 -3
BITMAP
F0
FE
80
80
80
80
80
80
80
80
FC
FC
80
80
80
ENDCHAR
STARTCHAR uniA77C
ENCODING 42876
SWIDTH 433 0
DWIDTH 7 0
BBX 6 12 1 -3
BITMAP
4C
F0
60
40
40
40
40
7C
7C
40
40
40
ENDCHAR
STARTCHAR uniA77D
ENCODING 42877
SWIDTH 611 0
DWIDTH 10 0
BBX 8 12 2 0
BITMAP
FF
60
C0
C0
C0
70
0E
03
C3
C3
FE
3E
ENDCHAR
STARTCHAR uniA77E
ENCODING 42878
SWIDTH 611 0
DWIDTH 10 0
BBX 9 12 1 0
BITMAP
0800
3E00
6300
4100
6000
7800
3E00
0F00
0300
0180
FF80
FF80
ENDCHAR
STARTCHAR uniA77F
ENCODING 42879
SWIDTH 502 0
DWIDTH 8 0
BBX 8 12 1 -3
BITMAP
10
6C
C6
40
60
30
0C
06
06
02
06
7F
ENDCHAR
STARTCHAR uniA780
ENCODING 42880
SWIDTH 537 0
DWIDTH 9 0
BBX 8 11 0 1
BITMAP
FE
03
03
03
03
03
03
03
03
03
03
ENDCHAR
STARTCHAR uniA781
ENCODING 42881
SWIDTH 230 0
DWIDTH 4 0
BBX 1 12 2 -3
BITMAP
80
80
80
80
80
80
80
80
80
80
80
80
ENDCHAR
STARTCHAR uniA782
ENCODING 42882
SWIDTH 688 0
DWIDTH 11 0
BBX 9 15 1 -3
BITMAP
7800
FF00
4180
4080
4080
4080
4080
4080
4080
4080
4080
4080
4000
4000
4000
ENDCHAR
STARTCHAR uniA783
ENCODING 42883
SWIDTH 551 0
DWIDTH 9 0
BBX 6 12 2 -3
BITMAP
90
FC
CC
8C
8C
8C
8C
8C
8C
80
80
80
ENDCHAR
STARTCHAR uniA784
ENCODING 42884
SWIDTH 424 0
DWIDTH 7 0
BBX 6 15 1 -3
BITMAP
5C
F8
40
40
40
40
40
40
40
40
40
40
40
40
40
ENDCHAR
STARTCHAR uniA785
ENCODING 42885
SWIDTH 338 0
DWIDTH 5 0
BBX 4 12 2 -3
BITMAP
90
E0
80
80
80
80
80
80
80
80
80
80
ENDCHAR
STARTCHAR uniA786
ENCODING 42886
SWIDTH 667 0
DWIDTH 11 0
BBX 9 12 1 0
BITMAP
FF80
3800
3000
6000
C000
C000
C000
C000
C180
6080
7F00
1E00
ENDCHAR
STARTCHAR uniA787
ENCODING 42887
SWIDTH 534 0
DWIDTH 9 0
BBX 8 9 1 0
BITMAP
7F
30
20
40
C0
C0
61
7E
1C
ENDCHAR
STARTCHAR uniA788
ENCODING 42888
SWIDTH 373 0
DWIDTH 6 0
BBX 3 2 2 -2
BITMAP
60
A0
ENDCHAR
STARTCHAR uniA789
ENCODING 42889
SWIDTH 178 0
DWIDTH 3 0
BBX 1 6 2 3
BITMAP
80
00
00
00
00
80
ENDCHAR
STARTCHAR uniA78A
ENCODING 42890
SWIDTH 345 0
DWIDTH 6 0
BBX 4 4 2 4
BITMAP
F0
F0
00
F0
ENDCHAR
STARTCHAR uniA78B
ENCODING 42891
SWIDTH 146 0
DWIDTH 2 0
BBX 1 6 2 7
BITMAP
80
80
80
80
80
80
ENDCHAR
STARTCHAR uniA78C
ENCODING 42892
SWIDTH 146 0
DWIDTH 2 0
BBX 1 4 2 6
BITMAP
80
80
80
80
ENDCHAR
STARTCHAR uniA78D
ENCODING 42893
SWIDTH 681 0
DWIDTH 11 0
BBX 8 12 2 0
BITMAP
81
81
81
81
81
81
FF
01
01
01
01
01
ENDCHAR
STARTCHAR uniA78E
ENCODING 42894
SWIDTH 451 0
DWIDTH 7 0
BBX 6 12 1 0
BITMAP
30
30
30
70
B0
B0
FC
30
30
30
1C
1C
ENDCHAR
STARTCHAR uniA78F
ENCODING 42895
SWIDTH 336 0
DWIDTH 5 0
BBX 3 3 2 5
BITMAP
E0
E0
E0
ENDCHAR
STARTCHAR uniA790
ENCODING 42896
SWIDTH 749 0
DWIDTH 12 0
BBX 11 14 1 -2
BITMAP
C180
6180
7180
7180
5980
4D80
4D80
4780
4380
4380
41C0
40E0
0040
0040
ENDCHAR
STARTCHAR uniA791
ENCODING 42897
SWIDTH 589 0
DWIDTH 9 0
BBX 8 11 2 -2
BITMAP
90
FC
CC
8C
8C
8C
8C
87
87
03
03
ENDCHAR
STARTCHAR uniA792
ENCODING 42898
SWIDTH 704 0
DWIDTH 11 0
BBX 11 12 0 0
BITMAP
0200
0F80
18C0
1060
2000
F800
2000
2000
3020
1860
0FC0
0F80
ENDCHAR
STARTCHAR uniA793
ENCODING 42899
SWIDTH 583 0
DWIDTH 9 0
BBX 9 9 0 0
BITMAP
0400
1F00
3180
2000
F800
3000
3180
1F80
1E00
ENDCHAR
STARTCHAR uniA794
ENCODING 42900
SWIDTH 523 0
DWIDTH 8 0
BBX 8 12 1 -3
BITMAP
30
7C
63
40
40
C0
62
3F
3F
02
02
06
ENDCHAR
STARTCHAR uniA795
ENCODING 42901
SWIDTH 582 0
DWIDTH 9 0
BBX 8 15 2 -3
BITMAP
80
80
80
90
FC
CC
8C
8C
8C
8C
8E
8E
03
03
0C
ENDCHAR
STARTCHAR uniA796
ENCODING 42902
SWIDTH 736 0
DWIDTH 12 0
BBX 11 12 0 0
BITMAP
1E00
09C0
0860
0840
08C0
1FC0
6980
C840
4860
0860
1FC0
1E00
ENDCHAR
STARTCHAR uniA797
ENCODING 42903
SWIDTH 691 0
DWIDTH 11 0
BBX 9 12 2 0
BITMAP
2000
2000
2000
2400
3F00
2180
E180
A180
A180
A180
BF00
AE00
ENDCHAR
STARTCHAR uniA798
ENCODING 42904
SWIDTH 626 0
DWIDTH 10 0
BBX 10 15 0 -3
BITMAP
1FC0
1800
1800
1800
1800
FF80
FF80
1800
1800
1800
1800
1800
1800
1800
7000
ENDCHAR
STARTCHAR uniA799
ENCODING 42905
SWIDTH 347 0
DWIDTH 6 0
BBX 6 13 0 0
BITMAP
08
1C
30
30
F8
30
30
F8
30
30
30
30
30
ENDCHAR
STARTCHAR uniA79A
ENCODING 42906
SWIDTH 634 0
DWIDTH 10 0
BBX 10 12 1 0
BITMAP
0900
3F80
6300
C100
6100
7900
3100
C100
4100
6180
7F80
1FC0
ENDCHAR
STARTCHAR uniA79B
ENCODING 42907
SWIDTH 543 0
DWIDTH 9 0
BBX 8 9 1 0
BITMAP
0E
46
C2
62
7A
C2
42
7F
7F
ENDCHAR
STARTCHAR uniA79C
ENCODING 42908
SWIDTH 649 0
DWIDTH 10 0
BBX 9 12 1 0
BITMAP
0800
7E00
6180
C080
6180
7980
3180
C180
4180
6180
3F00
7E00
ENDCHAR
STARTCHAR uniA79D
ENCODING 42909
SWIDTH 525 0
DWIDTH 8 0
BBX 8 9 1 0
BITMAP
10
4E
C6
63
7A
C3
46
FE
3C
ENDCHAR
STARTCHAR uniA79E
ENCODING 42910
SWIDTH 621 0
DWIDTH 10 0
BBX 9 12 1 0
BITMAP
C100
6100
3100
3100
1900
1900
3900
6100
6100
6180
3F00
3F00
ENDCHAR
STARTCHAR uniA79F
ENCODING 42911
SWIDTH 537 0
DWIDTH 9 0
BBX 7 9 1 0
BITMAP
C4
C4
64
64
34
44
C6
FC
7C
ENDCHAR
STARTCHAR uniA7A0
ENCODING 42912
SWIDTH 740 0
DWIDTH 12 0
BBX 11 12 1 0
BITMAP
0400
3F00
6180
60C0
63E0
6F00
7800
E780
60C0
60C0
3F80
1F00
ENDCHAR
STARTCHAR uniA7A1
ENCODING 42913
SWIDTH 619 0
DWIDTH 10 0
BBX 9 12 1 -3
BITMAP
1200
3F00
6200
C380
5F00
E200
C200
3F00
3F00
4200
7600
3C00
ENDCHAR
STARTCHAR uniA7A2
ENCODING 42914
SWIDTH 643 0
DWIDTH 10 0
BBX 11 12 0 0
BITMAP
30C0
3180
3300
3600
3C00
3C00
3E00
37C0
3F00
E180
30C0
3060
ENDCHAR
STARTCHAR uniA7A3
ENCODING 42915
SWIDTH 537 0
DWIDTH 9 0
BBX 9 12 0 0
BITMAP
3000
3000
3000
3300
3600
3C00
3800
3C80
3780
7B00
B300
3180
ENDCHAR
STARTCHAR uniA7A4
ENCODING 42916
SWIDTH 748 0
DWIDTH 12 0
BBX 11 12 1 0
BITMAP
6080
7080
7080
7880
78A0
6FC0
7E80
E680
6380
61C0
6180
60C0
ENDCHAR
STARTCHAR uniA7A5
ENCODING 42917
SWIDTH 621 0
DWIDTH 10 0
BBX 10 9 0 0
BITMAP
3400
3F80
3980
31C0
3F00
E100
3100
3100
3100
ENDCHAR
STARTCHAR uniA7A6
ENCODING 42918
SWIDTH 680 0
DWIDTH 11 0
BBX 11 12 0 0
BITMAP
3C00
3700
30E0
37C0
7080
B180
3F00
3300
3180
3180
30C0
30C0
ENDCHAR
STARTCHAR uniA7A7
ENCODING 42919
SWIDTH 365 0
DWIDTH 6 0
BBX 6 9 0 0
BITMAP
34
3C
30
30
3C
E0
30
30
30
ENDCHAR
STARTCHAR uniA7A8
ENCODING 42920
SWIDTH 689 0
DWIDTH 11 0
BBX 11 12 0 0
BITMAP
0300
1F80
30C0
2000
30E0
3F00
7300
80C0
60C0
3040
3F80
0F80
ENDCHAR
STARTCHAR uniA7A9
ENCODING 42921
SWIDTH 571 0
DWIDTH 9 0
BBX 9 9 1 0
BITMAP
1000
2E00
C600
6780
7C00
8600
4600
7E00
7C00
ENDCHAR
STARTCHAR uniA7AA
ENCODING 42922
SWIDTH 808 0
DWIDTH 13 0
BBX 11 12 1 0
BITMAP
3020
E020
A020
2020
2020
3FE0
2020
2020
2020
2020
2020
2020
ENDCHAR
STARTCHAR uniA7AB
ENCODING 42923
SWIDTH 593 0
DWIDTH 10 0
BBX 8 12 2 0
BITMAP
70
FC
C6
03
06
3E
0C
03
82
C3
FE
7C
ENDCHAR
STARTCHAR uniA7AC
ENCODING 42924
SWIDTH 680 0
DWIDTH 11 0
BBX 10 15 1 -3
BITMAP
0580
3F80
6180
4180
C180
4180
4180
C180
6180
6180
3FC0
3F80
2180
7300
1F00
ENDCHAR
STARTCHAR uniA7AD
ENCODING 42925
SWIDTH 679 0
DWIDTH 11 0
BBX 10 12 1 0
BITMAP
3000
3000
3000
3800
B800
B000
FC00
3000
3000
3000
1FC0
1FC0
ENDCHAR
STARTCHAR uniA7B0
ENCODING 42928
SWIDTH 626 0
DWIDTH 10 0
BBX 8 12 1 0
BITMAP
C3
C3
63
33
1B
1F
0F
1B
33
33
63
C3
ENDCHAR
STARTCHAR uniA7B1
ENCODING 42929
SWIDTH 596 0
DWIDTH 10 0
BBX 9 12 0 0
BITMAP
0800
0800
0800
0800
0800
0800
0800
0800
0800
0800
FF80
FF80
ENDCHAR
STARTCHAR uniA7F7
ENCODING 42999
SWIDTH 760 0
DWIDTH 12 0
BBX 11 2 1 5
BITMAP
FFE0
FFE0
ENDCHAR
STARTCHAR uniA7F8
ENCODING 43000
SWIDTH 624 0
DWIDTH 10 0
BBX 9 8 0 6
BITMAP
2100
2100
FF80
2100
7F00
2100
2100
2100
ENDCHAR
STARTCHAR uniA7F9
ENCODING 43001
SWIDTH 691 0
DWIDTH 11 0
BBX 11 7 0 5
BITMAP
1100
7BC0
CC60
47E0
C600
7FC0
7BC0
ENDCHAR
STARTCHAR uniA7FA
ENCODING 43002
SWIDTH 791 0
DWIDTH 13 0
BBX 10 9 2 0
BITMAP
8C40
8C40
8C40
8C40
8C40
8C40
8C40
FFC0
FFC0
ENDCHAR
STARTCHAR uniA7FB
ENCODING 43003
SWIDTH 552 0
DWIDTH 9 0
BBX 7 12 1 0
BITMAP
FE
04
04
04
04
FC
FC
04
04
04
04
04
ENDCHAR
STARTCHAR uniA7FC
ENCODING 43004
SWIDTH 630 0
DWIDTH 10 0
BBX 8 12 2 0
BITMAP
0F
E2
C2
82
82
C2
7F
02
02
02
02
02
ENDCHAR
STARTCHAR uniA7FD
ENCODING 43005
SWIDTH 873 0
DWIDTH 14 0
BBX 12 12 1 0
BITMAP
4210
4610
4E10
4B10
4D10
4890
58D0
7090
60D0
E070
6030
C030
ENDCHAR
STARTCHAR uniA7FE
ENCODING 43006
SWIDTH 271 0
DWIDTH 4 0
BBX 1 12 2 0
BITMAP
80
80
80
80
80
80
80
80
80
80
80
80
ENDCHAR
STARTCHAR uniA7FF
ENCODING 43007
SWIDTH 1207 0
DWIDTH 19 0
BBX 18 12 1 0
BITMAP
606080
30E0C0
7070C0
387180
4C5980
4C5980
668C80
668680
638700
C1C380
C18300
418380
ENDCHAR
STARTCHAR uniA92E
ENCODING 43310
SWIDTH 527 0
DWIDTH 8 0
BBX 7 3 1 4
BITMAP
10
6C
82
ENDCHAR
STARTCHAR uniAB30
ENCODING 43824
SWIDTH 670 0
DWIDTH 11 0
BBX 10 9 1 0
BITMAP
0B00
3F00
6300
4300
FFC0
6300
6300
3F80
3D80
ENDCHAR
STARTCHAR uniAB31
ENCODING 43825
SWIDTH 859 0
DWIDTH 14 0
BBX 12 9 2 0
BITMAP
70C0
DFF0
0E00
0C00
7FF0
CC10
8620
FFE0
F1E0
ENDCHAR
STARTCHAR uniAB32
ENCODING 43826
SWIDTH 403 0
DWIDTH 6 0
BBX 6 9 1 0
BITMAP
30
70
58
5C
70
C0
40
78
10
ENDCHAR
STARTCHAR uniAB33
ENCODING 43827
SWIDTH 642 0
DWIDTH 10 0
BBX 10 9 0 0
BITMAP
0C00
1F00
3180
3F80
3000
FFC0
3080
1F80
1E00
ENDCHAR
STARTCHAR uniAB34
ENCODING 43828
SWIDTH 665 0
DWIDTH 11 0
BBX 10 9 0 0
BITMAP
0600
0F80
18C0
10C0
7FC0
D800
5840
1FC0
0F00
ENDCHAR
STARTCHAR uniAB35
ENCODING 43829
SWIDTH 347 0
DWIDTH 6 0
BBX 6 13 0 0
BITMAP
08
1C
30
30
F8
30
30
30
30
30
30
30
30
ENDCHAR
STARTCHAR uniAB36
ENCODING 43830
SWIDTH 594 0
DWIDTH 10 0
BBX 9 12 1 -3
BITMAP
1200
7E00
6200
4200
4200
C200
6200
7E00
3F80
1200
1A00
0E00
ENDCHAR
STARTCHAR uniAB37
ENCODING 43831
SWIDTH 463 0
DWIDTH 7 0
BBX 7 12 0 0
BITMAP
10
10
10
34
7C
52
D2
5C
10
10
10
10
ENDCHAR
STARTCHAR uniAB38
ENCODING 43832
SWIDTH 395 0
DWIDTH 6 0
BBX 6 12 0 0
BITMAP
30
30
30
30
7C
5C
F4
5C
30
30
30
30
ENDCHAR
STARTCHAR uniAB39
ENCODING 43833
SWIDTH 286 0
DWIDTH 5 0
BBX 4 12 0 0
BITMAP
60
60
60
60
60
F0
F0
70
60
60
60
60
ENDCHAR
STARTCHAR uniAB3A
ENCODING 43834
SWIDTH 911 0
DWIDTH 15 0
BBX 14 9 1 0
BITMAP
48C0
FFF0
4330
4618
4618
467C
46D8
47F0
4670
ENDCHAR
STARTCHAR uniAB3B
ENCODING 43835
SWIDTH 586 0
DWIDTH 9 0
BBX 8 9 1 0
BITMAP
48
FC
66
46
46
5F
76
5E
5C
ENDCHAR
STARTCHAR uniAB3C
ENCODING 43836
SWIDTH 586 0
DWIDTH 9 0
BBX 8 12 2 -3
BITMAP
90
FC
CC
8C
8C
8C
8C
8C
BF
6C
64
38
ENDCHAR
STARTCHAR uniAB3D
ENCODING 43837
SWIDTH 467 0
DWIDTH 7 0
BBX 6 9 1 0
BITMAP
78
5C
44
44
44
44
44
F8
10
ENDCHAR
STARTCHAR uniAB3E
ENCODING 43838
SWIDTH 496 0
DWIDTH 8 0
BBX 7 11 1 -1
BITMAP
04
3C
5C
6E
76
76
66
66
7C
48
80
ENDCHAR
STARTCHAR uniAB3F
ENCODING 43839
SWIDTH 504 0
DWIDTH 8 0
BBX 8 10 0 0
BITMAP
18
18
36
32
13
22
63
26
7C
FC
ENDCHAR
STARTCHAR uniAB40
ENCODING 43840
SWIDTH 924 0
DWIDTH 15 0
BBX 14 9 1 0
BITMAP
3C78
7EFC
6380
C300
41FC
C304
6388
3FF8
1CF8
ENDCHAR
STARTCHAR uniAB41
ENCODING 43841
SWIDTH 920 0
DWIDTH 15 0
BBX 14 10 1 0
BITMAP
0030
0CF0
7FF8
0778
0328
7F48
43C8
C758
7FFC
78F0
ENDCHAR
STARTCHAR uniAB42
ENCODING 43842
SWIDTH 920 0
DWIDTH 15 0
BBX 14 9 1 0
BITMAP
0CC0
7FF8
0718
0308
7FFC
4308
C718
7FFC
78F0
ENDCHAR
STARTCHAR uniAB43
ENCODING 43843
SWIDTH 850 0
DWIDTH 14 0
BBX 12 9 1 0
BITMAP
3180
73F0
6630
C410
4610
C410
6630
7FF0
1FE0
ENDCHAR
STARTCHAR uniAB44
ENCODING 43844
SWIDTH 850 0
DWIDTH 14 0
BBX 13 10 1 0
BITMAP
0020
31E0
73F0
6670
C498
46D0
C490
6730
7FF0
1DE0
ENDCHAR
STARTCHAR uniAB45
ENCODING 43845
SWIDTH 541 0
DWIDTH 9 0
BBX 8 9 0 0
BITMAP
18
18
18
18
18
7E
42
C3
43
ENDCHAR
STARTCHAR uniAB46
ENCODING 43846
SWIDTH 591 0
DWIDTH 9 0
BBX 8 12 1 -3
BITMAP
70
4E
46
43
FC
4C
43
43
43
03
03
03
ENDCHAR
STARTCHAR uniAB47
ENCODING 43847
SWIDTH 249 0
DWIDTH 4 0
BBX 2 9 2 0
BITMAP
C0
C0
C0
80
80
80
80
80
80
ENDCHAR
STARTCHAR uniAB48
ENCODING 43848
SWIDTH 428 0
DWIDTH 7 0
BBX 6 9 1 0
BITMAP
5C
EC
40
40
40
40
40
40
40
ENDCHAR
STARTCHAR uniAB49
ENCODING 43849
SWIDTH 495 0
DWIDTH 8 0
BBX 8 9 0 0
BITMAP
19
1E
18
18
18
7E
D8
78
70
ENDCHAR
STARTCHAR uniAB4A
ENCODING 43850
SWIDTH 585 0
DWIDTH 9 0
BBX 9 9 0 0
BITMAP
1B80
0F80
1800
1800
1800
7E00
D800
7800
7000
ENDCHAR
STARTCHAR uniAB4B
ENCODING 43851
SWIDTH 540 0
DWIDTH 9 0
BBX 7 9 1 0
BITMAP
8C
DC
FC
0C
0C
0C
0C
06
06
ENDCHAR
STARTCHAR uniAB4C
ENCODING 43852
SWIDTH 740 0
DWIDTH 12 0
BBX 11 9 1 0
BITMAP
8C00
DC00
FC00
0F80
0FC0
0660
0C20
07C0
03C0
ENDCHAR
STARTCHAR uniAB4D
ENCODING 43853
SWIDTH 286 0
DWIDTH 5 0
BBX 5 13 1 0
BITMAP
08
38
38
30
30
30
30
30
30
30
30
E0
E0
ENDCHAR
STARTCHAR uniAB4E
ENCODING 43854
SWIDTH 551 0
DWIDTH 9 0
BBX 7 9 2 0
BITMAP
80
80
8C
8C
8C
8C
8C
FE
FC
ENDCHAR
STARTCHAR uniAB4F
ENCODING 43855
SWIDTH 632 0
DWIDTH 10 0
BBX 10 9 0 0
BITMAP
2000
2000
2100
2100
FFC0
2100
2100
1F80
3F00
ENDCHAR
STARTCHAR uniAB50
ENCODING 43856
SWIDTH 875 0
DWIDTH 14 0
BBX 12 9 2 0
BITMAP
8C30
8C30
8030
8C30
8C30
8C30
8C30
FFF0
73F0
ENDCHAR
STARTCHAR uniAB51
ENCODING 43857
SWIDTH 876 0
DWIDTH 14 0
BBX 13 9 1 0
BITMAP
48C0
FFF0
4330
4618
4618
4618
4018
4618
0600
ENDCHAR
STARTCHAR uniAB52
ENCODING 43858
SWIDTH 588 0
DWIDTH 9 0
BBX 9 9 0 0
BITMAP
8080
6080
3080
2080
2080
2080
2080
1F80
1F80
ENDCHAR
STARTCHAR uniAB53
ENCODING 43859
SWIDTH 496 0
DWIDTH 8 0
BBX 8 12 0 -3
BITMAP
63
66
36
3C
1C
18
18
38
3C
66
66
C3
ENDCHAR
STARTCHAR uniAB54
ENCODING 43860
SWIDTH 598 0
DWIDTH 10 0
BBX 10 12 0 -3
BITMAP
6300
6600
3600
3C00
1C00
1800
1800
3C00
3D00
6680
6640
C380
ENDCHAR
STARTCHAR uniAB55
ENCODING 43861
SWIDTH 498 0
DWIDTH 8 0
BBX 8 12 0 -3
BITMAP
63
66
36
3C
1C
18
18
1C
36
36
63
E3
ENDCHAR
STARTCHAR uniAB56
ENCODING 43862
SWIDTH 586 0
DWIDTH 9 0
BBX 9 9 0 0
BITMAP
6300
6600
3C00
1C00
1800
3D00
3680
6280
C380
ENDCHAR
STARTCHAR uniAB57
ENCODING 43863
SWIDTH 594 0
DWIDTH 10 0
BBX 10 12 0 -3
BITMAP
18C0
1980
0F00
0700
0600
0F00
0D80
1980
30C0
3000
6000
C000
ENDCHAR
STARTCHAR uniAB58
ENCODING 43864
SWIDTH 687 0
DWIDTH 11 0
BBX 11 12 0 -3
BITMAP
18C0
1980
0F00
0700
0600
0F40
0DA0
18A0
3060
3000
6000
C000
ENDCHAR
STARTCHAR uniAB59
ENCODING 43865
SWIDTH 588 0
DWIDTH 9 0
BBX 9 12 1 -3
BITMAP
3180
3300
1E00
0E00
0C00
1E00
1B00
3300
6180
6000
C000
E000
ENDCHAR
STARTCHAR uniAB5A
ENCODING 43866
SWIDTH 426 0
DWIDTH 7 0
BBX 7 12 0 -3
BITMAP
C0
60
60
66
2C
14
1C
18
08
10
30
70
ENDCHAR
STARTCHAR uniAB5B
ENCODING 43867
SWIDTH 366 0
DWIDTH 6 0
BBX 5 6 2 6
BITMAP
98
F0
00
40
F0
B0
ENDCHAR
STARTCHAR uniAB5C
ENCODING 43868
SWIDTH 411 0
DWIDTH 7 0
BBX 5 12 1 3
BITMAP
40
40
40
50
F8
48
48
48
48
08
08
18
ENDCHAR
STARTCHAR uniAB5D
ENCODING 43869
SWIDTH 356 0
DWIDTH 6 0
BBX 5 9 0 6
BITMAP
20
20
20
70
A8
A8
78
20
20
ENDCHAR
STARTCHAR uniAB5E
ENCODING 43870
SWIDTH 305 0
DWIDTH 5 0
BBX 5 9 0 6
BITMAP
60
60
60
60
E8
60
60
60
60
ENDCHAR
STARTCHAR uniAB5F
ENCODING 43871
SWIDTH 443 0
DWIDTH 7 0
BBX 7 7 0 5
BITMAP
44
C4
24
24
24
3E
1C
ENDCHAR
STARTCHAR uniAB64
ENCODING 43876
SWIDTH 564 0
DWIDTH 9 0
BBX 9 9 1 0
BITMAP
1080
7F00
6200
4200
4200
C200
6200
7E00
1A00
ENDCHAR
STARTCHAR uniAB65
ENCODING 43877
SWIDTH 616 0
DWIDTH 10 0
BBX 9 9 1 0
BITMAP
3000
7E00
6300
4100
4100
C180
4100
F700
F700
ENDCHAR
STARTCHAR colon.lnum
ENCODING 60929
SWIDTH 287 0
DWIDTH 5 0
BBX 2 8 1 2
BITMAP
C0
00
00
00
00
00
40
C0
ENDCHAR
STARTCHAR quotedblx
ENCODING 60930
SWIDTH 319 0
DWIDTH 5 0
BBX 3 4 2 5
BITMAP
E0
E0
E0
E0
ENDCHAR
STARTCHAR commaaccent
ENCODING 63171
SWIDTH 251 0
DWIDTH 4 0
BBX 2 3 2 -1
BITMAP
80
C0
C0
ENDCHAR
STARTCHAR f_f
ENCODING 64256
SWIDTH 618 0
DWIDTH 10 0
BBX 10 13 0 0
BITMAP
0880
1DC0
3300
3200
FF80
3200
3200
3200
3200
3200
3200
3200
3200
ENDCHAR
STARTCHAR fi
ENCODING 64257
SWIDTH 553 0
DWIDTH 9 0
BBX 7 13 1 0
BITMAP
10
3C
60
60
F2
62
62
62
62
62
62
62
62
ENDCHAR
STARTCHAR f_l
ENCODING 64258
SWIDTH 567 0
DWIDTH 9 0
BBX 8 13 0 0
BITMAP
08
1F
39
31
F9
31
31
31
31
31
31
31
31
ENDCHAR
STARTCHAR f_f_i
ENCODING 64259
SWIDTH 853 0
DWIDTH 14 0
BBX 12 13 1 0
BITMAP
1080
3BC0
6600
6200
FFB0
6230
6230
6230
6230
6230
6230
6230
6230
ENDCHAR
STARTCHAR f_f_l
ENCODING 64260
SWIDTH 853 0
DWIDTH 14 0
BBX 12 13 1 0
BITMAP
1080
3BE0
6730
6230
FFB0
6230
6230
6230
6230
6230
6230
6230
6230
ENDCHAR
STARTCHAR longst
ENCODING 64261
SWIDTH 616 0
DWIDTH 10 0
BBX 9 13 0 0
BITMAP
0800
1F00
3A00
3200
EF80
3200
3200
3200
3200
3200
3200
3380
3380
ENDCHAR
STARTCHAR st
ENCODING 64262
SWIDTH 825 0
DWIDTH 13 0
BBX 12 13 2 0
BITMAP
0200
0780
0CC0
0C40
1DF0
5C40
CC40
C040
7840
0C40
8C40
FCE0
7870
ENDCHAR
STARTCHAR uniFE20
ENCODING 65056
SWIDTH 0 0
DWIDTH 0 0
BBX 5 3 -5 9
BITMAP
78
E0
80
ENDCHAR
STARTCHAR uniFE21
ENCODING 65057
SWIDTH 0 0
DWIDTH 0 0
BBX 6 3 0 9
BITMAP
F0
18
0C
ENDCHAR
STARTCHAR uniFE22
ENCODING 65058
SWIDTH 0 0
DWIDTH 0 0
BBX 7 2 -6 10
BITMAP
40
FE
ENDCHAR
STARTCHAR uniFE23
ENCODING 65059
SWIDTH 0 0
DWIDTH 0 0
BBX 8 2 1 10
BITMAP
01
FF
ENDCHAR
STARTCHAR uniFE24
ENCODING 65060
SWIDTH 0 0
DWIDTH 0 0
BBX 4 1 -4 11
BITMAP
F0
ENDCHAR
STARTCHAR uniFE25
ENCODING 65061
SWIDTH 0 0
DWIDTH 0 0
BBX 4 1 -8 11
BITMAP
F0
ENDCHAR
STARTCHAR uniFE26
ENCODING 65062
SWIDTH 0 0
DWIDTH 0 0
BBX 9 1 -9 11
BITMAP
FF80
ENDCHAR
STARTCHAR uniFE27
ENCODING 65063
SWIDTH 0 0
DWIDTH 0 0
BBX 5 3 -5 -3
BITMAP
80
60
78
ENDCHAR
STARTCHAR uniFE28
ENCODING 65064
SWIDTH 0 0
DWIDTH 0 0
BBX 6 3 1 -3
BITMAP
0C
30
E0
ENDCHAR
STARTCHAR uniFE29
ENCODING 65065
SWIDTH 0 0
DWIDTH 0 0
BBX 9 2 -8 -3
BITMAP
7F80
C000
ENDCHAR
STARTCHAR uniFE2A
ENCODING 65066
SWIDTH 0 0
DWIDTH 0 0
BBX 9 2 0 -3
BITMAP
8180
3E00
ENDCHAR
STARTCHAR uniFE2B
ENCODING 65067
SWIDTH 0 0
DWIDTH 0 0
BBX 4 1 -4 -2
BITMAP
F0
ENDCHAR
STARTCHAR uniFE2C
ENCODING 65068
SWIDTH 0 0
DWIDTH 0 0
BBX 4 1 -8 -2
BITMAP
F0
ENDCHAR
STARTCHAR uniFE2D
ENCODING 65069
SWIDTH 0 0
DWIDTH 0 0
BBX 9 1 -9 -2
BITMAP
FF80
ENDCHAR
STARTCHAR uniFEFF
ENCODING 65279
SWIDTH 0 0
DWIDTH 0 0
BBX 1 1 0 0
BITMAP
00
ENDCHAR
STARTCHAR uniFFFC
ENCODING 65532
SWIDTH 1024 0
DWIDTH 16 0
BBX 16 15 1 -3
BITMAP
6DF6
8001
0000
8001
8001
0B04
9545
A785
2564
9D99
8001
0000
8001
8001
6DF6
ENDCHAR
STARTCHAR uniFFFD
ENCODING 65533
SWIDTH 1025 0
DWIDTH 16 0
BBX 15 15 1 -2
BITMAP
0100
0380
07C0
0FE0
1FF0
3D3C
3FBC
FF3E
7E7C
3FF8
1EF0
0FE0
07C0
0380
0100
ENDCHAR
STARTCHAR uni1F16A
ENCODING 127338
SWIDTH 632 0
DWIDTH 10 0
BBX 9 4 1 8
BITMAP
8900
CA80
DC00
AA80
ENDCHAR
STARTCHAR uni1F16B
ENCODING 127339
SWIDTH 636 0
DWIDTH 10 0
BBX 9 4 1 8
BITMAP
8B00
CA80
DA80
AA80
ENDCHAR
STARTCHAR .notdef
ENCODING -1
SWIDTH 443 0
DWIDTH 7 0
BBX 6 12 1 0
BITMAP
7C
C4
CC
AC
B4
94
B4
B4
AC
CC
C4
7C
ENDCHAR
STARTCHAR uni2009.fra
ENCODING -1
SWIDTH 125 0
DWIDTH 2 0
BBX 1 1 0 0
BITMAP
00
ENDCHAR
STARTCHAR dasiaoxia
ENCODING -1
SWIDTH 409 0
DWIDTH 7 0
BBX 3 3 2 9
BITMAP
60
A0
C0
ENDCHAR
STARTCHAR uni02E5_uni02E7_uni02E8
ENCODING -1
SWIDTH 584 0
DWIDTH 9 0
BBX 7 12 2 0
BITMAP
86
C6
46
46
26
26
1E
0E
0E
06
06
06
ENDCHAR
STARTCHAR two.sup
ENCODING -1
SWIDTH 366 0
DWIDTH 6 0
BBX 5 7 1 0
BITMAP
20
70
18
18
30
60
F8
ENDCHAR
STARTCHAR one.sup
ENCODING -1
SWIDTH 366 0
DWIDTH 6 0
BBX 4 7 1 0
BITMAP
10
E0
20
20
20
20
20
ENDCHAR
STARTCHAR zero.sup
ENCODING -1
SWIDTH 366 0
DWIDTH 6 0
BBX 4 7 2 0
BITMAP
40
F0
B0
B0
B0
F0
E0
ENDCHAR
STARTCHAR nine.smcp
ENCODING -1
SWIDTH 507 0
DWIDTH 8 0
BBX 7 10 1 0
BITMAP
10
7C
66
42
C2
7E
7A
06
3C
60
ENDCHAR
STARTCHAR eight.smcp
ENCODING -1
SWIDTH 507 0
DWIDTH 8 0
BBX 7 10 1 0
BITMAP
10
3C
66
C2
7C
38
64
46
7E
7C
ENDCHAR
STARTCHAR seven.smcp
ENCODING -1
SWIDTH 507 0
DWIDTH 8 0
BBX 7 10 1 0
BITMAP
FE
FE
02
06
04
0C
08
18
10
30
ENDCHAR
STARTCHAR six.smcp
ENCODING -1
SWIDTH 506 0
DWIDTH 8 0
BBX 7 10 1 0
BITMAP
04
3C
20
C0
FC
66
46
C6
7C
7C
ENDCHAR
STARTCHAR five.smcp
ENCODING -1
SWIDTH 507 0
DWIDTH 8 0
BBX 6 10 2 0
BITMAP
F8
F8
80
C0
FC
0C
04
84
F8
F8
ENDCHAR
STARTCHAR four.smcp
ENCODING -1
SWIDTH 507 0
DWIDTH 8 0
BBX 7 10 1 0
BITMAP
0C
18
38
68
48
88
FE
08
08
08
ENDCHAR
STARTCHAR three.smcp
ENCODING -1
SWIDTH 507 0
DWIDTH 8 0
BBX 6 10 2 0
BITMAP
20
F8
CC
04
3C
30
0C
8C
FC
F8
ENDCHAR
STARTCHAR two.smcp
ENCODING -1
SWIDTH 507 0
DWIDTH 8 0
BBX 7 10 2 0
BITMAP
20
F8
CC
04
08
18
30
60
FE
FE
ENDCHAR
STARTCHAR one.smcp
ENCODING -1
SWIDTH 507 0
DWIDTH 8 0
BBX 4 10 2 0
BITMAP
10
E0
A0
20
20
20
20
20
20
20
ENDCHAR
STARTCHAR zero.smcp
ENCODING -1
SWIDTH 507 0
DWIDTH 8 0
BBX 7 10 1 0
BITMAP
10
7C
7E
42
46
46
46
C2
7C
7C
ENDCHAR
STARTCHAR Z.smcp
ENCODING -1
SWIDTH 517 0
DWIDTH 8 0
BBX 8 10 1 0
BITMAP
7F
FE
06
0C
18
18
30
60
7F
7F
ENDCHAR
STARTCHAR Y.smcp
ENCODING -1
SWIDTH 520 0
DWIDTH 8 0
BBX 9 10 0 0
BITMAP
C180
6300
6300
3600
1E00
0C00
0C00
0C00
0C00
0C00
ENDCHAR
STARTCHAR X.smcp
ENCODING -1
SWIDTH 541 0
DWIDTH 9 0
BBX 9 10 0 0
BITMAP
C180
6300
3600
3600
0C00
0C00
3600
3600
6300
C180
ENDCHAR
STARTCHAR W.smcp
ENCODING -1
SWIDTH 760 0
DWIDTH 12 0
BBX 12 10 0 0
BITMAP
4210
C620
4620
4560
2520
6940
3940
28E0
30C0
1F80
ENDCHAR
STARTCHAR V.smcp
ENCODING -1
SWIDTH 550 0
DWIDTH 9 0
BBX 9 10 0 0
BITMAP
C180
6180
2300
6100
2300
1200
1C00
1600
0C00
0800
ENDCHAR
STARTCHAR U.smcp
ENCODING -1
SWIDTH 560 0
DWIDTH 9 0
BBX 6 10 2 0
BITMAP
84
84
84
84
84
84
84
84
FC
7C
ENDCHAR
STARTCHAR T.smcp
ENCODING -1
SWIDTH 518 0
DWIDTH 8 0
BBX 8 10 0 0
BITMAP
FF
FF
18
18
18
18
18
18
18
18
ENDCHAR
STARTCHAR S.smcp
ENCODING -1
SWIDTH 515 0
DWIDTH 8 0
BBX 7 10 2 0
BITMAP
10
7C
C6
C0
70
78
06
84
FC
7C
ENDCHAR
STARTCHAR R.smcp
ENCODING -1
SWIDTH 536 0
DWIDTH 9 0
BBX 8 10 1 0
BITMAP
70
FC
46
43
46
7C
4C
46
46
43
ENDCHAR
STARTCHAR Q.smcp
ENCODING -1
SWIDTH 591 0
DWIDTH 9 0
BBX 9 11 1 -1
BITMAP
0800
3E00
6200
C180
4180
4180
C180
6300
7E00
1E00
0300
ENDCHAR
STARTCHAR P.smcp
ENCODING -1
SWIDTH 544 0
DWIDTH 9 0
BBX 8 10 1 0
BITMAP
F0
7E
43
42
46
7E
40
40
40
40
ENDCHAR
STARTCHAR O.smcp
ENCODING -1
SWIDTH 591 0
DWIDTH 9 0
BBX 9 10 1 0
BITMAP
0800
7E00
2200
C180
4180
4180
C180
6300
7E00
1800
ENDCHAR
STARTCHAR N.smcp
ENCODING -1
SWIDTH 610 0
DWIDTH 10 0
BBX 9 10 1 0
BITMAP
4300
6300
E300
7300
5B00
4F00
4F00
4700
4380
4300
ENDCHAR
STARTCHAR M.smcp
ENCODING -1
SWIDTH 750 0
DWIDTH 12 0
BBX 11 10 1 0
BITMAP
C0C0
60E0
70C0
6160
7360
5260
4B60
4A60
4C60
4460
ENDCHAR
STARTCHAR L.smcp
ENCODING -1
SWIDTH 462 0
DWIDTH 7 0
BBX 6 10 1 0
BITMAP
40
40
40
40
40
40
40
40
FC
FC
ENDCHAR
STARTCHAR K.smcp
ENCODING -1
SWIDTH 541 0
DWIDTH 9 0
BBX 8 10 1 0
BITMAP
43
46
4C
58
70
F8
CC
46
46
43
ENDCHAR
STARTCHAR J.smcp
ENCODING -1
SWIDTH 476 0
DWIDTH 8 0
BBX 6 10 1 0
BITMAP
04
04
04
04
04
04
04
84
FC
F8
ENDCHAR
STARTCHAR I.smcp
ENCODING -1
SWIDTH 238 0
DWIDTH 4 0
BBX 1 10 2 0
BITMAP
80
80
80
80
80
80
80
80
80
80
ENDCHAR
STARTCHAR H.smcp
ENCODING -1
SWIDTH 610 0
DWIDTH 10 0
BBX 8 10 1 0
BITMAP
43
43
43
43
FF
FF
43
43
43
43
ENDCHAR
STARTCHAR G.smcp
ENCODING -1
SWIDTH 583 0
DWIDTH 9 0
BBX 8 10 1 0
BITMAP
08
3E
67
C0
40
4F
C3
63
7F
0E
ENDCHAR
STARTCHAR F.smcp
ENCODING -1
SWIDTH 474 0
DWIDTH 8 0
BBX 6 10 2 0
BITMAP
FC
FC
80
80
F8
F8
80
80
80
80
ENDCHAR
STARTCHAR dollar.smcp
ENCODING -1
SWIDTH 515 0
DWIDTH 8 0
BBX 7 12 2 -1
BITMAP
10
10
7C
C6
C0
70
78
06
84
FC
FC
10
ENDCHAR
STARTCHAR sterling.smcp
ENCODING -1
SWIDTH 524 0
DWIDTH 8 0
BBX 8 10 0 0
BITMAP
08
1E
33
60
60
FC
60
60
7F
7F
ENDCHAR
STARTCHAR yen.smcp
ENCODING -1
SWIDTH 453 0
DWIDTH 7 0
BBX 8 10 0 0
BITMAP
C3
62
24
3C
18
7E
10
7E
10
10
ENDCHAR
STARTCHAR Gamma.smcp
ENCODING -1
SWIDTH 460 0
DWIDTH 7 0
BBX 6 10 1 0
BITMAP
FC
FC
40
40
40
40
40
40
40
40
ENDCHAR
STARTCHAR Delta.smcp
ENCODING -1
SWIDTH 550 0
DWIDTH 9 0
BBX 8 10 1 0
BITMAP
10
18
2C
38
24
46
C2
46
FF
FF
ENDCHAR
STARTCHAR Theta.smcp
ENCODING -1
SWIDTH 591 0
DWIDTH 9 0
BBX 9 10 1 0
BITMAP
0800
7E00
2200
C180
5F80
5F80
C180
6300
7E00
1800
ENDCHAR
STARTCHAR Lambda.smcp
ENCODING -1
SWIDTH 550 0
DWIDTH 9 0
BBX 9 10 0 0
BITMAP
0800
0C00
1600
1C00
1200
2300
6100
2300
6180
C180
ENDCHAR
STARTCHAR Xi.smcp
ENCODING -1
SWIDTH 441 0
DWIDTH 7 0
BBX 6 10 1 0
BITMAP
FC
FC
00
00
F8
00
00
00
FC
FC
ENDCHAR
STARTCHAR Pi.smcp
ENCODING -1
SWIDTH 600 0
DWIDTH 10 0
BBX 7 10 2 0
BITMAP
FE
FE
82
82
82
82
82
82
82
82
ENDCHAR
STARTCHAR Sigma.smcp
ENCODING -1
SWIDTH 491 0
DWIDTH 8 0
BBX 8 10 0 0
BITMAP
FE
FE
60
30
18
18
30
60
7F
7F
ENDCHAR
STARTCHAR Phi.smcp
ENCODING -1
SWIDTH 675 0
DWIDTH 11 0
BBX 9 10 2 0
BITMAP
0800
0800
7F00
C980
8900
8880
C980
7F00
7F00
0800
ENDCHAR
STARTCHAR Psi.smcp
ENCODING -1
SWIDTH 636 0
DWIDTH 10 0
BBX 9 10 1 0
BITMAP
4980
4980
4980
4980
C880
6980
7F00
0800
0800
0800
ENDCHAR
STARTCHAR Omega.smcp
ENCODING -1
SWIDTH 618 0
DWIDTH 10 0
BBX 9 10 1 0
BITMAP
0800
7E00
6300
C180
4100
4100
C180
4100
F780
F780
ENDCHAR
STARTCHAR uni0402.smcp
ENCODING -1
SWIDTH 680 0
DWIDTH 11 0
BBX 9 10 1 0
BITMAP
FE00
FE00
2000
2000
3F00
2180
2080
2080
2380
2380
ENDCHAR
STARTCHAR uni0404.smcp
ENCODING -1
SWIDTH 560 0
DWIDTH 9 0
BBX 8 10 1 0
BITMAP
08
3E
63
C0
F8
F8
40
63
7E
1E
ENDCHAR
STARTCHAR uni0409.smcp
ENCODING -1
SWIDTH 906 0
DWIDTH 15 0
BBX 14 10 0 0
BITMAP
1F80
1F80
1100
1100
11E0
1108
210C
310C
E1F8
81E0
ENDCHAR
STARTCHAR uni040A.smcp
ENCODING -1
SWIDTH 913 0
DWIDTH 15 0
BBX 14 10 1 0
BITMAP
4100
4100
4100
4100
FFC0
7F08
410C
410C
41F8
43C0
ENDCHAR
STARTCHAR uni040B.smcp
ENCODING -1
SWIDTH 681 0
DWIDTH 11 0
BBX 9 10 1 0
BITMAP
FE00
FE00
2000
2000
3F00
2180
2080
2080
2080
2080
ENDCHAR
STARTCHAR uni040F.smcp
ENCODING -1
SWIDTH 600 0
DWIDTH 10 0
BBX 7 12 2 -2
BITMAP
82
82
82
82
82
82
82
82
FE
FE
10
10
ENDCHAR
STARTCHAR uni0411.smcp
ENCODING -1
SWIDTH 543 0
DWIDTH 9 0
BBX 8 10 1 0
BITMAP
7E
7E
40
40
F0
42
43
42
7E
F0
ENDCHAR
STARTCHAR uni0414.smcp
ENCODING -1
SWIDTH 642 0
DWIDTH 10 0
BBX 9 12 1 -2
BITMAP
3F00
3F00
6100
6100
6100
2100
2100
6100
FF80
8080
8080
8080
ENDCHAR
STARTCHAR uni0416.smcp
ENCODING -1
SWIDTH 755 0
DWIDTH 12 0
BBX 12 10 0 0
BITMAP
6230
6260
3260
32C0
1F80
1F80
32C0
3260
6260
C230
ENDCHAR
STARTCHAR uni0417.smcp
ENCODING -1
SWIDTH 530 0
DWIDTH 8 0
BBX 7 10 2 0
BITMAP
20
7C
CC
06
3C
18
04
84
FE
3C
ENDCHAR
STARTCHAR uni0418.smcp
ENCODING -1
SWIDTH 615 0
DWIDTH 10 0
BBX 9 10 1 0
BITMAP
4300
4380
4700
4F00
4F00
5B00
7300
E300
6300
4300
ENDCHAR
STARTCHAR uni041A.smcp
ENCODING -1
SWIDTH 538 0
DWIDTH 9 0
BBX 8 10 1 0
BITMAP
43
46
4C
58
F0
F0
58
4C
46
43
ENDCHAR
STARTCHAR uni041B.smcp
ENCODING -1
SWIDTH 594 0
DWIDTH 10 0
BBX 9 10 0 0
BITMAP
1F80
1F80
1100
1100
1100
1100
2100
3100
E100
8100
ENDCHAR
STARTCHAR uni0423.smcp
ENCODING -1
SWIDTH 515 0
DWIDTH 8 0
BBX 8 10 0 0
BITMAP
C3
63
63
32
34
3C
18
18
38
30
ENDCHAR
STARTCHAR uni0426.smcp
ENCODING -1
SWIDTH 644 0
DWIDTH 10 0
BBX 9 12 1 -2
BITMAP
4100
4100
4100
4100
4100
4100
4100
4100
FF80
FF80
0180
0180
ENDCHAR
STARTCHAR uni0427.smcp
ENCODING -1
SWIDTH 551 0
DWIDTH 9 0
BBX 8 10 0 0
BITMAP
41
41
41
41
C1
3F
01
01
01
01
ENDCHAR
STARTCHAR uni0428.smcp
ENCODING -1
SWIDTH 789 0
DWIDTH 13 0
BBX 10 10 2 0
BITMAP
8C40
8C40
8C40
8C40
8C40
8C40
8C40
8C40
FFC0
FFC0
ENDCHAR
STARTCHAR uni0429.smcp
ENCODING -1
SWIDTH 833 0
DWIDTH 13 0
BBX 13 12 1 -2
BITMAP
4620
4620
4620
4620
4620
4620
4620
4620
FFF0
FFF0
0018
0030
ENDCHAR
STARTCHAR uni042A.smcp
ENCODING -1
SWIDTH 639 0
DWIDTH 10 0
BBX 9 10 1 0
BITMAP
F000
F000
2000
2000
3E00
2180
2180
2180
3F00
3C00
ENDCHAR
STARTCHAR uni042B.smcp
ENCODING -1
SWIDTH 742 0
DWIDTH 12 0
BBX 10 10 1 0
BITMAP
40C0
40C0
40C0
40C0
F0C0
42C0
43C0
42C0
7EC0
F0C0
ENDCHAR
STARTCHAR uni042C.smcp
ENCODING -1
SWIDTH 538 0
DWIDTH 9 0
BBX 8 10 1 0
BITMAP
40
40
40
40
F0
42
43
42
7E
F0
ENDCHAR
STARTCHAR uni042D.smcp
ENCODING -1
SWIDTH 560 0
DWIDTH 9 0
BBX 7 10 2 0
BITMAP
10
7C
C6
02
3E
3E
02
86
FC
F8
ENDCHAR
STARTCHAR uni042E.smcp
ENCODING -1
SWIDTH 807 0
DWIDTH 13 0
BBX 12 10 1 0
BITMAP
4100
47E0
4C40
5830
F820
F820
5830
4C60
47E0
4780
ENDCHAR
STARTCHAR uni042F.smcp
ENCODING -1
SWIDTH 565 0
DWIDTH 9 0
BBX 8 10 1 0
BITMAP
0F
3F
79
61
61
1F
21
61
61
C1
ENDCHAR
STARTCHAR uni0492.smcp
ENCODING -1
SWIDTH 508 0
DWIDTH 8 0
BBX 8 10 0 0
BITMAP
3F
3F
20
20
F8
F8
20
20
20
20
ENDCHAR
STARTCHAR uni0496.smcp
ENCODING -1
SWIDTH 784 0
DWIDTH 13 0
BBX 13 12 0 -2
BITMAP
6230
6260
3260
32C0
1F80
1F80
32C0
3260
6238
C230
0010
0010
ENDCHAR
STARTCHAR uni049A.smcp
ENCODING -1
SWIDTH 559 0
DWIDTH 9 0
BBX 8 12 1 -2
BITMAP
43
46
4C
58
F0
F0
58
4C
47
43
01
01
ENDCHAR
STARTCHAR uni049C.smcp
ENCODING -1
SWIDTH 629 0
DWIDTH 10 0
BBX 8 10 2 0
BITMAP
83
86
8C
AC
F8
F8
AC
86
86
83
ENDCHAR
STARTCHAR uni04A0.smcp
ENCODING -1
SWIDTH 651 0
DWIDTH 10 0
BBX 9 10 1 0
BITMAP
F180
F300
2300
2600
3C00
3C00
2600
2300
2180
2180
ENDCHAR
STARTCHAR uni04A8.smcp
ENCODING -1
SWIDTH 719 0
DWIDTH 12 0
BBX 11 10 1 0
BITMAP
0900
77C0
6EC0
C8C0
48C0
48C0
CCC0
66C0
3FE0
0FC0
ENDCHAR
STARTCHAR uni04B0.smcp
ENCODING -1
SWIDTH 546 0
DWIDTH 9 0
BBX 9 10 0 0
BITMAP
C180
6300
6300
3600
1E00
0C00
3E00
0C00
0C00
0C00
ENDCHAR
STARTCHAR uni04B2.smcp
ENCODING -1
SWIDTH 582 0
DWIDTH 9 0
BBX 9 12 0 -2
BITMAP
C180
6300
3600
3600
0C00
0C00
3600
3600
6380
C380
0180
0180
ENDCHAR
STARTCHAR uni04B4.smcp
ENCODING -1
SWIDTH 797 0
DWIDTH 13 0
BBX 11 12 1 -2
BITMAP
FE80
FE80
2080
2080
2080
2080
2080
2080
3FE0
3FE0
0020
0020
ENDCHAR
STARTCHAR uni04B8.smcp
ENCODING -1
SWIDTH 551 0
DWIDTH 9 0
BBX 8 10 0 0
BITMAP
41
41
41
49
C9
3F
09
09
01
01
ENDCHAR
STARTCHAR uni04BA.smcp
ENCODING -1
SWIDTH 551 0
DWIDTH 9 0
BBX 7 10 2 0
BITMAP
80
80
80
80
FC
86
84
82
82
82
ENDCHAR
STARTCHAR uni04BC.smcp
ENCODING -1
SWIDTH 720 0
DWIDTH 12 0
BBX 10 10 1 0
BITMAP
0200
0F80
18C0
90C0
FFC0
3FC0
2000
3000
1F80
0700
ENDCHAR
STARTCHAR uni04D8.smcp
ENCODING -1
SWIDTH 598 0
DWIDTH 10 0
BBX 8 10 2 0
BITMAP
10
7E
06
03
FF
FF
82
C6
FE
7C
ENDCHAR
STARTCHAR uni04E0.smcp
ENCODING -1
SWIDTH 530 0
DWIDTH 8 0
BBX 8 10 1 0
BITMAP
7F
FE
0C
18
18
0E
03
42
FE
1E
ENDCHAR
STARTCHAR uni04E8.smcp
ENCODING -1
SWIDTH 591 0
DWIDTH 9 0
BBX 9 10 1 0
BITMAP
0800
7E00
2200
C180
FF00
FF00
4180
6300
7E00
1800
ENDCHAR
STARTCHAR lira.smcp
ENCODING -1
SWIDTH 524 0
DWIDTH 8 0
BBX 8 10 0 0
BITMAP
08
1E
33
60
FC
60
FC
60
7F
7F
ENDCHAR
STARTCHAR Euro.smcp
ENCODING -1
SWIDTH 485 0
DWIDTH 8 0
BBX 7 10 1 0
BITMAP
04
3E
3C
60
FC
FC
60
30
3E
3E
ENDCHAR
STARTCHAR uni2116.smcp
ENCODING -1
SWIDTH 1016 0
DWIDTH 16 0
BBX 15 10 1 0
BITMAP
4308
633C
E366
7342
5B42
4F3C
4F00
473E
4380
4300
ENDCHAR
STARTCHAR uni20B4.smcp
ENCODING -1
SWIDTH 557 0
DWIDTH 9 0
BBX 8 10 1 0
BITMAP
1C
3C
63
03
FF
FF
60
41
7E
1E
ENDCHAR
STARTCHAR uni20BD.smcp
ENCODING -1
SWIDTH 583 0
DWIDTH 9 0
BBX 9 10 0 0
BITMAP
3C00
3F80
3180
3080
3180
FF00
3000
F800
3000
3000
ENDCHAR
STARTCHAR uni20B8.smcp
ENCODING -1
SWIDTH 483 0
DWIDTH 8 0
BBX 7 10 1 0
BITMAP
FE
FE
FE
FE
20
20
20
20
20
20
ENDCHAR
STARTCHAR three.sup
ENCODING -1
SWIDTH 366 0
DWIDTH 6 0
BBX 5 7 0 0
BITMAP
20
58
18
30
38
D8
70
ENDCHAR
STARTCHAR four.sup
ENCODING -1
SWIDTH 366 0
DWIDTH 6 0
BBX 5 7 1 0
BITMAP
10
30
D0
90
F8
10
10
ENDCHAR
STARTCHAR five.sup
ENCODING -1
SWIDTH 366 0
DWIDTH 6 0
BBX 5 7 1 0
BITMAP
78
C0
60
78
18
48
70
ENDCHAR
STARTCHAR six.sup
ENCODING -1
SWIDTH 366 0
DWIDTH 6 0
BBX 6 7 1 0
BITMAP
10
70
50
78
4C
C8
70
ENDCHAR
STARTCHAR seven.sup
ENCODING -1
SWIDTH 366 0
DWIDTH 6 0
BBX 6 7 0 0
BITMAP
F8
0C
08
30
20
60
40
ENDCHAR
STARTCHAR eight.sup
ENCODING -1
SWIDTH 366 0
DWIDTH 6 0
BBX 5 7 1 0
BITMAP
20
58
48
70
D8
D8
70
ENDCHAR
STARTCHAR nine.sup
ENCODING -1
SWIDTH 366 0
DWIDTH 6 0
BBX 5 7 1 0
BITMAP
20
70
58
D8
78
10
20
ENDCHAR
STARTCHAR crossbar
ENCODING -1
SWIDTH 448 0
DWIDTH 7 0
BBX 5 1 1 6
BITMAP
F8
ENDCHAR
STARTCHAR ringacute
ENCODING -1
SWIDTH 338 0
DWIDTH 5 0
BBX 4 4 1 9
BITMAP
30
40
60
E0
ENDCHAR
STARTCHAR E.smcp
ENCODING -1
SWIDTH 487 0
DWIDTH 8 0
BBX 7 10 1 0
BITMAP
7E
7E
40
40
FC
40
40
40
7E
7E
ENDCHAR
STARTCHAR g.alt
ENCODING -1
SWIDTH 528 0
DWIDTH 8 0
BBX 8 12 1 -3
BITMAP
1E
7E
C6
C4
4C
78
40
F0
44
83
C6
7E
ENDCHAR
STARTCHAR alpha.alt
ENCODING -1
SWIDTH 595 0
DWIDTH 10 0
BBX 9 9 1 0
BITMAP
1180
7F00
6300
C200
4200
4300
6300
3F00
3980
ENDCHAR
STARTCHAR R.alt
ENCODING -1
SWIDTH 662 0
DWIDTH 11 0
BBX 9 12 1 0
BITMAP
7800
4E00
4180
4180
4300
FE00
7E00
4300
4180
4180
4180
4180
ENDCHAR
STARTCHAR K.alt
ENCODING -1
SWIDTH 642 0
DWIDTH 10 0
BBX 8 12 2 0
BITMAP
83
86
8C
98
98
F0
B0
98
8C
86
83
83
ENDCHAR
STARTCHAR k.alt
ENCODING -1
SWIDTH 509 0
DWIDTH 8 0
BBX 8 12 1 0
BITMAP
40
40
40
46
4C
58
F0
78
58
4C
46
43
ENDCHAR
STARTCHAR K.alt2
ENCODING -1
SWIDTH 654 0
DWIDTH 10 0
BBX 8 12 2 0
BITMAP
86
86
8C
98
B0
E0
E0
B0
98
8C
86
83
ENDCHAR
STARTCHAR k.alt2
ENCODING -1
SWIDTH 507 0
DWIDTH 8 0
BBX 6 13 2 0
BITMAP
80
80
80
80
8C
98
B0
E0
E0
B0
98
98
8C
ENDCHAR
STARTCHAR D.smcp
ENCODING -1
SWIDTH 562 0
DWIDTH 9 0
BBX 7 10 1 0
BITMAP
E0
7C
46
42
42
42
42
46
FC
E0
ENDCHAR
STARTCHAR C.smcp
ENCODING -1
SWIDTH 560 0
DWIDTH 9 0
BBX 8 10 1 0
BITMAP
08
3E
63
C0
40
40
C0
63
7E
1E
ENDCHAR
STARTCHAR B.smcp
ENCODING -1
SWIDTH 539 0
DWIDTH 9 0
BBX 8 10 1 0
BITMAP
70
FC
4E
42
7E
4C
42
43
7E
70
ENDCHAR
STARTCHAR A.smcp
ENCODING -1
SWIDTH 564 0
DWIDTH 9 0
BBX 8 10 1 0
BITMAP
10
18
1C
34
2C
44
7E
43
C1
83
ENDCHAR
STARTCHAR commaaccentrotate
ENCODING -1
SWIDTH 248 0
DWIDTH 4 0
BBX 2 3 2 10
BITMAP
80
C0
80
ENDCHAR
STARTCHAR brevegravecomb
ENCODING -1
SWIDTH 455 0
DWIDTH 7 0
BBX 4 3 2 10
BITMAP
40
90
E0
ENDCHAR
STARTCHAR dieresismacroncomb
ENCODING -1
SWIDTH 0 0
DWIDTH 0 0
BBX 6 4 -7 10
BITMAP
7C
7C
48
CC
ENDCHAR
STARTCHAR dieresisacutecomb
ENCODING -1
SWIDTH 0 0
DWIDTH 0 0
BBX 6 3 -7 10
BITMAP
10
58
CC
ENDCHAR
STARTCHAR dieresiscaroncomb
ENCODING -1
SWIDTH 0 0
DWIDTH 0 0
BBX 6 3 -7 10
BITMAP
70
48
CC
ENDCHAR
STARTCHAR dieresisgravecomb
ENCODING -1
SWIDTH 0 0
DWIDTH 0 0
BBX 6 3 -7 10
BITMAP
60
58
CC
ENDCHAR
STARTCHAR dotmacroncomb
ENCODING -1
SWIDTH 0 0
DWIDTH 0 0
BBX 5 4 -6 10
BITMAP
F8
F8
20
60
ENDCHAR
STARTCHAR tildeacutecomb
ENCODING -1
SWIDTH 0 0
DWIDTH 0 0
BBX 4 4 -6 10
BITMAP
20
40
10
F0
ENDCHAR
STARTCHAR macrongravecomb
ENCODING -1
SWIDTH 0 0
DWIDTH 0 0
BBX 5 3 -6 10
BITMAP
40
00
F8
ENDCHAR
STARTCHAR macronacutecomb
ENCODING -1
SWIDTH 0 0
DWIDTH 0 0
BBX 5 3 -6 10
BITMAP
20
00
F8
ENDCHAR
STARTCHAR macrondieresiscomb
ENCODING -1
SWIDTH 0 0
DWIDTH 0 0
BBX 6 3 -7 10
BITMAP
CC
00
7C
ENDCHAR
STARTCHAR acutedotcomb
ENCODING -1
SWIDTH 0 0
DWIDTH 0 0
BBX 4 3 -6 10
BITMAP
C0
10
20
ENDCHAR
STARTCHAR carondotcomb
ENCODING -1
SWIDTH 0 0
DWIDTH 0 0
BBX 5 4 -7 10
BITMAP
20
30
D8
30
ENDCHAR
STARTCHAR circumflexacutecomb
ENCODING -1
SWIDTH 491 0
DWIDTH 8 0
BBX 7 4 2 10
BITMAP
06
04
70
D8
ENDCHAR
STARTCHAR circumflexgravecomb
ENCODING -1
SWIDTH 493 0
DWIDTH 8 0
BBX 7 3 0 10
BITMAP
80
78
36
ENDCHAR
STARTCHAR seven.alt
ENCODING -1
SWIDTH 561 0
DWIDTH 9 0
BBX 8 12 1 0
BITMAP
FF
03
03
04
04
0C
08
08
10
18
18
30
ENDCHAR
STARTCHAR circumflexhookcomb
ENCODING -1
SWIDTH 506 0
DWIDTH 8 0
BBX 7 4 1 10
BITMAP
06
02
6C
C4
ENDCHAR
STARTCHAR circumflextildecomb
ENCODING -1
SWIDTH 494 0
DWIDTH 8 0
BBX 5 4 2 10
BITMAP
78
00
70
C8
ENDCHAR
STARTCHAR tildemacroncomb
ENCODING -1
SWIDTH 0 0
DWIDTH 0 0
BBX 5 3 -6 10
BITMAP
F8
50
F0
ENDCHAR
STARTCHAR uni0490.smcp
ENCODING -1
SWIDTH 460 0
DWIDTH 7 0
BBX 7 12 1 0
BITMAP
06
06
FC
FC
40
40
40
40
40
40
40
40
ENDCHAR
STARTCHAR breveacutecomb
ENCODING -1
SWIDTH 452 0
DWIDTH 7 0
BBX 4 3 2 10
BITMAP
20
90
E0
ENDCHAR
STARTCHAR brevehookcomb
ENCODING -1
SWIDTH 452 0
DWIDTH 7 0
BBX 4 4 2 10
BITMAP
60
60
B0
E0
ENDCHAR
STARTCHAR tildedieresiscomb
ENCODING -1
SWIDTH 0 0
DWIDTH 0 0
BBX 6 4 -7 10
BITMAP
48
CC
08
78
ENDCHAR
STARTCHAR zero.frac
ENCODING -1
SWIDTH 366 0
DWIDTH 6 0
BBX 4 6 2 6
BITMAP
40
F0
B0
B0
B0
F0
ENDCHAR
STARTCHAR four.frac
ENCODING -1
SWIDTH 366 0
DWIDTH 6 0
BBX 5 6 1 6
BITMAP
20
30
50
90
F8
10
ENDCHAR
STARTCHAR five.frac
ENCODING -1
SWIDTH 366 0
DWIDTH 6 0
BBX 5 6 1 6
BITMAP
78
C0
60
70
18
78
ENDCHAR
STARTCHAR six.frac
ENCODING -1
SWIDTH 366 0
DWIDTH 6 0
BBX 6 6 1 6
BITMAP
10
70
50
D8
4C
78
ENDCHAR
STARTCHAR seven.frac
ENCODING -1
SWIDTH 366 0
DWIDTH 6 0
BBX 5 6 0 6
BITMAP
F8
18
10
30
20
60
ENDCHAR
STARTCHAR eight.frac
ENCODING -1
SWIDTH 366 0
DWIDTH 6 0
BBX 5 6 1 6
BITMAP
20
50
C8
70
D8
F8
ENDCHAR
STARTCHAR nine.frac
ENCODING -1
SWIDTH 366 0
DWIDTH 6 0
BBX 5 6 1 6
BITMAP
20
50
58
F8
08
70
ENDCHAR
STARTCHAR G.alt
ENCODING -1
SWIDTH 686 0
DWIDTH 11 0
BBX 9 12 1 0
BITMAP
0800
1F00
6180
C180
C000
4000
4780
4180
6180
6180
3F80
3E00
ENDCHAR
STARTCHAR C.ss06
ENCODING -1
SWIDTH 687 0
DWIDTH 11 0
BBX 10 12 1 0
BITMAP
0400
1F80
6180
40C0
C000
4000
4000
C000
6080
6180
3F00
1F80
ENDCHAR
STARTCHAR G.ss06
ENCODING -1
SWIDTH 709 0
DWIDTH 11 0
BBX 10 12 1 0
BITMAP
0400
1F80
6180
4080
C000
4000
43C0
C080
6080
6080
1FC0
1F80
ENDCHAR
STARTCHAR D.ss06
ENCODING -1
SWIDTH 696 0
DWIDTH 11 0
BBX 9 12 1 0
BITMAP
7000
4E00
4300
4180
4180
4180
4180
4180
4180
4180
FE00
7000
ENDCHAR
STARTCHAR O.ss06
ENCODING -1
SWIDTH 734 0
DWIDTH 12 0
BBX 10 12 1 0
BITMAP
0400
3F00
6180
4080
C0C0
40C0
40C0
C0C0
60C0
60C0
3F00
1F00
ENDCHAR
STARTCHAR Q.ss06
ENCODING -1
SWIDTH 735 0
DWIDTH 12 0
BBX 10 13 1 -1
BITMAP
0400
3F00
6180
4080
C0C0
40C0
40C0
C0C0
60C0
60C0
3F00
1F80
00C0
ENDCHAR
STARTCHAR one.onum
ENCODING -1
SWIDTH 479 0
DWIDTH 8 0
BBX 4 10 2 0
BITMAP
10
70
D0
10
10
10
10
10
10
10
ENDCHAR
STARTCHAR two.onum
ENCODING -1
SWIDTH 563 0
DWIDTH 9 0
BBX 7 10 2 0
BITMAP
10
78
CC
06
0C
18
30
60
FE
FE
ENDCHAR
STARTCHAR three.onum
ENCODING -1
SWIDTH 542 0
DWIDTH 9 0
BBX 8 12 0 -2
BITMAP
7F
7F
06
04
08
18
03
03
03
03
83
7E
ENDCHAR
STARTCHAR four.onum
ENCODING -1
SWIDTH 601 0
DWIDTH 10 0
BBX 9 12 0 -2
BITMAP
0300
0300
0E00
0A00
0A00
3200
3200
6200
FF80
FF80
0200
0200
ENDCHAR
STARTCHAR five.onum
ENCODING -1
SWIDTH 552 0
DWIDTH 9 0
BBX 8 12 1 -2
BITMAP
3F
3F
40
40
48
7E
63
02
02
03
86
7E
ENDCHAR
STARTCHAR seven.onum
ENCODING -1
SWIDTH 522 0
DWIDTH 8 0
BBX 7 12 2 -2
BITMAP
FE
FE
06
04
0C
08
10
30
20
60
20
60
ENDCHAR
STARTCHAR brevetildecomb
ENCODING -1
SWIDTH 455 0
DWIDTH 7 0
BBX 5 4 2 10
BITMAP
D0
B0
98
E0
ENDCHAR
STARTCHAR cyrillictic
ENCODING -1
SWIDTH 195 0
DWIDTH 3 0
BBX 1 4 2 -2
BITMAP
80
80
80
80
ENDCHAR
STARTCHAR OE.smcp
ENCODING -1
SWIDTH 830 0
DWIDTH 13 0
BBX 13 10 1 0
BITMAP
0FF0
3FF8
2200
C200
43F0
4200
C200
6200
3FF8
1FF0
ENDCHAR
STARTCHAR nine.onum
ENCODING -1
SWIDTH 590 0
DWIDTH 9 0
BBX 8 12 1 -2
BITMAP
08
3E
63
C1
41
C1
61
3F
02
03
06
7C
ENDCHAR
STARTCHAR N.unic
ENCODING -1
SWIDTH 712 0
DWIDTH 11 0
BBX 9 12 1 0
BITMAP
5C00
7F00
E180
C180
4180
4180
4180
4180
4180
4180
4180
4180
ENDCHAR
STARTCHAR U.unic
ENCODING -1
SWIDTH 712 0
DWIDTH 11 0
BBX 9 12 2 0
BITMAP
8300
8300
8300
8300
8300
8300
8300
8300
8300
C380
FF00
FB00
ENDCHAR
STARTCHAR A.unic
ENCODING -1
SWIDTH 680 0
DWIDTH 11 0
BBX 10 12 1 0
BITMAP
0400
3F80
6180
0180
0180
0780
3D80
6180
4180
C180
7F80
3CC0
ENDCHAR
STARTCHAR E.unic
ENCODING -1
SWIDTH 695 0
DWIDTH 11 0
BBX 10 12 1 0
BITMAP
0400
1F80
6180
4080
C040
7FC0
4000
C000
6000
6080
3FC0
0E00
ENDCHAR
STARTCHAR M.unic
ENCODING -1
SWIDTH 1084 0
DWIDTH 17 0
BBX 15 12 1 0
BITMAP
5E10
7F3C
E1C6
4186
4106
4106
4106
4106
4106
4106
4106
4106
ENDCHAR
STARTCHAR cyrillichookleft
ENCODING -1
SWIDTH 268 0
DWIDTH 4 0
BBX 4 4 0 -3
BITMAP
40
30
90
E0
ENDCHAR
STARTCHAR cyrillichook
ENCODING -1
SWIDTH 248 0
DWIDTH 4 0
BBX 4 5 -1 -3
BITMAP
10
10
10
30
E0
ENDCHAR
STARTCHAR three.tnum
ENCODING -1
SWIDTH 562 0
DWIDTH 9 0
BBX 8 12 0 -2
BITMAP
7F
7F
06
04
08
18
03
03
03
03
83
7E
ENDCHAR
STARTCHAR five.tnum
ENCODING -1
SWIDTH 562 0
DWIDTH 9 0
BBX 8 12 1 -2
BITMAP
3F
3F
40
40
48
7E
63
02
02
03
86
7E
ENDCHAR
STARTCHAR four.tnum
ENCODING -1
SWIDTH 562 0
DWIDTH 9 0
BBX 9 12 0 -2
BITMAP
0300
0300
0E00
0A00
0A00
3200
3200
6200
FF80
FF80
0200
0200
ENDCHAR
STARTCHAR two.tnum
ENCODING -1
SWIDTH 562 0
DWIDTH 9 0
BBX 7 10 2 0
BITMAP
10
78
CC
06
0C
18
30
60
FE
FE
ENDCHAR
STARTCHAR seven.tnum
ENCODING -1
SWIDTH 562 0
DWIDTH 9 0
BBX 7 12 2 -2
BITMAP
FE
FE
06
04
0C
08
10
30
20
60
20
60
ENDCHAR
STARTCHAR zero.tnum
ENCODING -1
SWIDTH 562 0
DWIDTH 9 0
BBX 9 10 0 0
BITMAP
0800
3E00
2200
C180
4100
4100
C180
6300
3F00
1C00
ENDCHAR
STARTCHAR six.tnum
ENCODING -1
SWIDTH 562 0
DWIDTH 9 0
BBX 8 12 1 0
BITMAP
1C
3C
60
60
C8
7E
63
42
C2
63
3E
1E
ENDCHAR
STARTCHAR nine.tnum
ENCODING -1
SWIDTH 562 0
DWIDTH 9 0
BBX 8 12 1 -2
BITMAP
08
3E
63
C1
41
C1
61
3F
02
03
06
7C
ENDCHAR
STARTCHAR eight.tnum
ENCODING -1
SWIDTH 562 0
DWIDTH 9 0
BBX 8 12 1 0
BITMAP
08
3E
66
C3
66
7E
3C
66
42
C3
7E
3E
ENDCHAR
STARTCHAR one.tnum
ENCODING -1
SWIDTH 562 0
DWIDTH 9 0
BBX 4 10 3 0
BITMAP
10
70
D0
10
10
10
10
10
10
10
ENDCHAR
STARTCHAR uni006A.ccmp
ENCODING -1
SWIDTH 252 0
DWIDTH 4 0
BBX 4 12 -1 -3
BITMAP
10
10
10
10
10
10
10
10
10
10
20
E0
ENDCHAR
STARTCHAR uni1D96.ccmp
ENCODING -1
SWIDTH 249 0
DWIDTH 4 0
BBX 4 12 1 -3
BITMAP
40
40
40
40
40
40
40
C0
C0
60
60
30
ENDCHAR
STARTCHAR uni0249.ccmp
ENCODING -1
SWIDTH 346 0
DWIDTH 6 0
BBX 6 12 0 -3
BITMAP
10
10
10
7C
10
10
10
10
10
10
20
E0
ENDCHAR
STARTCHAR uni0268.ccmp
ENCODING -1
SWIDTH 340 0
DWIDTH 5 0
BBX 5 9 0 0
BITMAP
20
20
20
F8
20
20
20
20
20
ENDCHAR
STARTCHAR uni0458.ccmp
ENCODING -1
SWIDTH 251 0
DWIDTH 4 0
BBX 4 12 -1 -3
BITMAP
10
10
10
10
10
10
10
10
10
10
20
E0
ENDCHAR
STARTCHAR uni029D.ccmp
ENCODING -1
SWIDTH 413 0
DWIDTH 7 0
BBX 7 12 0 -3
BITMAP
18
18
18
18
18
18
18
18
7E
D8
D8
70
ENDCHAR
STARTCHAR uni2071.ccmp
ENCODING -1
SWIDTH 214 0
DWIDTH 3 0
BBX 1 6 2 5
BITMAP
80
80
80
80
80
80
ENDCHAR
STARTCHAR uni0069.ccmp
ENCODING -1
SWIDTH 247 0
DWIDTH 4 0
BBX 1 9 2 0
BITMAP
80
80
80
80
80
80
80
80
80
ENDCHAR
STARTCHAR uni1DA4.ccmp
ENCODING -1
SWIDTH 297 0
DWIDTH 5 0
BBX 4 6 1 6
BITMAP
60
60
F0
F0
60
60
ENDCHAR
STARTCHAR uni012F.ccmp
ENCODING -1
SWIDTH 247 0
DWIDTH 4 0
BBX 3 12 1 -3
BITMAP
C0
C0
C0
C0
C0
C0
C0
C0
C0
C0
80
E0
ENDCHAR
STARTCHAR uni0456.ccmp
ENCODING -1
SWIDTH 247 0
DWIDTH 4 0
BBX 1 9 2 0
BITMAP
80
80
80
80
80
80
80
80
80
ENDCHAR
STARTCHAR uni1D62.ccmp
ENCODING -1
SWIDTH 213 0
DWIDTH 3 0
BBX 1 6 2 -1
BITMAP
80
80
80
80
80
80
ENDCHAR
STARTCHAR uni03F3.ccmp
ENCODING -1
SWIDTH 251 0
DWIDTH 4 0
BBX 4 12 -1 -3
BITMAP
10
10
10
10
10
10
10
10
10
10
20
E0
ENDCHAR
STARTCHAR uni1DA8.ccmp
ENCODING -1
SWIDTH 324 0
DWIDTH 5 0
BBX 4 9 1 3
BITMAP
60
60
60
60
60
60
F0
E0
E0
ENDCHAR
STARTCHAR uni02B2.ccmp
ENCODING -1
SWIDTH 222 0
DWIDTH 4 0
BBX 3 9 0 3
BITMAP
20
20
20
20
20
20
20
20
C0
ENDCHAR
STARTCHAR uni2C7C.ccmp
ENCODING -1
SWIDTH 222 0
DWIDTH 4 0
BBX 2 9 1 -4
BITMAP
40
40
40
40
40
40
40
C0
80
ENDCHAR
STARTCHAR Germandbls.smcp
ENCODING -1
SWIDTH 539 0
DWIDTH 9 0
BBX 7 10 2 0
BITMAP
20
F0
F8
98
A0
9C
8C
86
BC
BC
ENDCHAR
STARTCHAR uni02E9_uni02E7_uni02E6
ENCODING -1
SWIDTH 584 0
DWIDTH 9 0
BBX 8 12 1 0
BITMAP
03
03
03
07
0F
1B
1B
13
33
43
C3
43
ENDCHAR
STARTCHAR caronsubnosp
ENCODING -1
SWIDTH 0 0
DWIDTH 0 0
BBX 3 2 -6 -3
BITMAP
A0
40
ENDCHAR
STARTCHAR uni02E5_uni02E7_uni02E9
ENCODING -1
SWIDTH 584 0
DWIDTH 9 0
BBX 7 12 2 0
BITMAP
86
C6
46
46
26
26
36
16
0E
0E
06
06
ENDCHAR
STARTCHAR uni02E9_uni02E5_uni02E5
ENCODING -1
SWIDTH 584 0
DWIDTH 9 0
BBX 8 12 1 0
BITMAP
1F
12
22
32
22
42
62
42
82
82
82
82
ENDCHAR
STARTCHAR uni02E5_uni02E7_uni02E6
ENCODING -1
SWIDTH 584 0
DWIDTH 9 0
BBX 7 12 2 0
BITMAP
86
C6
46
4C
3E
36
06
06
06
06
06
06
ENDCHAR
STARTCHAR uni02E5_uni02E7_uni02E7
ENCODING -1
SWIDTH 584 0
DWIDTH 9 0
BBX 8 12 1 0
BITMAP
83
C3
43
43
23
3E
03
03
03
03
03
03
ENDCHAR
STARTCHAR uni02E5_uni02E7_uni02E5
ENCODING -1
SWIDTH 584 0
DWIDTH 9 0
BBX 7 12 2 0
BITMAP
86
CC
5C
56
36
26
06
06
06
06
06
06
ENDCHAR
STARTCHAR uni02E5_uni02E9_uni02E8
ENCODING -1
SWIDTH 584 0
DWIDTH 9 0
BBX 8 12 1 0
BITMAP
42
C2
42
22
22
22
22
12
1B
1E
0A
12
ENDCHAR
STARTCHAR uni02E9_uni02E7_uni02E5
ENCODING -1
SWIDTH 584 0
DWIDTH 9 0
BBX 8 12 1 0
BITMAP
03
07
07
0F
0B
0B
1B
13
33
43
C3
43
ENDCHAR
STARTCHAR uni02E6_uni02E9_uni02E7
ENCODING -1
SWIDTH 584 0
DWIDTH 9 0
BBX 7 12 2 0
BITMAP
06
06
06
86
86
46
CC
5C
36
36
26
26
ENDCHAR
STARTCHAR uni02E6_uni02E9_uni02E6
ENCODING -1
SWIDTH 584 0
DWIDTH 9 0
BBX 7 12 2 0
BITMAP
06
06
06
86
8C
4E
CE
56
36
36
26
26
ENDCHAR
STARTCHAR uni02E6_uni02E9_uni02E5
ENCODING -1
SWIDTH 584 0
DWIDTH 9 0
BBX 7 12 2 0
BITMAP
06
06
06
8E
CC
4C
D4
54
34
34
24
24
ENDCHAR
STARTCHAR uni02E6_uni02E9_uni02E9
ENCODING -1
SWIDTH 584 0
DWIDTH 9 0
BBX 8 12 1 0
BITMAP
03
03
03
83
83
43
C3
43
23
33
3E
3E
ENDCHAR
STARTCHAR uni02E6_uni02E9_uni02E8
ENCODING -1
SWIDTH 584 0
DWIDTH 9 0
BBX 7 12 2 0
BITMAP
06
06
06
86
86
46
C6
46
2C
3E
16
26
ENDCHAR
STARTCHAR uni02E7_uni02E5_uni02E6
ENCODING -1
SWIDTH 584 0
DWIDTH 9 0
BBX 8 12 1 0
BITMAP
13
1F
1E
66
43
C3
03
03
03
03
03
03
ENDCHAR
STARTCHAR uni02E7_uni02E5_uni02E7
ENCODING -1
SWIDTH 584 0
DWIDTH 9 0
BBX 8 12 1 0
BITMAP
12
1A
1A
6A
47
C6
02
02
02
02
02
02
ENDCHAR
STARTCHAR uni02E7_uni02E5_uni02E5
ENCODING -1
SWIDTH 584 0
DWIDTH 9 0
BBX 9 12 0 0
BITMAP
1F00
1980
1180
3180
4180
C180
0180
0180
0180
0180
0180
0180
ENDCHAR
STARTCHAR uni02E7_uni02E5_uni02E8
ENCODING -1
SWIDTH 584 0
DWIDTH 9 0
BBX 8 12 1 0
BITMAP
13
1B
33
3B
4B
C7
06
06
03
03
03
03
ENDCHAR
STARTCHAR uni02E7_uni02E5_uni02E9
ENCODING -1
SWIDTH 584 0
DWIDTH 9 0
BBX 8 12 1 0
BITMAP
12
1A
32
3A
4E
CA
06
0E
06
03
03
02
ENDCHAR
STARTCHAR uni02E5_uni02E9_uni02E6
ENCODING -1
SWIDTH 584 0
DWIDTH 9 0
BBX 8 12 1 0
BITMAP
42
C2
42
23
23
27
26
1A
1E
0A
12
12
ENDCHAR
STARTCHAR uni02E5_uni02E9_uni02E7
ENCODING -1
SWIDTH 584 0
DWIDTH 9 0
BBX 8 12 1 0
BITMAP
42
C2
42
22
22
23
26
17
1A
1A
0A
12
ENDCHAR
STARTCHAR uni02E9_uni02E7_uni02E8
ENCODING -1
SWIDTH 584 0
DWIDTH 9 0
BBX 8 12 1 0
BITMAP
03
03
03
03
03
13
1F
1E
36
43
C3
43
ENDCHAR
STARTCHAR uni02E9_uni02E7_uni02E9
ENCODING -1
SWIDTH 584 0
DWIDTH 9 0
BBX 8 12 1 0
BITMAP
03
03
03
03
03
13
13
3B
3B
47
C6
43
ENDCHAR
STARTCHAR uni02E9_uni02E6_uni02E5
ENCODING -1
SWIDTH 584 0
DWIDTH 9 0
BBX 7 12 2 0
BITMAP
06
0E
1A
12
32
22
42
C2
42
82
82
82
ENDCHAR
STARTCHAR uni02E5_uni02E9_uni02E5
ENCODING -1
SWIDTH 584 0
DWIDTH 9 0
BBX 8 12 1 0
BITMAP
43
C3
43
27
25
25
29
19
19
11
11
11
ENDCHAR
STARTCHAR uni02E6_uni02E5_uni02E9
ENCODING -1
SWIDTH 584 0
DWIDTH 9 0
BBX 7 12 2 0
BITMAP
24
64
E4
94
14
14
14
0C
0C
0C
06
04
ENDCHAR
STARTCHAR uni02E6_uni02E5_uni02E8
ENCODING -1
SWIDTH 584 0
DWIDTH 9 0
BBX 7 12 2 0
BITMAP
26
66
E6
96
16
0E
0E
0C
0C
06
06
06
ENDCHAR
STARTCHAR uni02E6_uni02E7_uni02E5
ENCODING -1
SWIDTH 584 0
DWIDTH 9 0
BBX 8 12 1 0
BITMAP
06
07
0E
CE
76
36
06
06
06
06
06
06
ENDCHAR
STARTCHAR uni02E7_uni02E9_uni02E8
ENCODING -1
SWIDTH 584 0
DWIDTH 9 0
BBX 7 12 2 0
BITMAP
06
06
06
06
06
86
C6
46
6C
3E
36
26
ENDCHAR
STARTCHAR uni02E6_uni02E7_uni02E7
ENCODING -1
SWIDTH 584 0
DWIDTH 9 0
BBX 8 12 0 0
BITMAP
03
03
03
C3
63
3F
03
03
03
03
03
03
ENDCHAR
STARTCHAR uni02E6_uni02E7_uni02E6
ENCODING -1
SWIDTH 584 0
DWIDTH 9 0
BBX 8 12 1 0
BITMAP
06
06
06
C7
6E
1E
06
06
06
06
06
06
ENDCHAR
STARTCHAR uni02E6_uni02E7_uni02E9
ENCODING -1
SWIDTH 584 0
DWIDTH 9 0
BBX 7 12 2 0
BITMAP
02
02
82
C2
62
32
32
12
1A
0E
06
02
ENDCHAR
STARTCHAR uni02E6_uni02E7_uni02E8
ENCODING -1
SWIDTH 584 0
DWIDTH 9 0
BBX 8 12 1 0
BITMAP
01
01
01
C1
31
19
0D
07
03
01
01
01
ENDCHAR
STARTCHAR uni02E6_uni02E5_uni02E7
ENCODING -1
SWIDTH 584 0
DWIDTH 9 0
BBX 7 12 2 0
BITMAP
26
66
D6
96
0E
0C
06
06
06
06
06
06
ENDCHAR
STARTCHAR uni02E6_uni02E5_uni02E6
ENCODING -1
SWIDTH 584 0
DWIDTH 9 0
BBX 6 12 2 0
BITMAP
2C
7C
DC
8C
0C
0C
0C
0C
0C
0C
0C
0C
ENDCHAR
STARTCHAR uni02E6_uni02E5_uni02E5
ENCODING -1
SWIDTH 584 0
DWIDTH 9 0
BBX 7 12 1 0
BITMAP
3E
66
C6
86
06
06
06
06
06
06
06
06
ENDCHAR
STARTCHAR uni02E5_uni02E7
ENCODING -1
SWIDTH 437 0
DWIDTH 7 0
BBX 4 12 2 0
BITMAP
B0
F0
70
70
70
30
30
30
30
30
30
30
ENDCHAR
STARTCHAR uni02E5_uni02E6
ENCODING -1
SWIDTH 437 0
DWIDTH 7 0
BBX 4 12 2 0
BITMAP
90
D0
70
30
10
10
10
10
10
10
10
10
ENDCHAR
STARTCHAR uni02E7_uni02E7_uni02E9
ENCODING -1
SWIDTH 584 0
DWIDTH 9 0
BBX 7 12 2 0
BITMAP
06
06
06
06
06
E6
36
16
16
1C
0C
06
ENDCHAR
STARTCHAR uni02E5_uni02E9
ENCODING -1
SWIDTH 437 0
DWIDTH 7 0
BBX 6 12 1 0
BITMAP
4C
CC
4C
2C
2C
2C
2C
1C
1C
18
0C
0C
ENDCHAR
STARTCHAR uni02E5_uni02E8
ENCODING -1
SWIDTH 437 0
DWIDTH 7 0
BBX 5 12 1 0
BITMAP
58
D8
58
38
38
18
38
18
18
18
18
18
ENDCHAR
STARTCHAR uni02E8_uni02E7_uni02E7
ENCODING -1
SWIDTH 584 0
DWIDTH 9 0
BBX 7 12 1 0
BITMAP
06
06
06
06
06
3E
66
C6
86
06
06
06
ENDCHAR
STARTCHAR uni02E8_uni02E7_uni02E6
ENCODING -1
SWIDTH 584 0
DWIDTH 9 0
BBX 8 12 1 0
BITMAP
01
01
01
03
0D
19
31
61
C1
01
01
01
ENDCHAR
STARTCHAR uni02E8_uni02E7_uni02E5
ENCODING -1
SWIDTH 584 0
DWIDTH 9 0
BBX 8 12 1 0
BITMAP
03
03
07
05
09
09
31
61
C1
01
01
01
ENDCHAR
STARTCHAR uni02E8_uni02E5_uni02E9
ENCODING -1
SWIDTH 584 0
DWIDTH 9 0
BBX 7 12 2 0
BITMAP
24
24
34
34
74
54
8C
DC
8C
06
06
04
ENDCHAR
STARTCHAR uni02E6_uni02E6_uni02E5
ENCODING -1
SWIDTH 584 0
DWIDTH 9 0
BBX 8 12 1 0
BITMAP
06
0E
1B
F3
03
03
03
03
03
03
03
03
ENDCHAR
STARTCHAR uni02E6_uni02E6_uni02E7
ENCODING -1
SWIDTH 584 0
DWIDTH 9 0
BBX 8 12 1 0
BITMAP
03
03
03
F3
0F
07
03
03
03
03
03
03
ENDCHAR
STARTCHAR uni02E6_uni02E6_uni02E8
ENCODING -1
SWIDTH 584 0
DWIDTH 9 0
BBX 8 12 1 0
BITMAP
03
03
03
F3
13
0F
07
07
06
03
03
03
ENDCHAR
STARTCHAR uni02E6_uni02E6_uni02E9
ENCODING -1
SWIDTH 584 0
DWIDTH 9 0
BBX 7 12 2 0
BITMAP
0C
0C
0C
EC
2C
1C
3C
1C
1C
0E
0C
0C
ENDCHAR
STARTCHAR uni02E8_uni02E5_uni02E7
ENCODING -1
SWIDTH 584 0
DWIDTH 9 0
BBX 7 12 2 0
BITMAP
26
26
36
36
4E
4C
86
C6
86
06
06
06
ENDCHAR
STARTCHAR uni02E8_uni02E5_uni02E6
ENCODING -1
SWIDTH 584 0
DWIDTH 9 0
BBX 7 12 2 0
BITMAP
26
36
7C
2C
46
46
86
C6
86
06
06
06
ENDCHAR
STARTCHAR uni02E8_uni02E7_uni02E9
ENCODING -1
SWIDTH 584 0
DWIDTH 9 0
BBX 6 12 2 0
BITMAP
0C
0C
0C
0C
0C
2C
6C
DC
9C
1C
0C
0C
ENDCHAR
STARTCHAR uni02E5_uni02E9_uni02E9
ENCODING -1
SWIDTH 584 0
DWIDTH 9 0
BBX 9 12 0 0
BITMAP
4100
C100
4100
2100
2100
2100
2100
1100
1900
1100
0F80
0F80
ENDCHAR
STARTCHAR uni02E5_uni02E5_uni02E8
ENCODING -1
SWIDTH 584 0
DWIDTH 9 0
BBX 6 12 2 0
BITMAP
EC
6C
2C
1C
1C
0C
1C
0C
0C
0C
0C
0C
ENDCHAR
STARTCHAR uni02E5_uni02E5_uni02E9
ENCODING -1
SWIDTH 584 0
DWIDTH 9 0
BBX 7 12 2 0
BITMAP
E6
66
26
16
16
16
16
0E
0E
0C
06
06
ENDCHAR
STARTCHAR uni02E5_uni02E5_uni02E6
ENCODING -1
SWIDTH 584 0
DWIDTH 9 0
BBX 7 12 2 0
BITMAP
E6
36
1C
0C
06
06
06
06
06
06
06
06
ENDCHAR
STARTCHAR uni02E5_uni02E5_uni02E7
ENCODING -1
SWIDTH 584 0
DWIDTH 9 0
BBX 7 12 2 0
BITMAP
E6
36
16
16
1C
0C
06
06
06
06
06
06
ENDCHAR
STARTCHAR uni02E5_uni02E6_uni02E7
ENCODING -1
SWIDTH 584 0
DWIDTH 9 0
BBX 7 12 2 0
BITMAP
82
C2
62
32
1A
0E
06
02
02
02
02
02
ENDCHAR
STARTCHAR uni02E5_uni02E6_uni02E6
ENCODING -1
SWIDTH 584 0
DWIDTH 9 0
BBX 7 12 1 0
BITMAP
86
C6
66
3E
06
06
06
06
06
06
06
06
ENDCHAR
STARTCHAR uni02E5_uni02E6_uni02E5
ENCODING -1
SWIDTH 584 0
DWIDTH 9 0
BBX 6 12 2 0
BITMAP
8C
DC
7C
2C
0C
0C
0C
0C
0C
0C
0C
0C
ENDCHAR
STARTCHAR uni02E9_uni02E6_uni02E8
ENCODING -1
SWIDTH 584 0
DWIDTH 9 0
BBX 7 12 2 0
BITMAP
06
06
06
26
36
3E
4E
CC
4C
86
86
86
ENDCHAR
STARTCHAR uni02E9_uni02E6_uni02E7
ENCODING -1
SWIDTH 584 0
DWIDTH 9 0
BBX 7 12 2 0
BITMAP
06
06
06
26
3E
2E
46
C6
46
86
86
86
ENDCHAR
STARTCHAR uni02E9_uni02E6_uni02E6
ENCODING -1
SWIDTH 584 0
DWIDTH 9 0
BBX 8 12 1 0
BITMAP
03
03
03
3E
33
23
43
C3
43
83
83
83
ENDCHAR
STARTCHAR uni02E5_uni02E6_uni02E9
ENCODING -1
SWIDTH 584 0
DWIDTH 9 0
BBX 7 12 2 0
BITMAP
84
C4
64
24
14
1C
14
1C
0E
06
06
04
ENDCHAR
STARTCHAR uni02E5_uni02E6_uni02E8
ENCODING -1
SWIDTH 584 0
DWIDTH 9 0
BBX 7 12 2 0
BITMAP
82
C2
62
22
32
0A
0E
06
06
02
02
02
ENDCHAR
STARTCHAR uni02E8_uni02E6
ENCODING -1
SWIDTH 437 0
DWIDTH 7 0
BBX 4 12 2 0
BITMAP
30
30
30
30
70
70
70
F0
B0
30
30
30
ENDCHAR
STARTCHAR uni02E8_uni02E7
ENCODING -1
SWIDTH 437 0
DWIDTH 7 0
BBX 4 12 2 0
BITMAP
10
10
10
10
10
30
70
D0
90
10
10
10
ENDCHAR
STARTCHAR uni02E8_uni02E5
ENCODING -1
SWIDTH 437 0
DWIDTH 7 0
BBX 4 12 2 0
BITMAP
30
30
70
70
70
70
B0
F0
B0
30
30
30
ENDCHAR
STARTCHAR uni02E8_uni02E9
ENCODING -1
SWIDTH 437 0
DWIDTH 7 0
BBX 5 12 1 0
BITMAP
08
08
08
08
08
08
08
08
C8
68
18
08
ENDCHAR
STARTCHAR uni02E8_uni02E8_uni02E5
ENCODING -1
SWIDTH 584 0
DWIDTH 9 0
BBX 6 12 2 0
BITMAP
0C
0C
1C
1C
1C
1C
2C
3C
EC
0C
0C
0C
ENDCHAR
STARTCHAR uni02E8_uni02E6_uni02E8
ENCODING -1
SWIDTH 584 0
DWIDTH 9 0
BBX 7 12 2 0
BITMAP
06
06
06
26
36
5E
4E
CC
8C
06
06
06
ENDCHAR
STARTCHAR uni02E8_uni02E6_uni02E9
ENCODING -1
SWIDTH 584 0
DWIDTH 9 0
BBX 7 12 2 0
BITMAP
06
06
06
26
36
56
56
CE
8E
0C
06
06
ENDCHAR
STARTCHAR uni02E8_uni02E6_uni02E6
ENCODING -1
SWIDTH 584 0
DWIDTH 9 0
BBX 8 12 1 0
BITMAP
03
03
03
3E
63
43
43
C3
83
03
03
03
ENDCHAR
STARTCHAR uni02E8_uni02E6_uni02E7
ENCODING -1
SWIDTH 584 0
DWIDTH 9 0
BBX 7 12 2 0
BITMAP
06
06
06
26
3E
4E
46
C6
86
06
06
06
ENDCHAR
STARTCHAR uni02E8_uni02E6_uni02E5
ENCODING -1
SWIDTH 584 0
DWIDTH 9 0
BBX 7 12 1 0
BITMAP
06
0E
1E
16
36
26
C6
86
86
06
06
06
ENDCHAR
STARTCHAR uni02E7_uni02E8_uni02E7
ENCODING -1
SWIDTH 584 0
DWIDTH 9 0
BBX 6 12 2 0
BITMAP
0C
0C
0C
0C
0C
8C
DC
7C
2C
0C
0C
0C
ENDCHAR
STARTCHAR uni02E9_uni02E7_uni02E7
ENCODING -1
SWIDTH 584 0
DWIDTH 9 0
BBX 9 12 0 0
BITMAP
0180
0180
0180
0180
0180
1F00
1980
1180
3180
4180
C180
4180
ENDCHAR
STARTCHAR uni02E7_uni02E8_uni02E5
ENCODING -1
SWIDTH 584 0
DWIDTH 9 0
BBX 7 12 2 0
BITMAP
0C
0C
0E
0E
16
96
E6
76
26
06
06
06
ENDCHAR
STARTCHAR uni02E9_uni02E5_uni02E7
ENCODING -1
SWIDTH 584 0
DWIDTH 9 0
BBX 7 12 2 0
BITMAP
24
14
34
3C
2E
46
64
44
84
84
84
84
ENDCHAR
STARTCHAR uni02E9_uni02E5_uni02E8
ENCODING -1
SWIDTH 584 0
DWIDTH 9 0
BBX 7 12 2 0
BITMAP
24
24
34
3C
2C
5C
6C
46
86
84
84
84
ENDCHAR
STARTCHAR uni02E9_uni02E5_uni02E9
ENCODING -1
SWIDTH 584 0
DWIDTH 9 0
BBX 7 12 2 0
BITMAP
22
22
22
72
32
4A
6A
4A
86
86
86
82
ENDCHAR
STARTCHAR uni02E7_uni02E8_uni02E9
ENCODING -1
SWIDTH 584 0
DWIDTH 9 0
BBX 7 12 2 0
BITMAP
02
02
02
02
02
82
C2
62
32
1A
06
02
ENDCHAR
STARTCHAR uni02E7_uni02E8_uni02E8
ENCODING -1
SWIDTH 584 0
DWIDTH 9 0
BBX 7 12 1 0
BITMAP
06
06
06
06
06
86
C6
66
3E
06
06
06
ENDCHAR
STARTCHAR uni02E8_uni02E5_uni02E8
ENCODING -1
SWIDTH 584 0
DWIDTH 9 0
BBX 7 12 2 0
BITMAP
26
26
36
36
56
4E
8C
CC
86
06
06
06
ENDCHAR
STARTCHAR uni02E8_uni02E5_uni02E5
ENCODING -1
SWIDTH 584 0
DWIDTH 9 0
BBX 8 12 1 0
BITMAP
3E
23
63
23
43
43
83
C3
83
03
03
03
ENDCHAR
STARTCHAR uni02E7_uni02E9
ENCODING -1
SWIDTH 437 0
DWIDTH 7 0
BBX 4 12 2 0
BITMAP
30
30
30
30
30
B0
F0
70
70
70
30
30
ENDCHAR
STARTCHAR uni02E7_uni02E8
ENCODING -1
SWIDTH 437 0
DWIDTH 7 0
BBX 4 12 2 0
BITMAP
10
10
10
10
10
90
D0
70
30
10
10
10
ENDCHAR
STARTCHAR uni02E8_uni02E9_uni02E7
ENCODING -1
SWIDTH 584 0
DWIDTH 9 0
BBX 8 12 1 0
BITMAP
03
03
03
03
03
03
06
07
CF
6B
33
13
ENDCHAR
STARTCHAR uni02E8_uni02E9_uni02E6
ENCODING -1
SWIDTH 584 0
DWIDTH 9 0
BBX 8 12 1 0
BITMAP
03
03
03
06
06
07
0B
0F
CB
73
13
13
ENDCHAR
STARTCHAR uni02E7_uni02E5
ENCODING -1
SWIDTH 437 0
DWIDTH 7 0
BBX 6 12 1 0
BITMAP
18
1C
38
38
58
D8
18
18
18
18
18
18
ENDCHAR
STARTCHAR uni02E8_uni02E9_uni02E8
ENCODING -1
SWIDTH 584 0
DWIDTH 9 0
BBX 7 12 1 0
BITMAP
06
06
06
06
06
06
06
06
C6
6E
1E
16
ENDCHAR
STARTCHAR uni02E9_uni02E5_uni02E6
ENCODING -1
SWIDTH 584 0
DWIDTH 9 0
BBX 7 12 2 0
BITMAP
14
34
2E
36
24
44
64
44
84
84
84
84
ENDCHAR
STARTCHAR uni02E7_uni02E6
ENCODING -1
SWIDTH 437 0
DWIDTH 7 0
BBX 5 12 1 0
BITMAP
08
08
08
18
38
C8
08
08
08
08
08
08
ENDCHAR
STARTCHAR uni02E8_uni02E8_uni02E7
ENCODING -1
SWIDTH 584 0
DWIDTH 9 0
BBX 8 12 1 0
BITMAP
03
03
03
03
03
06
0E
1B
F3
03
03
03
ENDCHAR
STARTCHAR uni02E8_uni02E7_uni02E8
ENCODING -1
SWIDTH 584 0
DWIDTH 9 0
BBX 6 12 2 0
BITMAP
0C
0C
0C
0C
0C
2C
7C
DC
8C
0C
0C
0C
ENDCHAR
STARTCHAR uni02E7_uni02E7_uni02E8
ENCODING -1
SWIDTH 584 0
DWIDTH 9 0
BBX 7 12 2 0
BITMAP
06
06
06
06
06
E6
36
1C
0C
06
06
06
ENDCHAR
STARTCHAR uni02E7_uni02E7_uni02E5
ENCODING -1
SWIDTH 584 0
DWIDTH 9 0
BBX 8 12 1 0
BITMAP
06
06
0E
0F
0B
F3
03
03
03
03
03
03
ENDCHAR
STARTCHAR uni02E7_uni02E7_uni02E6
ENCODING -1
SWIDTH 584 0
DWIDTH 9 0
BBX 7 12 2 0
BITMAP
06
06
06
0C
1E
F6
06
06
06
06
06
06
ENDCHAR
STARTCHAR uni02E7_uni02E9_uni02E9
ENCODING -1
SWIDTH 584 0
DWIDTH 9 0
BBX 8 12 1 0
BITMAP
03
03
03
03
03
83
C3
43
63
23
3E
3E
ENDCHAR
STARTCHAR uni02E7_uni02E9_uni02E6
ENCODING -1
SWIDTH 584 0
DWIDTH 9 0
BBX 7 12 2 0
BITMAP
06
06
06
06
0C
8E
CE
56
76
36
26
26
ENDCHAR
STARTCHAR uni02E7_uni02E9_uni02E7
ENCODING -1
SWIDTH 584 0
DWIDTH 9 0
BBX 7 12 2 0
BITMAP
04
04
04
04
04
86
CC
5C
74
34
24
24
ENDCHAR
STARTCHAR uni02E7_uni02E9_uni02E5
ENCODING -1
SWIDTH 584 0
DWIDTH 9 0
BBX 7 12 2 0
BITMAP
06
06
06
0E
0C
8C
D4
54
74
64
24
24
ENDCHAR
STARTCHAR uni02E7_uni02E8_uni02E6
ENCODING -1
SWIDTH 584 0
DWIDTH 9 0
BBX 7 12 2 0
BITMAP
06
06
06
0C
0E
96
D6
76
26
06
06
06
ENDCHAR
STARTCHAR uni02E8_uni02E8_uni02E9
ENCODING -1
SWIDTH 584 0
DWIDTH 9 0
BBX 8 12 1 0
BITMAP
03
03
03
03
03
03
03
03
F3
0F
07
03
ENDCHAR
STARTCHAR uni02E5_uni02E8_uni02E5
ENCODING -1
SWIDTH 584 0
DWIDTH 9 0
BBX 8 12 1 0
BITMAP
43
C6
46
27
3B
3B
1B
13
13
03
03
03
ENDCHAR
STARTCHAR uni02E5_uni02E8_uni02E7
ENCODING -1
SWIDTH 584 0
DWIDTH 9 0
BBX 8 12 1 0
BITMAP
43
C3
43
23
33
23
1E
1B
13
03
03
03
ENDCHAR
STARTCHAR uni02E5_uni02E8_uni02E6
ENCODING -1
SWIDTH 584 0
DWIDTH 9 0
BBX 8 12 1 0
BITMAP
43
C3
43
26
37
2B
3B
13
13
03
03
03
ENDCHAR
STARTCHAR uni02E6_uni02E8_uni02E8
ENCODING -1
SWIDTH 584 0
DWIDTH 9 0
BBX 8 12 1 0
BITMAP
03
03
03
83
83
C3
43
33
3E
03
03
03
ENDCHAR
STARTCHAR uni02E6_uni02E8_uni02E9
ENCODING -1
SWIDTH 584 0
DWIDTH 9 0
BBX 8 12 0 0
BITMAP
03
03
43
C3
23
33
13
13
1B
0F
07
03
ENDCHAR
STARTCHAR uni02E6_uni02E8_uni02E6
ENCODING -1
SWIDTH 584 0
DWIDTH 9 0
BBX 7 12 2 0
BITMAP
06
06
06
8C
8E
D6
76
36
26
06
06
06
ENDCHAR
STARTCHAR uni02E6_uni02E8_uni02E7
ENCODING -1
SWIDTH 584 0
DWIDTH 9 0
BBX 7 12 2 0
BITMAP
06
06
06
86
86
C6
4E
3E
26
06
06
06
ENDCHAR
STARTCHAR uni02E6_uni02E8_uni02E5
ENCODING -1
SWIDTH 584 0
DWIDTH 9 0
BBX 7 12 2 0
BITMAP
06
0C
0C
8E
96
F6
66
36
26
06
06
06
ENDCHAR
STARTCHAR uni02E5_uni02E8_uni02E9
ENCODING -1
SWIDTH 584 0
DWIDTH 9 0
BBX 8 12 1 0
BITMAP
41
C1
41
21
31
21
31
11
19
0D
03
01
ENDCHAR
STARTCHAR uni02E5_uni02E8_uni02E8
ENCODING -1
SWIDTH 584 0
DWIDTH 9 0
BBX 9 12 0 0
BITMAP
4180
C180
4180
2180
3180
2180
3180
1180
1F00
0180
0180
0180
ENDCHAR
STARTCHAR uni02E9_uni02E8
ENCODING -1
SWIDTH 437 0
DWIDTH 7 0
BBX 5 12 1 0
BITMAP
08
08
08
08
08
08
08
08
18
38
C8
48
ENDCHAR
STARTCHAR uni02E8_uni02E9_uni02E5
ENCODING -1
SWIDTH 584 0
DWIDTH 9 0
BBX 8 12 1 0
BITMAP
03
03
06
07
06
0A
0E
0A
D2
72
12
12
ENDCHAR
STARTCHAR uni02E9_uni02E7
ENCODING -1
SWIDTH 437 0
DWIDTH 7 0
BBX 6 12 1 0
BITMAP
18
18
18
18
18
18
1C
38
38
58
D8
58
ENDCHAR
STARTCHAR uni02E9_uni02E6
ENCODING -1
SWIDTH 437 0
DWIDTH 7 0
BBX 5 12 2 0
BITMAP
30
30
30
30
38
70
70
70
70
B0
B0
B0
ENDCHAR
STARTCHAR uni02E9_uni02E5
ENCODING -1
SWIDTH 437 0
DWIDTH 7 0
BBX 5 12 2 0
BITMAP
18
30
30
38
38
58
78
58
98
98
98
98
ENDCHAR
STARTCHAR uni02E9_uni02E8_uni02E9
ENCODING -1
SWIDTH 584 0
DWIDTH 9 0
BBX 7 12 1 0
BITMAP
06
06
06
06
06
06
06
06
1E
3E
CE
46
ENDCHAR
STARTCHAR uni02E9_uni02E8_uni02E8
ENCODING -1
SWIDTH 584 0
DWIDTH 9 0
BBX 8 12 0 0
BITMAP
03
03
03
03
03
03
03
03
3F
33
C3
43
ENDCHAR
STARTCHAR uni02E9_uni02E8_uni02E5
ENCODING -1
SWIDTH 584 0
DWIDTH 9 0
BBX 8 12 1 0
BITMAP
03
03
03
07
06
0A
1A
0A
1A
32
C2
42
ENDCHAR
STARTCHAR uni02E9_uni02E8_uni02E7
ENCODING -1
SWIDTH 584 0
DWIDTH 9 0
BBX 8 12 1 0
BITMAP
01
01
01
01
01
03
07
0D
19
31
C1
41
ENDCHAR
STARTCHAR uni02E9_uni02E8_uni02E6
ENCODING -1
SWIDTH 584 0
DWIDTH 9 0
BBX 8 12 1 0
BITMAP
01
01
01
03
07
0D
09
09
19
31
C1
41
ENDCHAR
STARTCHAR uni02E8_uni02E9_uni02E9
ENCODING -1
SWIDTH 584 0
DWIDTH 9 0
BBX 8 12 0 0
BITMAP
03
03
03
03
03
03
03
03
C3
63
3F
1F
ENDCHAR
STARTCHAR uni02E9_uni02E6_uni02E9
ENCODING -1
SWIDTH 584 0
DWIDTH 9 0
BBX 7 12 2 0
BITMAP
06
06
06
26
36
36
56
D6
4E
8C
8C
86
ENDCHAR
STARTCHAR uni02E9_uni02E9_uni02E8
ENCODING -1
SWIDTH 584 0
DWIDTH 9 0
BBX 7 12 2 0
BITMAP
06
06
06
06
06
06
06
06
0C
1E
F6
E6
ENDCHAR
STARTCHAR uni02E7_uni02E6_uni02E5
ENCODING -1
SWIDTH 584 0
DWIDTH 9 0
BBX 7 12 2 0
BITMAP
06
0E
1A
32
62
C2
82
02
02
02
02
02
ENDCHAR
STARTCHAR uni02E7_uni02E6_uni02E7
ENCODING -1
SWIDTH 584 0
DWIDTH 9 0
BBX 7 12 1 0
BITMAP
06
06
06
1E
6E
CE
06
06
06
06
06
06
ENDCHAR
STARTCHAR uni02E7_uni02E6_uni02E6
ENCODING -1
SWIDTH 584 0
DWIDTH 9 0
BBX 8 12 0 0
BITMAP
03
03
03
3F
33
C3
03
03
03
03
03
03
ENDCHAR
STARTCHAR uni02E7_uni02E6_uni02E9
ENCODING -1
SWIDTH 584 0
DWIDTH 9 0
BBX 8 12 1 0
BITMAP
03
03
03
13
73
CB
1B
0B
07
06
06
03
ENDCHAR
STARTCHAR uni02E7_uni02E6_uni02E8
ENCODING -1
SWIDTH 584 0
DWIDTH 9 0
BBX 8 12 1 0
BITMAP
03
03
03
13
3B
CF
07
06
06
03
03
03
ENDCHAR
STARTCHAR uni02E9_uni02E9_uni02E5
ENCODING -1
SWIDTH 584 0
DWIDTH 9 0
BBX 7 12 2 0
BITMAP
06
0C
0C
0E
0E
16
1E
16
26
26
E6
E6
ENDCHAR
STARTCHAR uni02E9_uni02E9_uni02E6
ENCODING -1
SWIDTH 584 0
DWIDTH 9 0
BBX 7 12 1 0
BITMAP
06
06
06
06
06
0E
0E
0E
0E
16
F6
76
ENDCHAR
STARTCHAR uni02E9_uni02E9_uni02E7
ENCODING -1
SWIDTH 584 0
DWIDTH 9 0
BBX 8 12 1 0
BITMAP
03
03
03
03
03
06
06
0E
0F
0B
F3
73
ENDCHAR
STARTCHAR uni02E6_uni02E8
ENCODING -1
SWIDTH 437 0
DWIDTH 7 0
BBX 4 12 2 0
BITMAP
30
30
30
B0
B0
F0
70
70
30
30
30
30
ENDCHAR
STARTCHAR uni02E6_uni02E9
ENCODING -1
SWIDTH 437 0
DWIDTH 7 0
BBX 5 12 2 0
BITMAP
30
30
30
B0
B0
70
F0
70
70
38
30
30
ENDCHAR
STARTCHAR uni02E8_uni02E8_uni02E6
ENCODING -1
SWIDTH 584 0
DWIDTH 9 0
BBX 7 12 2 0
BITMAP
06
06
06
0C
0E
16
36
26
E6
06
06
06
ENDCHAR
STARTCHAR uni02E6_uni02E5
ENCODING -1
SWIDTH 437 0
DWIDTH 7 0
BBX 4 12 2 0
BITMAP
30
70
D0
90
10
10
10
10
10
10
10
10
ENDCHAR
STARTCHAR uni02E6_uni02E7
ENCODING -1
SWIDTH 437 0
DWIDTH 7 0
BBX 5 12 1 0
BITMAP
08
08
08
C8
68
18
08
08
08
08
08
08
ENDCHAR
STARTCHAR aturn_uni02DE
ENCODING -1
SWIDTH 728 0
DWIDTH 12 0
BBX 10 9 2 0
BITMAP
9000
FC00
CD00
C780
FDC0
C0C0
C600
8C00
7800
ENDCHAR
STARTCHAR iota1_uni02DE
ENCODING -1
SWIDTH 416 0
DWIDTH 7 0
BBX 6 9 1 0
BITMAP
40
40
50
F0
5C
4C
40
60
60
ENDCHAR
STARTCHAR oopen_uni02DE
ENCODING -1
SWIDTH 723 0
DWIDTH 12 0
BBX 11 9 2 0
BITMAP
2000
7C00
CC80
0780
05C0
04E0
8C00
FC00
7800
ENDCHAR
STARTCHAR ascript_uni02DE
ENCODING -1
SWIDTH 743 0
DWIDTH 12 0
BBX 11 9 1 0
BITMAP
1200
7E00
6240
C3C0
42E0
4260
6200
7F00
3980
ENDCHAR
STARTCHAR o_uni02DE
ENCODING -1
SWIDTH 770 0
DWIDTH 12 0
BBX 12 9 1 0
BITMAP
3000
7E00
6340
C3C0
4370
C330
6300
3F00
1C00
ENDCHAR
STARTCHAR ascriptturn_uni02DE
ENCODING -1
SWIDTH 789 0
DWIDTH 13 0
BBX 13 9 0 0
BITMAP
8400
7F00
61A0
21E0
2170
2138
2300
3F00
2C00
ENDCHAR
STARTCHAR epsilon1revclosed_uni02DE
ENCODING -1
SWIDTH 668 0
DWIDTH 11 0
BBX 11 9 1 0
BITMAP
0800
7400
6680
4780
5DC0
C6E0
6300
3E00
7C00
ENDCHAR
STARTCHAR a_uni02DE
ENCODING -1
SWIDTH 723 0
DWIDTH 12 0
BBX 11 9 1 0
BITMAP
3000
6E00
0680
0F80
3EE0
C660
4600
7F00
3F00
ENDCHAR
STARTCHAR tildecomb_uni1ABB
ENCODING -1
SWIDTH 0 0
DWIDTH 0 0
BBX 9 3 -9 10
BITMAP
4100
5980
A780
ENDCHAR
STARTCHAR tildecomb_uni1ABC
ENCODING -1
SWIDTH 0 0
DWIDTH 0 0
BBX 13 3 -10 10
BITMAP
5060
6CF0
A9A8
ENDCHAR
STARTCHAR macroncomb_uni1ABB
ENCODING -1
SWIDTH 0 0
DWIDTH 0 0
BBX 10 3 -9 10
BITMAP
4080
9F40
4080
ENDCHAR
STARTCHAR dieresisnosp_uni1ABB
ENCODING -1
SWIDTH 0 0
DWIDTH 0 0
BBX 9 3 -9 10
BITMAP
4100
5680
9680
ENDCHAR
STARTCHAR uni030C_uni1ABB
ENCODING -1
SWIDTH 0 0
DWIDTH 0 0
BBX 9 3 -9 10
BITMAP
4100
5D00
8C80
ENDCHAR
STARTCHAR iotasubnosp_uni1ABD
ENCODING -1
SWIDTH 0 0
DWIDTH 0 0
BBX 8 4 -8 -4
BITMAP
4A
49
89
49
ENDCHAR
STARTCHAR dotdblsubnosp_uni1ABD
ENCODING -1
SWIDTH 0 0
DWIDTH 0 0
BBX 10 3 -10 -3
BITMAP
4080
B340
4080
ENDCHAR
STARTCHAR dotbelow_uni1ABD
ENCODING -1
SWIDTH 0 0
DWIDTH 0 0
BBX 9 3 -9 -3
BITMAP
4180
9880
4100
ENDCHAR
STARTCHAR ringsubnosp_uni1ABD
ENCODING -1
SWIDTH 0 0
DWIDTH 0 0
BBX 9 3 -9 -3
BITMAP
4D00
9480
5F00
ENDCHAR
STARTCHAR linevertsubnosp_uni1ABD
ENCODING -1
SWIDTH 0 0
DWIDTH 0 0
BBX 9 3 -9 -3
BITMAP
5900
5900
9880
ENDCHAR
STARTCHAR breveinvsubnosp_uni1ABD
ENCODING -1
SWIDTH 0 0
DWIDTH 0 0
BBX 9 3 -9 -3
BITMAP
4900
5C80
8080
ENDCHAR
STARTCHAR tildesubnosp_uni1ABD
ENCODING -1
SWIDTH 0 0
DWIDTH 0 0
BBX 10 3 -9 -3
BITMAP
5180
5F40
8040
ENDCHAR
STARTCHAR uni1AB9_uni1ABD
ENCODING -1
SWIDTH 0 0
DWIDTH 0 0
BBX 9 5 -7 -3
BITMAP
0400
0600
4900
8880
5100
ENDCHAR
STARTCHAR uni1ABA_uni1ABD
ENCODING -1
SWIDTH 0 0
DWIDTH 0 0
BBX 9 5 -8 -3
BITMAP
0400
0400
4500
8880
5100
ENDCHAR
STARTCHAR uni1AB8_uni1ABD
ENCODING -1
SWIDTH 0 0
DWIDTH 0 0
BBX 9 4 -9 -4
BITMAP
5500
5480
9480
4A80
ENDCHAR
STARTCHAR zero.onum
ENCODING -1
SWIDTH 625 0
DWIDTH 10 0
BBX 9 10 1 0
BITMAP
0800
3E00
2200
C180
4100
4100
C180
6300
3F00
1C00
ENDCHAR
STARTCHAR uni1ABE.w1
ENCODING -1
SWIDTH 0 0
DWIDTH 0 0
BBX 8 4 -7 0
BITMAP
42
42
81
42
ENDCHAR
STARTCHAR uni1ABE.w2
ENCODING -1
SWIDTH 0 0
DWIDTH 0 0
BBX 9 4 -9 0
BITMAP
4100
4080
8080
4100
ENDCHAR
STARTCHAR uni1ABE.w3
ENCODING -1
SWIDTH 0 0
DWIDTH 0 0
BBX 12 4 -11 0
BITMAP
4020
4020
8010
4020
ENDCHAR
STARTCHAR uni1ABC.w1
ENCODING -1
SWIDTH 0 0
DWIDTH 0 0
BBX 11 4 -10 0
BITMAP
5140
60C0
A0A0
5140
ENDCHAR
STARTCHAR uni1ABC.w2
ENCODING -1
SWIDTH 0 0
DWIDTH 0 0
BBX 12 4 -12 0
BITMAP
5060
6050
A030
5060
ENDCHAR
STARTCHAR uni1ABC.w3
ENCODING -1
SWIDTH 0 0
DWIDTH 0 0
BBX 15 4 -14 0
BITMAP
5014
600C
A00A
5014
ENDCHAR
STARTCHAR seven.lnum
ENCODING -1
SWIDTH 515 0
DWIDTH 8 0
BBX 7 12 1 0
BITMAP
FE
04
04
08
18
08
18
10
20
60
40
C0
ENDCHAR
STARTCHAR b.ss06
ENCODING -1
SWIDTH 561 0
DWIDTH 9 0
BBX 7 12 2 0
BITMAP
80
80
80
90
FC
86
82
82
84
86
FE
B8
ENDCHAR
STARTCHAR c.ss06
ENCODING -1
SWIDTH 524 0
DWIDTH 8 0
BBX 8 9 1 0
BITMAP
30
7C
63
40
40
C0
62
7E
1C
ENDCHAR
STARTCHAR d.ss06
ENCODING -1
SWIDTH 571 0
DWIDTH 9 0
BBX 8 12 1 0
BITMAP
01
01
01
31
77
61
41
41
C1
61
7F
3D
ENDCHAR
STARTCHAR g.ss06
ENCODING -1
SWIDTH 568 0
DWIDTH 9 0
BBX 8 12 1 -3
BITMAP
11
77
61
41
41
C1
61
3F
1F
02
26
3E
ENDCHAR
STARTCHAR o.ss06
ENCODING -1
SWIDTH 577 0
DWIDTH 9 0
BBX 9 9 1 0
BITMAP
3000
7E00
6300
C180
4180
C300
6300
7F00
3C00
ENDCHAR
STARTCHAR p.ss06
ENCODING -1
SWIDTH 568 0
DWIDTH 9 0
BBX 8 12 1 -3
BITMAP
48
7E
43
42
41
42
43
FE
7E
40
40
40
ENDCHAR
STARTCHAR q.ss06
ENCODING -1
SWIDTH 576 0
DWIDTH 9 0
BBX 8 12 1 -3
BITMAP
09
3F
61
C1
41
C1
61
3F
1F
01
01
01
ENDCHAR
STARTCHAR c.ss07
ENCODING -1
SWIDTH 523 0
DWIDTH 8 0
BBX 7 9 1 0
BITMAP
30
7C
66
40
40
C0
62
3E
7C
ENDCHAR
STARTCHAR e.ss07
ENCODING -1
SWIDTH 529 0
DWIDTH 8 0
BBX 7 9 2 0
BITMAP
60
F8
C6
84
FE
80
C0
FC
7E
ENDCHAR
STARTCHAR g.ss07
ENCODING -1
SWIDTH 561 0
DWIDTH 9 0
BBX 8 12 1 -3
BITMAP
12
7E
62
42
42
C2
62
3F
3E
03
42
3E
ENDCHAR
STARTCHAR six.alt
ENCODING -1
SWIDTH 561 0
DWIDTH 9 0
BBX 8 12 1 0
BITMAP
06
38
60
40
CC
6E
46
42
C2
63
3E
3E
ENDCHAR
STARTCHAR nine.alt
ENCODING -1
SWIDTH 561 0
DWIDTH 9 0
BBX 8 12 1 0
BITMAP
10
3E
66
42
42
C2
43
7E
02
06
3E
38
ENDCHAR
STARTCHAR D.cn
ENCODING -1
SWIDTH 655 0
DWIDTH 10 0
BBX 9 12 1 0
BITMAP
7000
4F00
4300
4180
4100
4100
4100
4100
4180
4300
FE00
7000
ENDCHAR
STARTCHAR Q.cn
ENCODING -1
SWIDTH 687 0
DWIDTH 11 0
BBX 10 13 1 -1
BITMAP
0800
3F80
6180
C0C0
40C0
40C0
40C0
40C0
C0C0
6180
7F00
1F00
0180
ENDCHAR
STARTCHAR a.cn
ENCODING -1
SWIDTH 543 0
DWIDTH 9 0
BBX 8 9 1 0
BITMAP
30
74
06
0E
3E
66
46
FE
73
ENDCHAR
STARTCHAR chi.alt
ENCODING -1
SWIDTH 554 0
DWIDTH 9 0
BBX 8 12 1 -3
BITMAP
81
63
12
1E
1C
18
18
1C
36
32
62
63
ENDCHAR
STARTCHAR delta.alt
ENCODING -1
SWIDTH 566 0
DWIDTH 9 0
BBX 8 12 1 0
BITMAP
7E
30
18
08
0E
26
C3
43
43
63
7E
3E
ENDCHAR
STARTCHAR largerighthook
ENCODING -1
SWIDTH 380 0
DWIDTH 6 0
BBX 7 9 -1 -2
BITMAP
C0
38
0C
04
02
02
06
04
1C
ENDCHAR
STARTCHAR one.lnum
ENCODING -1
SWIDTH 434 0
DWIDTH 7 0
BBX 4 12 2 0
BITMAP
10
F0
90
10
10
10
10
10
10
10
10
10
ENDCHAR
STARTCHAR lmidtilde_uni1ABE
ENCODING -1
SWIDTH 568 0
DWIDTH 9 0
BBX 10 12 0 0
BITMAP
0800
0800
0800
0800
49C0
5F40
9840
0800
0800
0800
0800
0800
ENDCHAR
STARTCHAR dcroat_uni1ABE
ENCODING -1
SWIDTH 689 0
DWIDTH 11 0
BBX 11 12 1 0
BITMAP
1240
2FA0
1240
1200
3F00
6200
4200
4200
C200
6200
3F00
1E00
ENDCHAR
STARTCHAR eng_uni1ABE
ENCODING -1
SWIDTH 617 0
DWIDTH 10 0
BBX 8 13 2 -4
BITMAP
90
FC
8C
8C
8C
8C
8C
8C
8C
2E
4D
5D
41
ENDCHAR
STARTCHAR gbar_uni1ABE
ENCODING -1
SWIDTH 705 0
DWIDTH 11 0
BBX 12 12 0 -3
BITMAP
0480
1F80
1880
1080
1080
1080
1880
1F80
47E0
BFF0
50E0
1F80
ENDCHAR
STARTCHAR bbar_uni1ABE
ENCODING -1
SWIDTH 692 0
DWIDTH 11 0
BBX 11 12 0 0
BITMAP
5900
BE80
5880
1900
0FC0
1860
1840
1820
1840
1860
0FC0
0F00
ENDCHAR
STARTCHAR rrthook_uni1ABE
ENCODING -1
SWIDTH 461 0
DWIDTH 7 0
BBX 8 13 0 -4
BITMAP
32
1C
30
30
30
30
30
30
30
72
72
99
42
ENDCHAR
STARTCHAR ampersand.smcp
ENCODING -1
SWIDTH 604 0
DWIDTH 10 0
BBX 8 10 2 0
BITMAP
20
78
98
D8
30
73
DA
8C
FE
FB
ENDCHAR
STARTCHAR Lslash.smcp
ENCODING -1
SWIDTH 462 0
DWIDTH 7 0
BBX 8 10 0 0
BITMAP
60
60
60
68
38
E0
60
60
3F
3F
ENDCHAR
STARTCHAR AE.smcp
ENCODING -1
SWIDTH 777 0
DWIDTH 12 0
BBX 12 10 0 0
BITMAP
03F0
07F0
0500
0D00
0BE0
3100
3F00
6100
63F0
C3F0
ENDCHAR
STARTCHAR Thorn.smcp
ENCODING -1
SWIDTH 496 0
DWIDTH 8 0
BBX 7 10 1 0
BITMAP
40
40
E0
5C
46
42
FC
7C
40
40
ENDCHAR
STARTCHAR Oslash.smcp
ENCODING -1
SWIDTH 591 0
DWIDTH 9 0
BBX 9 10 1 0
BITMAP
1980
3F00
2600
C700
4980
4980
D980
7300
7E00
F800
ENDCHAR
STARTCHAR Hbar.smcp
ENCODING -1
SWIDTH 610 0
DWIDTH 10 0
BBX 9 10 0 0
BITMAP
4080
4080
FF80
4080
7F80
7F80
4080
4080
4080
4080
ENDCHAR
STARTCHAR Eng.smcp
ENCODING -1
SWIDTH 610 0
DWIDTH 10 0
BBX 9 13 1 -3
BITMAP
4300
6300
E300
7300
5B00
4F00
4F00
4700
4380
4300
0300
0300
0700
ENDCHAR
STARTCHAR acutedotcomb.lc
ENCODING -1
SWIDTH 0 0
DWIDTH 0 0
BBX 3 5 -5 10
BITMAP
40
C0
00
20
C0
ENDCHAR
STARTCHAR tildedieresiscomb.lc
ENCODING -1
SWIDTH 0 0
DWIDTH 0 0
BBX 5 4 -6 10
BITMAP
D8
00
E8
B0
ENDCHAR
STARTCHAR dieresisacutecomb.lc
ENCODING -1
SWIDTH 0 0
DWIDTH 0 0
BBX 4 5 -6 10
BITMAP
30
30
40
90
90
ENDCHAR
STARTCHAR carondotcomb.lc
ENCODING -1
SWIDTH 0 0
DWIDTH 0 0
BBX 3 5 -6 10
BITMAP
40
60
00
A0
40
ENDCHAR
STARTCHAR dotmacroncomb.lc
ENCODING -1
SWIDTH 0 0
DWIDTH 0 0
BBX 5 4 -6 10
BITMAP
F8
00
20
20
ENDCHAR
STARTCHAR macrongravecomb.lc
ENCODING -1
SWIDTH 0 0
DWIDTH 0 0
BBX 5 4 -6 11
BITMAP
C0
C0
20
F8
ENDCHAR
STARTCHAR dieresismacroncomb.lc
ENCODING -1
SWIDTH 0 0
DWIDTH 0 0
BBX 6 4 -7 10
BITMAP
7C
00
C8
C8
ENDCHAR
STARTCHAR dieresisgravecomb.lc
ENCODING -1
SWIDTH 0 0
DWIDTH 0 0
BBX 4 5 -6 10
BITMAP
C0
C0
20
90
90
ENDCHAR
STARTCHAR macronacutecomb.lc
ENCODING -1
SWIDTH 0 0
DWIDTH 0 0
BBX 5 4 -6 11
BITMAP
18
20
40
F8
ENDCHAR
STARTCHAR tildemacroncomb.lc
ENCODING -1
SWIDTH 0 0
DWIDTH 0 0
BBX 5 4 -6 10
BITMAP
F8
00
E8
B0
ENDCHAR
STARTCHAR macrondieresiscomb.lc
ENCODING -1
SWIDTH 0 0
DWIDTH 0 0
BBX 6 3 -7 11
BITMAP
C8
00
7C
ENDCHAR
STARTCHAR tildeacutecomb.lc
ENCODING -1
SWIDTH 0 0
DWIDTH 0 0
BBX 5 5 -6 10
BITMAP
18
20
00
E8
B0
ENDCHAR
STARTCHAR dieresiscaroncomb.lc
ENCODING -1
SWIDTH 0 0
DWIDTH 0 0
BBX 4 5 -6 10
BITMAP
90
60
40
90
90
ENDCHAR
STARTCHAR periodcentered.tnum
ENCODING -1
SWIDTH 562 0
DWIDTH 9 0
BBX 2 2 4 5
BITMAP
C0
C0
ENDCHAR
STARTCHAR caronnosp
ENCODING -1
SWIDTH 0 0
DWIDTH 0 0
BBX 3 2 -6 10
BITMAP
A0
40
ENDCHAR
STARTCHAR commaaboverightcomb
ENCODING -1
SWIDTH 0 0
DWIDTH 0 0
BBX 2 5 -1 8
BITMAP
80
80
80
C0
80
ENDCHAR
STARTCHAR cyrillicbreve
ENCODING -1
SWIDTH 426 0
DWIDTH 7 0
BBX 5 2 2 10
BITMAP
98
E0
ENDCHAR
STARTCHAR Dcroat.smcp
ENCODING -1
SWIDTH 562 0
DWIDTH 9 0
BBX 9 10 -1 0
BITMAP
3800
3E00
2180
2180
F980
F980
2180
2180
3F00
3800
ENDCHAR
STARTCHAR Eth.smcp
ENCODING -1
SWIDTH 562 0
DWIDTH 9 0
BBX 9 10 -1 0
BITMAP
3800
3E00
2180
2180
F980
F980
2180
2180
3F00
3800
ENDCHAR
STARTCHAR Tbar.smcp
ENCODING -1
SWIDTH 518 0
DWIDTH 8 0
BBX 8 10 0 0
BITMAP
FF
FF
18
18
3E
18
18
18
18
18
ENDCHAR
STARTCHAR Agrave.smcp
ENCODING -1
SWIDTH 564 0
DWIDTH 9 0
BBX 8 13 1 0
BITMAP
60
10
10
10
18
1C
34
2C
44
7E
43
C1
83
ENDCHAR
STARTCHAR Aacute.smcp
ENCODING -1
SWIDTH 564 0
DWIDTH 9 0
BBX 8 13 1 0
BITMAP
0C
0C
10
10
18
1C
34
2C
44
7E
43
C1
83
ENDCHAR
STARTCHAR Acircumflex.smcp
ENCODING -1
SWIDTH 564 0
DWIDTH 9 0
BBX 8 13 1 0
BITMAP
10
18
26
10
18
1C
34
2C
44
7E
43
C1
83
ENDCHAR
STARTCHAR Atilde.smcp
ENCODING -1
SWIDTH 564 0
DWIDTH 9 0
BBX 8 13 1 0
BITMAP
04
3E
40
10
18
1C
34
2C
44
7E
43
C1
83
ENDCHAR
STARTCHAR Adieresis.smcp
ENCODING -1
SWIDTH 564 0
DWIDTH 9 0
BBX 8 12 1 0
BITMAP
26
00
10
18
1C
34
2C
44
7E
43
C1
83
ENDCHAR
STARTCHAR Aring.smcp
ENCODING -1
SWIDTH 564 0
DWIDTH 9 0
BBX 8 13 1 0
BITMAP
18
24
38
10
18
1C
34
2C
44
7E
43
C1
83
ENDCHAR
STARTCHAR Aringacute.smcp
ENCODING -1
SWIDTH 564 0
DWIDTH 9 0
BBX 8 13 1 0
BITMAP
0C
10
18
38
18
1C
34
2C
44
7E
43
C1
83
ENDCHAR
STARTCHAR Ccedilla.smcp
ENCODING -1
SWIDTH 560 0
DWIDTH 9 0
BBX 8 13 1 -3
BITMAP
08
3E
63
C0
40
40
C0
63
7E
1E
08
04
18
ENDCHAR
STARTCHAR Egrave.smcp
ENCODING -1
SWIDTH 487 0
DWIDTH 8 0
BBX 7 13 1 0
BITMAP
60
20
10
7E
7E
40
40
FC
40
40
40
7E
7E
ENDCHAR
STARTCHAR Eacute.smcp
ENCODING -1
SWIDTH 487 0
DWIDTH 8 0
BBX 7 13 1 0
BITMAP
0C
08
30
7E
7E
40
40
FC
40
40
40
7E
7E
ENDCHAR
STARTCHAR Ecircumflex.smcp
ENCODING -1
SWIDTH 487 0
DWIDTH 8 0
BBX 7 13 1 0
BITMAP
10
38
44
7E
7E
40
40
FC
40
40
40
7E
7E
ENDCHAR
STARTCHAR Edieresis.smcp
ENCODING -1
SWIDTH 487 0
DWIDTH 8 0
BBX 7 12 1 0
BITMAP
44
00
7E
7E
40
40
FC
40
40
40
7E
7E
ENDCHAR
STARTCHAR Igrave.smcp
ENCODING -1
SWIDTH 238 0
DWIDTH 4 0
BBX 4 13 -1 0
BITMAP
C0
20
10
20
20
20
20
20
20
20
20
20
20
ENDCHAR
STARTCHAR Iacute.smcp
ENCODING -1
SWIDTH 238 0
DWIDTH 4 0
BBX 4 13 1 0
BITMAP
30
40
40
C0
C0
C0
C0
C0
C0
C0
C0
C0
C0
ENDCHAR
STARTCHAR Icircumflex.smcp
ENCODING -1
SWIDTH 238 0
DWIDTH 4 0
BBX 5 13 1 0
BITMAP
40
A0
98
40
40
40
40
40
40
40
40
40
40
ENDCHAR
STARTCHAR Idieresis.smcp
ENCODING -1
SWIDTH 238 0
DWIDTH 4 0
BBX 4 12 0 0
BITMAP
90
00
40
40
40
40
40
40
40
40
40
40
ENDCHAR
STARTCHAR Ntilde.smcp
ENCODING -1
SWIDTH 610 0
DWIDTH 10 0
BBX 9 13 1 0
BITMAP
0200
3E00
2000
4300
6300
E300
7300
5B00
4F00
4F00
4700
4380
4300
ENDCHAR
STARTCHAR Ograve.smcp
ENCODING -1
SWIDTH 591 0
DWIDTH 9 0
BBX 9 13 1 0
BITMAP
3000
1000
0C00
0800
7E00
2200
C180
4180
4180
C180
6300
7E00
1800
ENDCHAR
STARTCHAR Oacute.smcp
ENCODING -1
SWIDTH 591 0
DWIDTH 9 0
BBX 9 13 1 0
BITMAP
0600
0400
0800
0800
7E00
2200
C180
4180
4180
C180
6300
7E00
1800
ENDCHAR
STARTCHAR Ocircumflex.smcp
ENCODING -1
SWIDTH 591 0
DWIDTH 9 0
BBX 9 13 1 0
BITMAP
1800
1C00
2200
0800
7E00
2200
C180
4180
4180
C180
6300
7E00
1800
ENDCHAR
STARTCHAR Otilde.smcp
ENCODING -1
SWIDTH 591 0
DWIDTH 9 0
BBX 9 13 1 0
BITMAP
0200
3E00
2000
0800
7E00
2200
C180
4180
4180
C180
6300
7E00
1800
ENDCHAR
STARTCHAR Odieresis.smcp
ENCODING -1
SWIDTH 591 0
DWIDTH 9 0
BBX 9 12 1 0
BITMAP
2200
0000
0800
7E00
2200
C180
4180
4180
C180
6300
7E00
1800
ENDCHAR
STARTCHAR Ugrave.smcp
ENCODING -1
SWIDTH 560 0
DWIDTH 9 0
BBX 6 13 2 0
BITMAP
60
60
10
84
84
84
84
84
84
84
84
FC
7C
ENDCHAR
STARTCHAR Uacute.smcp
ENCODING -1
SWIDTH 560 0
DWIDTH 9 0
BBX 6 13 2 0
BITMAP
0C
10
20
84
84
84
84
84
84
84
84
FC
7C
ENDCHAR
STARTCHAR Ucircumflex.smcp
ENCODING -1
SWIDTH 560 0
DWIDTH 9 0
BBX 6 13 2 0
BITMAP
10
30
48
84
84
84
84
84
84
84
84
FC
7C
ENDCHAR
STARTCHAR Udieresis.smcp
ENCODING -1
SWIDTH 560 0
DWIDTH 9 0
BBX 6 12 2 0
BITMAP
C8
00
84
84
84
84
84
84
84
84
FC
7C
ENDCHAR
STARTCHAR Yacute.smcp
ENCODING -1
SWIDTH 520 0
DWIDTH 8 0
BBX 9 13 0 0
BITMAP
0600
0400
1800
C180
6300
6300
3600
1E00
0C00
0C00
0C00
0C00
0C00
ENDCHAR
STARTCHAR Amacron.smcp
ENCODING -1
SWIDTH 564 0
DWIDTH 9 0
BBX 8 12 1 0
BITMAP
7C
00
10
18
1C
34
2C
44
7E
43
C1
83
ENDCHAR
STARTCHAR Abreve.smcp
ENCODING -1
SWIDTH 564 0
DWIDTH 9 0
BBX 8 12 1 0
BITMAP
24
38
10
18
1C
34
2C
44
7E
43
C1
83
ENDCHAR
STARTCHAR Aogonek.smcp
ENCODING -1
SWIDTH 564 0
DWIDTH 9 0
BBX 8 13 1 -3
BITMAP
10
18
1C
34
2C
44
7E
43
C1
83
06
04
07
ENDCHAR
STARTCHAR Cacute.smcp
ENCODING -1
SWIDTH 560 0
DWIDTH 9 0
BBX 8 13 1 0
BITMAP
06
08
08
08
3E
63
C0
40
40
C0
63
7E
1E
ENDCHAR
STARTCHAR Ccircumflex.smcp
ENCODING -1
SWIDTH 560 0
DWIDTH 9 0
BBX 8 13 1 0
BITMAP
08
34
32
08
3E
63
C0
40
40
C0
63
7E
1E
ENDCHAR
STARTCHAR uni010A.smcp
ENCODING -1
SWIDTH 560 0
DWIDTH 9 0
BBX 8 12 1 0
BITMAP
08
00
08
3E
63
C0
40
40
C0
63
7E
1E
ENDCHAR
STARTCHAR Ccaron.smcp
ENCODING -1
SWIDTH 560 0
DWIDTH 9 0
BBX 8 13 1 0
BITMAP
34
1C
08
08
3E
63
C0
40
40
C0
63
7E
1E
ENDCHAR
STARTCHAR Dcaron.smcp
ENCODING -1
SWIDTH 562 0
DWIDTH 9 0
BBX 7 13 1 0
BITMAP
68
38
10
E0
7C
46
42
42
42
42
46
FC
E0
ENDCHAR
STARTCHAR Emacron.smcp
ENCODING -1
SWIDTH 487 0
DWIDTH 8 0
BBX 7 12 1 0
BITMAP
7C
00
7E
7E
40
40
FC
40
40
40
7E
7E
ENDCHAR
STARTCHAR Ebreve.smcp
ENCODING -1
SWIDTH 487 0
DWIDTH 8 0
BBX 7 12 1 0
BITMAP
44
3C
7E
7E
40
40
FC
40
40
40
7E
7E
ENDCHAR
STARTCHAR Edotaccent.smcp
ENCODING -1
SWIDTH 487 0
DWIDTH 8 0
BBX 7 12 1 0
BITMAP
18
00
7E
7E
40
40
FC
40
40
40
7E
7E
ENDCHAR
STARTCHAR Eogonek.smcp
ENCODING -1
SWIDTH 487 0
DWIDTH 8 0
BBX 7 13 1 -3
BITMAP
7E
7E
40
40
FC
40
40
40
7E
7E
0C
08
0C
ENDCHAR
STARTCHAR Ecaron.smcp
ENCODING -1
SWIDTH 487 0
DWIDTH 8 0
BBX 7 13 1 0
BITMAP
44
28
10
7E
7E
40
40
FC
40
40
40
7E
7E
ENDCHAR
STARTCHAR Gcircumflex.smcp
ENCODING -1
SWIDTH 583 0
DWIDTH 9 0
BBX 8 13 1 0
BITMAP
08
34
32
08
3E
67
C0
40
4F
C3
63
7F
0E
ENDCHAR
STARTCHAR Gbreve.smcp
ENCODING -1
SWIDTH 583 0
DWIDTH 9 0
BBX 8 12 1 0
BITMAP
32
1C
08
3E
67
C0
40
4F
C3
63
7F
0E
ENDCHAR
STARTCHAR uni0120.smcp
ENCODING -1
SWIDTH 583 0
DWIDTH 9 0
BBX 8 12 1 0
BITMAP
08
00
08
3E
67
C0
40
4F
C3
63
7F
0E
ENDCHAR
STARTCHAR Gcommaaccent.smcp
ENCODING -1
SWIDTH 583 0
DWIDTH 9 0
BBX 8 14 1 -4
BITMAP
08
3E
67
C0
40
4F
C3
63
7F
0E
08
08
10
10
ENDCHAR
STARTCHAR Hcircumflex.smcp
ENCODING -1
SWIDTH 610 0
DWIDTH 10 0
BBX 8 13 1 0
BITMAP
08
14
64
43
43
43
43
FF
FF
43
43
43
43
ENDCHAR
STARTCHAR Itilde.smcp
ENCODING -1
SWIDTH 238 0
DWIDTH 4 0
BBX 5 13 0 0
BITMAP
08
F8
80
20
20
20
20
20
20
20
20
20
20
ENDCHAR
STARTCHAR Imacron.smcp
ENCODING -1
SWIDTH 238 0
DWIDTH 4 0
BBX 5 12 0 0
BITMAP
F8
00
20
20
20
20
20
20
20
20
20
20
ENDCHAR
STARTCHAR Ibreve.smcp
ENCODING -1
SWIDTH 238 0
DWIDTH 4 0
BBX 5 12 1 0
BITMAP
98
E0
40
40
40
40
40
40
40
40
40
40
ENDCHAR
STARTCHAR Iogonek.smcp
ENCODING -1
SWIDTH 238 0
DWIDTH 4 0
BBX 3 13 1 -3
BITMAP
C0
C0
C0
C0
C0
C0
C0
C0
C0
C0
C0
80
E0
ENDCHAR
STARTCHAR Idotaccent.smcp
ENCODING -1
SWIDTH 238 0
DWIDTH 4 0
BBX 2 12 1 0
BITMAP
40
00
C0
C0
C0
C0
C0
C0
C0
C0
C0
C0
ENDCHAR
STARTCHAR Jcircumflex.smcp
ENCODING -1
SWIDTH 476 0
DWIDTH 8 0
BBX 8 13 1 0
BITMAP
08
0C
13
04
04
04
04
04
04
04
84
FC
F8
ENDCHAR
STARTCHAR Kcommaaccent.smcp
ENCODING -1
SWIDTH 541 0
DWIDTH 9 0
BBX 8 13 1 -3
BITMAP
43
46
4C
58
70
F8
CC
46
46
43
18
18
10
ENDCHAR
STARTCHAR Lacute.smcp
ENCODING -1
SWIDTH 462 0
DWIDTH 7 0
BBX 6 13 2 0
BITMAP
60
80
80
80
80
80
80
80
80
80
80
FC
FC
ENDCHAR
STARTCHAR Lcommaaccent.smcp
ENCODING -1
SWIDTH 462 0
DWIDTH 7 0
BBX 6 13 1 -3
BITMAP
40
40
40
40
40
40
40
40
FC
FC
18
18
10
ENDCHAR
STARTCHAR Lcaron.smcp
ENCODING -1
SWIDTH 462 0
DWIDTH 7 0
BBX 6 10 1 0
BITMAP
58
58
48
50
40
40
40
40
FC
FC
ENDCHAR
STARTCHAR Ldot.smcp
ENCODING -1
SWIDTH 462 0
DWIDTH 7 0
BBX 6 10 1 0
BITMAP
40
40
40
40
58
40
40
40
FC
FC
ENDCHAR
STARTCHAR Nacute.smcp
ENCODING -1
SWIDTH 610 0
DWIDTH 10 0
BBX 9 13 1 0
BITMAP
0600
0800
0800
4300
6300
E300
7300
5B00
4F00
4F00
4700
4380
4300
ENDCHAR
STARTCHAR Ncommaaccent.smcp
ENCODING -1
SWIDTH 610 0
DWIDTH 10 0
BBX 9 13 1 -3
BITMAP
4300
6300
E300
7300
5B00
4F00
4F00
4700
4380
4300
0800
0800
1000
ENDCHAR
STARTCHAR Ncaron.smcp
ENCODING -1
SWIDTH 610 0
DWIDTH 10 0
BBX 9 13 1 0
BITMAP
3400
3400
0800
4300
6300
E300
7300
5B00
4F00
4F00
4700
4380
4300
ENDCHAR
STARTCHAR Omacron.smcp
ENCODING -1
SWIDTH 591 0
DWIDTH 9 0
BBX 9 12 1 0
BITMAP
7E00
0000
0800
7E00
2200
C180
4180
4180
C180
6300
7E00
1800
ENDCHAR
STARTCHAR Obreve.smcp
ENCODING -1
SWIDTH 591 0
DWIDTH 9 0
BBX 9 12 1 0
BITMAP
2200
3C00
0800
7E00
2200
C180
4180
4180
C180
6300
7E00
1800
ENDCHAR
STARTCHAR Ohungarumlaut.smcp
ENCODING -1
SWIDTH 591 0
DWIDTH 9 0
BBX 9 13 1 0
BITMAP
0F00
1600
1600
0800
7E00
2200
C180
4180
4180
C180
6300
7E00
1800
ENDCHAR
STARTCHAR Oogonek.smcp
ENCODING -1
SWIDTH 591 0
DWIDTH 9 0
BBX 9 13 1 -3
BITMAP
0800
7E00
2200
C180
4180
4180
C180
6300
7E00
1800
1800
1000
1800
ENDCHAR
STARTCHAR Racute.smcp
ENCODING -1
SWIDTH 536 0
DWIDTH 9 0
BBX 8 13 1 0
BITMAP
0C
08
10
70
FC
46
43
46
7C
4C
46
46
43
ENDCHAR
STARTCHAR Rcommaaccent.smcp
ENCODING -1
SWIDTH 536 0
DWIDTH 9 0
BBX 8 13 1 -3
BITMAP
70
FC
46
43
46
7C
4C
46
46
43
30
30
10
ENDCHAR
STARTCHAR Rcaron.smcp
ENCODING -1
SWIDTH 536 0
DWIDTH 9 0
BBX 8 13 1 0
BITMAP
44
28
10
70
FC
46
43
46
7C
4C
46
46
43
ENDCHAR
STARTCHAR Sacute.smcp
ENCODING -1
SWIDTH 515 0
DWIDTH 8 0
BBX 7 13 2 0
BITMAP
0C
10
10
10
7C
C6
C0
70
78
06
84
FC
7C
ENDCHAR
STARTCHAR Scircumflex.smcp
ENCODING -1
SWIDTH 515 0
DWIDTH 8 0
BBX 7 13 2 0
BITMAP
10
28
C8
10
7C
C6
C0
70
78
06
84
FC
7C
ENDCHAR
STARTCHAR Scedilla.smcp
ENCODING -1
SWIDTH 515 0
DWIDTH 8 0
BBX 7 13 2 -3
BITMAP
10
7C
C6
C0
70
78
06
84
FC
7C
10
08
30
ENDCHAR
STARTCHAR Scaron.smcp
ENCODING -1
SWIDTH 515 0
DWIDTH 8 0
BBX 7 13 2 0
BITMAP
68
70
10
10
7C
C6
C0
70
78
06
84
FC
7C
ENDCHAR
STARTCHAR Tcommaaccent.smcp
ENCODING -1
SWIDTH 518 0
DWIDTH 8 0
BBX 8 13 0 -3
BITMAP
FF
FF
18
18
18
18
18
18
18
18
08
08
10
ENDCHAR
STARTCHAR Tcaron.smcp
ENCODING -1
SWIDTH 518 0
DWIDTH 8 0
BBX 8 13 0 0
BITMAP
34
1C
08
FF
FF
18
18
18
18
18
18
18
18
ENDCHAR
STARTCHAR uni0162.smcp
ENCODING -1
SWIDTH 518 0
DWIDTH 8 0
BBX 8 13 0 -3
BITMAP
FF
FF
18
18
18
18
18
18
18
18
08
04
18
ENDCHAR
STARTCHAR Utilde.smcp
ENCODING -1
SWIDTH 560 0
DWIDTH 9 0
BBX 6 13 2 0
BITMAP
08
7C
80
84
84
84
84
84
84
84
84
FC
7C
ENDCHAR
STARTCHAR Umacron.smcp
ENCODING -1
SWIDTH 560 0
DWIDTH 9 0
BBX 6 12 2 0
BITMAP
7C
00
84
84
84
84
84
84
84
84
FC
7C
ENDCHAR
STARTCHAR Ubreve.smcp
ENCODING -1
SWIDTH 560 0
DWIDTH 9 0
BBX 6 12 2 0
BITMAP
48
38
84
84
84
84
84
84
84
84
FC
7C
ENDCHAR
STARTCHAR Uring.smcp
ENCODING -1
SWIDTH 560 0
DWIDTH 9 0
BBX 6 13 2 0
BITMAP
70
48
38
84
84
84
84
84
84
84
84
FC
7C
ENDCHAR
STARTCHAR Uhungarumlaut.smcp
ENCODING -1
SWIDTH 560 0
DWIDTH 9 0
BBX 7 13 2 0
BITMAP
36
68
48
84
84
84
84
84
84
84
84
FC
7C
ENDCHAR
STARTCHAR Uogonek.smcp
ENCODING -1
SWIDTH 560 0
DWIDTH 9 0
BBX 6 13 2 -3
BITMAP
84
84
84
84
84
84
84
84
FC
78
10
38
38
ENDCHAR
STARTCHAR Wcircumflex.smcp
ENCODING -1
SWIDTH 760 0
DWIDTH 12 0
BBX 12 13 0 0
BITMAP
0200
0500
1900
4210
C620
4620
4560
2520
6940
3940
28E0
30C0
1F80
ENDCHAR
STARTCHAR Ycircumflex.smcp
ENCODING -1
SWIDTH 520 0
DWIDTH 8 0
BBX 9 13 0 0
BITMAP
0C00
1C00
2200
C180
6300
6300
3600
1E00
0C00
0C00
0C00
0C00
0C00
ENDCHAR
STARTCHAR Ydieresis.smcp
ENCODING -1
SWIDTH 520 0
DWIDTH 8 0
BBX 9 12 0 0
BITMAP
2200
0000
C180
6300
6300
3600
1E00
0C00
0C00
0C00
0C00
0C00
ENDCHAR
STARTCHAR Zacute.smcp
ENCODING -1
SWIDTH 517 0
DWIDTH 8 0
BBX 8 13 1 0
BITMAP
06
08
10
7F
FE
06
0C
18
18
30
60
7F
7F
ENDCHAR
STARTCHAR Zdotaccent.smcp
ENCODING -1
SWIDTH 517 0
DWIDTH 8 0
BBX 8 12 1 0
BITMAP
08
00
7F
FE
06
0C
18
18
30
60
7F
7F
ENDCHAR
STARTCHAR Zcaron.smcp
ENCODING -1
SWIDTH 517 0
DWIDTH 8 0
BBX 8 13 1 0
BITMAP
64
18
08
7F
FE
06
0C
18
18
30
60
7F
7F
ENDCHAR
STARTCHAR two.lnum
ENCODING -1
SWIDTH 561 0
DWIDTH 9 0
BBX 8 12 1 0
BITMAP
08
3E
63
42
03
02
0C
18
30
60
FF
FF
ENDCHAR
STARTCHAR three.lnum
ENCODING -1
SWIDTH 561 0
DWIDTH 9 0
BBX 7 12 2 0
BITMAP
10
7C
C6
04
0C
7C
18
0C
04
86
FC
7C
ENDCHAR
STARTCHAR four.lnum
ENCODING -1
SWIDTH 561 0
DWIDTH 9 0
BBX 8 12 1 0
BITMAP
0C
1C
1C
1C
6C
4C
4C
CC
FF
0C
0C
0C
ENDCHAR
STARTCHAR five.lnum
ENCODING -1
SWIDTH 561 0
DWIDTH 9 0
BBX 7 12 2 0
BITMAP
FC
FC
80
80
90
FC
0C
04
04
86
FC
7C
ENDCHAR
STARTCHAR six.lnum
ENCODING -1
SWIDTH 571 0
DWIDTH 9 0
BBX 8 12 1 0
BITMAP
1C
3C
60
60
C8
7E
63
42
C2
63
3E
1E
ENDCHAR
STARTCHAR eight.lnum
ENCODING -1
SWIDTH 581 0
DWIDTH 9 0
BBX 8 12 1 0
BITMAP
08
3E
66
C3
66
7E
3C
66
42
C3
7E
3E
ENDCHAR
STARTCHAR nine.lnum
ENCODING -1
SWIDTH 571 0
DWIDTH 9 0
BBX 6 12 2 0
BITMAP
10
7C
CC
84
84
C4
CC
74
0C
0C
78
40
ENDCHAR
STARTCHAR zero.lnum
ENCODING -1
SWIDTH 581 0
DWIDTH 9 0
BBX 8 12 1 0
BITMAP
08
3E
63
C2
42
42
42
42
C2
66
3E
1C
ENDCHAR
STARTCHAR Alphatonos.smcp
ENCODING -1
SWIDTH 564 0
DWIDTH 9 0
BBX 8 11 1 0
BITMAP
60
50
58
1C
34
2C
44
7E
43
C1
83
ENDCHAR
STARTCHAR Epsilontonos.smcp
ENCODING -1
SWIDTH 516 0
DWIDTH 8 0
BBX 8 11 0 0
BITMAP
C0
BF
BF
20
20
3F
20
20
20
3F
3F
ENDCHAR
STARTCHAR Etatonos.smcp
ENCODING -1
SWIDTH 640 0
DWIDTH 10 0
BBX 10 11 0 0
BITMAP
C000
A080
A080
2080
2080
3FC0
3FC0
2080
2080
2080
2080
ENDCHAR
STARTCHAR Iotatonos.smcp
ENCODING -1
SWIDTH 267 0
DWIDTH 4 0
BBX 3 11 0 0
BITMAP
C0
A0
A0
20
20
20
20
20
20
20
20
ENDCHAR
STARTCHAR Omicrontonos.smcp
ENCODING -1
SWIDTH 596 0
DWIDTH 10 0
BBX 8 11 1 0
BITMAP
C0
88
BF
22
C1
C1
C1
61
63
3F
0C
ENDCHAR
STARTCHAR Upsilontonos.smcp
ENCODING -1
SWIDTH 550 0
DWIDTH 9 0
BBX 10 11 -1 0
BITMAP
C000
B0C0
B0C0
1980
1B00
0A00
0E00
0400
0400
0400
0400
ENDCHAR
STARTCHAR Omegatonos.smcp
ENCODING -1
SWIDTH 623 0
DWIDTH 10 0
BBX 9 11 1 0
BITMAP
C000
8800
BF00
6300
C100
C100
C100
6180
4100
F780
F780
ENDCHAR
STARTCHAR Alpha.smcp
ENCODING -1
SWIDTH 564 0
DWIDTH 9 0
BBX 8 10 1 0
BITMAP
10
18
1C
34
2C
44
7E
43
C1
83
ENDCHAR
STARTCHAR Beta.smcp
ENCODING -1
SWIDTH 539 0
DWIDTH 9 0
BBX 8 10 1 0
BITMAP
70
FC
4E
42
7E
4C
42
43
7E
70
ENDCHAR
STARTCHAR Epsilon.smcp
ENCODING -1
SWIDTH 487 0
DWIDTH 8 0
BBX 7 10 1 0
BITMAP
7E
7E
40
40
FC
40
40
40
7E
7E
ENDCHAR
STARTCHAR Zeta.smcp
ENCODING -1
SWIDTH 517 0
DWIDTH 8 0
BBX 8 10 1 0
BITMAP
7F
FE
06
0C
18
18
30
60
7F
7F
ENDCHAR
STARTCHAR Eta.smcp
ENCODING -1
SWIDTH 610 0
DWIDTH 10 0
BBX 8 10 1 0
BITMAP
43
43
43
43
FF
FF
43
43
43
43
ENDCHAR
STARTCHAR Iota.smcp
ENCODING -1
SWIDTH 238 0
DWIDTH 4 0
BBX 1 10 2 0
BITMAP
80
80
80
80
80
80
80
80
80
80
ENDCHAR
STARTCHAR Kappa.smcp
ENCODING -1
SWIDTH 541 0
DWIDTH 9 0
BBX 8 10 1 0
BITMAP
43
46
4C
58
70
F8
CC
46
46
43
ENDCHAR
STARTCHAR Mu.smcp
ENCODING -1
SWIDTH 750 0
DWIDTH 12 0
BBX 11 10 1 0
BITMAP
C0C0
60E0
70C0
6160
7360
5260
4B60
4A60
4C60
4460
ENDCHAR
STARTCHAR Nu.smcp
ENCODING -1
SWIDTH 610 0
DWIDTH 10 0
BBX 9 10 1 0
BITMAP
4300
6300
E300
7300
5B00
4F00
4F00
4700
4380
4300
ENDCHAR
STARTCHAR Omicron.smcp
ENCODING -1
SWIDTH 591 0
DWIDTH 9 0
BBX 9 10 1 0
BITMAP
0800
7E00
2200
C180
4180
4180
C180
6300
7E00
1800
ENDCHAR
STARTCHAR Rho.smcp
ENCODING -1
SWIDTH 544 0
DWIDTH 9 0
BBX 8 10 1 0
BITMAP
F0
7E
43
42
46
7E
40
40
40
40
ENDCHAR
STARTCHAR Tau.smcp
ENCODING -1
SWIDTH 518 0
DWIDTH 8 0
BBX 8 10 0 0
BITMAP
FF
FF
18
18
18
18
18
18
18
18
ENDCHAR
STARTCHAR Upsilon.smcp
ENCODING -1
SWIDTH 520 0
DWIDTH 8 0
BBX 9 10 0 0
BITMAP
C180
6300
6300
3600
1E00
0C00
0C00
0C00
0C00
0C00
ENDCHAR
STARTCHAR Chi.smcp
ENCODING -1
SWIDTH 541 0
DWIDTH 9 0
BBX 9 10 0 0
BITMAP
C180
6300
3600
3600
0C00
0C00
3600
3600
6300
C180
ENDCHAR
STARTCHAR Iotadieresis.smcp
ENCODING -1
SWIDTH 238 0
DWIDTH 4 0
BBX 4 12 0 0
BITMAP
90
00
40
40
40
40
40
40
40
40
40
40
ENDCHAR
STARTCHAR Upsilondieresis.smcp
ENCODING -1
SWIDTH 520 0
DWIDTH 8 0
BBX 9 12 0 0
BITMAP
2200
0000
C180
6300
6300
3600
1E00
0C00
0C00
0C00
0C00
0C00
ENDCHAR
STARTCHAR uni0401.smcp
ENCODING -1
SWIDTH 487 0
DWIDTH 8 0
BBX 7 12 1 0
BITMAP
44
00
7E
7E
40
40
FC
40
40
40
7E
7E
ENDCHAR
STARTCHAR uni0403.smcp
ENCODING -1
SWIDTH 460 0
DWIDTH 7 0
BBX 6 13 1 0
BITMAP
0C
08
30
FC
FC
40
40
40
40
40
40
40
40
ENDCHAR
STARTCHAR uni0405.smcp
ENCODING -1
SWIDTH 515 0
DWIDTH 8 0
BBX 7 10 2 0
BITMAP
10
7C
C6
C0
70
78
06
84
FC
7C
ENDCHAR
STARTCHAR uni0406.smcp
ENCODING -1
SWIDTH 238 0
DWIDTH 4 0
BBX 1 10 2 0
BITMAP
80
80
80
80
80
80
80
80
80
80
ENDCHAR
STARTCHAR uni0407.smcp
ENCODING -1
SWIDTH 238 0
DWIDTH 4 0
BBX 4 12 0 0
BITMAP
90
00
40
40
40
40
40
40
40
40
40
40
ENDCHAR
STARTCHAR uni0408.smcp
ENCODING -1
SWIDTH 476 0
DWIDTH 8 0
BBX 6 10 1 0
BITMAP
04
04
04
04
04
04
04
84
FC
F8
ENDCHAR
STARTCHAR uni040C.smcp
ENCODING -1
SWIDTH 541 0
DWIDTH 9 0
BBX 8 13 1 0
BITMAP
0C
08
10
43
46
4C
58
70
F8
CC
46
46
43
ENDCHAR
STARTCHAR uni040E.smcp
ENCODING -1
SWIDTH 515 0
DWIDTH 8 0
BBX 8 12 0 0
BITMAP
22
3C
C3
63
63
32
34
3C
18
18
38
30
ENDCHAR
STARTCHAR uni0410.smcp
ENCODING -1
SWIDTH 564 0
DWIDTH 9 0
BBX 8 10 1 0
BITMAP
10
18
1C
34
2C
44
7E
43
C1
83
ENDCHAR
STARTCHAR uni0412.smcp
ENCODING -1
SWIDTH 539 0
DWIDTH 9 0
BBX 8 10 1 0
BITMAP
70
FC
4E
42
7E
4C
42
43
7E
70
ENDCHAR
STARTCHAR uni0413.smcp
ENCODING -1
SWIDTH 460 0
DWIDTH 7 0
BBX 6 10 1 0
BITMAP
FC
FC
40
40
40
40
40
40
40
40
ENDCHAR
STARTCHAR uni0415.smcp
ENCODING -1
SWIDTH 487 0
DWIDTH 8 0
BBX 7 10 1 0
BITMAP
7E
7E
40
40
FC
40
40
40
7E
7E
ENDCHAR
STARTCHAR uni0419.smcp
ENCODING -1
SWIDTH 615 0
DWIDTH 10 0
BBX 9 12 1 0
BITMAP
3200
3C00
4300
4380
4700
4F00
4F00
5B00
7300
E300
6300
4300
ENDCHAR
STARTCHAR uni041C.smcp
ENCODING -1
SWIDTH 750 0
DWIDTH 12 0
BBX 11 10 1 0
BITMAP
C0C0
60E0
70C0
6160
7360
5260
4B60
4A60
4C60
4460
ENDCHAR
STARTCHAR uni041D.smcp
ENCODING -1
SWIDTH 610 0
DWIDTH 10 0
BBX 8 10 1 0
BITMAP
43
43
43
43
FF
FF
43
43
43
43
ENDCHAR
STARTCHAR uni041E.smcp
ENCODING -1
SWIDTH 591 0
DWIDTH 9 0
BBX 9 10 1 0
BITMAP
0800
7E00
2200
C180
4180
4180
C180
6300
7E00
1800
ENDCHAR
STARTCHAR uni041F.smcp
ENCODING -1
SWIDTH 600 0
DWIDTH 10 0
BBX 7 10 2 0
BITMAP
FE
FE
82
82
82
82
82
82
82
82
ENDCHAR
STARTCHAR uni0420.smcp
ENCODING -1
SWIDTH 544 0
DWIDTH 9 0
BBX 8 10 1 0
BITMAP
F0
7E
43
42
46
7E
40
40
40
40
ENDCHAR
STARTCHAR uni0421.smcp
ENCODING -1
SWIDTH 560 0
DWIDTH 9 0
BBX 8 10 1 0
BITMAP
08
3E
63
C0
40
40
C0
63
7E
1E
ENDCHAR
STARTCHAR uni0422.smcp
ENCODING -1
SWIDTH 518 0
DWIDTH 8 0
BBX 8 10 0 0
BITMAP
FF
FF
18
18
18
18
18
18
18
18
ENDCHAR
STARTCHAR uni0425.smcp
ENCODING -1
SWIDTH 541 0
DWIDTH 9 0
BBX 9 10 0 0
BITMAP
C180
6300
3600
3600
0C00
0C00
3600
3600
6300
C180
ENDCHAR
STARTCHAR uni0498.smcp
ENCODING -1
SWIDTH 530 0
DWIDTH 8 0
BBX 7 13 2 -3
BITMAP
20
7C
CC
06
3C
18
04
84
FE
FC
20
20
20
ENDCHAR
STARTCHAR uni04A2.smcp
ENCODING -1
SWIDTH 610 0
DWIDTH 10 0
BBX 10 12 1 -2
BITMAP
4300
4300
4300
4300
FF00
FF00
4300
4300
4380
4380
00C0
00C0
ENDCHAR
STARTCHAR uni04AA.smcp
ENCODING -1
SWIDTH 560 0
DWIDTH 9 0
BBX 8 13 1 -3
BITMAP
08
3E
63
C0
40
40
C0
63
7E
1E
18
18
18
ENDCHAR
STARTCHAR uni04AE.smcp
ENCODING -1
SWIDTH 520 0
DWIDTH 8 0
BBX 9 10 0 0
BITMAP
C180
6300
6300
3600
1E00
0C00
0C00
0C00
0C00
0C00
ENDCHAR
STARTCHAR uni04BE.smcp
ENCODING -1
SWIDTH 720 0
DWIDTH 12 0
BBX 10 13 1 -3
BITMAP
0200
0F80
18C0
90C0
FFC0
3FC0
2000
3000
1F80
0700
0600
0600
0600
ENDCHAR
STARTCHAR uni04E2.smcp
ENCODING -1
SWIDTH 615 0
DWIDTH 10 0
BBX 9 12 1 0
BITMAP
3E00
0000
4300
4380
4700
4F00
4F00
5B00
7300
E300
6300
4300
ENDCHAR
STARTCHAR uni04EE.smcp
ENCODING -1
SWIDTH 515 0
DWIDTH 8 0
BBX 8 12 0 0
BITMAP
7E
00
C3
63
63
32
34
3C
18
18
38
30
ENDCHAR
STARTCHAR uni0424.smcp
ENCODING -1
SWIDTH 675 0
DWIDTH 11 0
BBX 9 10 2 0
BITMAP
0800
0800
7F00
C980
8900
8880
C980
7F00
7F00
0800
ENDCHAR
STARTCHAR uni037F.smcp
ENCODING -1
SWIDTH 476 0
DWIDTH 8 0
BBX 6 10 1 0
BITMAP
04
04
04
04
04
04
04
84
FC
F8
ENDCHAR
STARTCHAR IJ.smcp
ENCODING -1
SWIDTH 714 0
DWIDTH 11 0
BBX 9 10 2 0
BITMAP
8100
8100
8100
8100
8100
8100
8100
9100
9F80
9F00
ENDCHAR
STARTCHAR AEacute.smcp
ENCODING -1
SWIDTH 777 0
DWIDTH 12 0
BBX 12 12 0 0
BITMAP
0180
0300
03F0
07F0
0500
0D00
0BE0
3100
3F00
6100
63F0
C3F0
ENDCHAR
STARTCHAR Oslashacute.smcp
ENCODING -1
SWIDTH 591 0
DWIDTH 9 0
BBX 9 13 1 0
BITMAP
0600
0400
0800
1980
3F00
2600
C700
4980
4980
D980
7300
7E00
F800
ENDCHAR
STARTCHAR Scommaaccent.smcp
ENCODING -1
SWIDTH 515 0
DWIDTH 8 0
BBX 7 13 2 -3
BITMAP
10
7C
C6
C0
70
78
06
84
FC
7C
10
10
20
ENDCHAR
STARTCHAR Wgrave.smcp
ENCODING -1
SWIDTH 760 0
DWIDTH 12 0
BBX 12 13 0 0
BITMAP
0C00
0600
0200
4210
C620
4620
4560
2520
6940
3940
28E0
30C0
1F80
ENDCHAR
STARTCHAR Wacute.smcp
ENCODING -1
SWIDTH 760 0
DWIDTH 12 0
BBX 12 13 0 0
BITMAP
0180
0200
0200
4210
C620
4620
4560
2520
6940
3940
28E0
30C0
1F80
ENDCHAR
STARTCHAR Wdieresis.smcp
ENCODING -1
SWIDTH 760 0
DWIDTH 12 0
BBX 12 12 0 0
BITMAP
0D00
0000
4210
C620
4620
4560
2520
6940
3940
28E0
30C0
1F80
ENDCHAR
STARTCHAR Ygrave.smcp
ENCODING -1
SWIDTH 520 0
DWIDTH 8 0
BBX 9 13 0 0
BITMAP
3000
1000
0800
C180
6300
6300
3600
1E00
0C00
0C00
0C00
0C00
0C00
ENDCHAR
STARTCHAR Aogonek.NAV
ENCODING -1
SWIDTH 652 0
DWIDTH 10 0
BBX 11 15 0 -3
BITMAP
0C00
0C00
0E00
0A00
1100
1B00
1100
3F80
7F80
2080
60C0
C460
0C00
0800
0C00
ENDCHAR
STARTCHAR aogonek.NAV
ENCODING -1
SWIDTH 543 0
DWIDTH 9 0
BBX 8 12 1 -3
BITMAP
30
6E
06
0E
3E
C6
46
7F
3F
30
20
38
ENDCHAR
STARTCHAR Eogonek.NAV
ENCODING -1
SWIDTH 568 0
DWIDTH 9 0
BBX 7 15 2 -3
BITMAP
FE
80
80
80
80
FC
80
80
80
80
FE
FE
60
40
30
ENDCHAR
STARTCHAR eogonek.NAV
ENCODING -1
SWIDTH 529 0
DWIDTH 8 0
BBX 7 12 2 -3
BITMAP
60
FC
C6
84
FE
80
C4
7E
78
30
40
30
ENDCHAR
STARTCHAR Oogonek.NAV
ENCODING -1
SWIDTH 687 0
DWIDTH 11 0
BBX 10 15 1 -3
BITMAP
0400
1F00
6180
4180
C080
4080
4080
C080
60C0
6180
3F00
1F00
1800
1000
0C00
ENDCHAR
STARTCHAR oogonek.NAV
ENCODING -1
SWIDTH 570 0
DWIDTH 9 0
BBX 8 12 1 -3
BITMAP
30
7E
63
C3
43
C3
63
3F
1C
18
20
38
ENDCHAR
STARTCHAR Aogonek.smcp.NAV
ENCODING -1
SWIDTH 564 0
DWIDTH 9 0
BBX 8 13 1 -3
BITMAP
10
18
1C
34
2C
44
7E
43
C1
8B
30
30
18
ENDCHAR
STARTCHAR Eogonek.smcp.NAV
ENCODING -1
SWIDTH 487 0
DWIDTH 8 0
BBX 7 13 1 -3
BITMAP
7E
7E
40
40
FC
40
40
40
7E
7E
30
20
30
ENDCHAR
STARTCHAR Oogonek.smcp.NAV
ENCODING -1
SWIDTH 591 0
DWIDTH 9 0
BBX 9 13 1 -3
BITMAP
0800
7E00
2200
C180
4180
4180
C180
6300
7E00
1800
1800
1000
1800
ENDCHAR
STARTCHAR Agrave.unic
ENCODING -1
SWIDTH 680 0
DWIDTH 11 0
BBX 10 15 1 0
BITMAP
1800
0800
0000
0400
3F80
6180
0180
0180
0780
3D80
6180
4180
C180
7F80
3CC0
ENDCHAR
STARTCHAR Aacute.unic
ENCODING -1
SWIDTH 680 0
DWIDTH 11 0
BBX 10 15 1 0
BITMAP
0600
0C00
0000
0400
3F80
6180
0180
0180
0780
3D80
6180
4180
C180
7F80
3CC0
ENDCHAR
STARTCHAR Acircumflex.unic
ENCODING -1
SWIDTH 680 0
DWIDTH 11 0
BBX 10 15 1 0
BITMAP
0C00
1200
0000
0400
3F80
6180
0180
0180
0780
3D80
6180
4180
C180
7F80
3CC0
ENDCHAR
STARTCHAR Atilde.unic
ENCODING -1
SWIDTH 680 0
DWIDTH 11 0
BBX 10 15 1 0
BITMAP
0900
3E00
0000
0400
3F80
6180
0180
0180
0780
3D80
6180
4180
C180
7F80
3CC0
ENDCHAR
STARTCHAR Adieresis.unic
ENCODING -1
SWIDTH 680 0
DWIDTH 11 0
BBX 10 15 1 0
BITMAP
1200
3300
0000
0400
3F80
6180
0180
0180
0780
3D80
6180
4180
C180
7F80
3CC0
ENDCHAR
STARTCHAR Aring.unic
ENCODING -1
SWIDTH 680 0
DWIDTH 11 0
BBX 10 16 1 0
BITMAP
0400
0C00
1200
0000
0400
3F80
6180
0180
0180
0780
3D80
6180
4180
C180
7F80
3CC0
ENDCHAR
STARTCHAR Amacron.unic
ENCODING -1
SWIDTH 680 0
DWIDTH 11 0
BBX 10 14 1 0
BITMAP
1F00
0000
0400
3F80
6180
0180
0180
0780
3D80
6180
4180
C180
7F80
3CC0
ENDCHAR
STARTCHAR Abreve.unic
ENCODING -1
SWIDTH 680 0
DWIDTH 11 0
BBX 10 15 1 0
BITMAP
1200
1E00
0000
0400
3F80
6180
0180
0180
0780
3D80
6180
4180
C180
7F80
3CC0
ENDCHAR
STARTCHAR Aogonek.unic
ENCODING -1
SWIDTH 680 0
DWIDTH 11 0
BBX 10 15 1 -3
BITMAP
0400
3F80
6180
0180
0180
0780
3D80
6180
4180
C180
7F80
3CC0
0300
0200
0180
ENDCHAR
STARTCHAR Aringacute.unic
ENCODING -1
SWIDTH 680 0
DWIDTH 11 0
BBX 10 16 1 0
BITMAP
0200
0400
0C00
0A00
0C00
3F80
6180
0180
0180
0780
3D80
6180
4180
C180
7F80
3CC0
ENDCHAR
STARTCHAR Egrave.unic
ENCODING -1
SWIDTH 695 0
DWIDTH 11 0
BBX 10 15 1 0
BITMAP
1800
0400
0000
0400
1F80
6180
4080
C040
7FC0
4000
C000
6000
6080
3FC0
0E00
ENDCHAR
STARTCHAR Eacute.unic
ENCODING -1
SWIDTH 695 0
DWIDTH 11 0
BBX 10 15 1 0
BITMAP
0600
0600
0000
0400
1F80
6180
4080
C040
7FC0
4000
C000
6000
6080
3FC0
0E00
ENDCHAR
STARTCHAR Ecircumflex.unic
ENCODING -1
SWIDTH 695 0
DWIDTH 11 0
BBX 10 15 1 0
BITMAP
0C00
1300
0000
0400
1F80
6180
4080
C040
7FC0
4000
C000
6000
6080
3FC0
0E00
ENDCHAR
STARTCHAR Edieresis.unic
ENCODING -1
SWIDTH 695 0
DWIDTH 11 0
BBX 10 15 1 0
BITMAP
1200
1B00
0000
0400
1F80
6180
4080
C040
7FC0
4000
C000
6000
6080
3FC0
0E00
ENDCHAR
STARTCHAR Emacron.unic
ENCODING -1
SWIDTH 695 0
DWIDTH 11 0
BBX 10 15 1 0
BITMAP
1F00
1F00
0000
0400
1F80
6180
4080
C040
7FC0
4000
C000
6000
6080
3FC0
0E00
ENDCHAR
STARTCHAR Ebreve.unic
ENCODING -1
SWIDTH 695 0
DWIDTH 11 0
BBX 10 15 1 0
BITMAP
1900
1E00
0000
0400
1F80
6180
4080
C040
7FC0
4000
C000
6000
6080
3FC0
0E00
ENDCHAR
STARTCHAR Edotaccent.unic
ENCODING -1
SWIDTH 695 0
DWIDTH 11 0
BBX 10 15 1 0
BITMAP
0400
0C00
0000
0400
1F80
6180
4080
C040
7FC0
4000
C000
6000
6080
3FC0
0E00
ENDCHAR
STARTCHAR Eogonek.unic
ENCODING -1
SWIDTH 695 0
DWIDTH 11 0
BBX 10 15 1 -3
BITMAP
0400
1F80
6180
4080
C040
7FC0
4000
C000
6000
6080
3FC0
0E00
0C00
0C00
0600
ENDCHAR
STARTCHAR Ecaron.unic
ENCODING -1
SWIDTH 695 0
DWIDTH 11 0
BBX 10 15 1 0
BITMAP
0B00
0C00
0000
0400
1F80
6180
4080
C040
7FC0
4000
C000
6000
6080
3FC0
0E00
ENDCHAR
STARTCHAR Ntilde.unic
ENCODING -1
SWIDTH 712 0
DWIDTH 11 0
BBX 9 15 1 0
BITMAP
1100
1E00
0000
5C00
7F00
E180
C180
4180
4180
4180
4180
4180
4180
4180
4180
ENDCHAR
STARTCHAR Nacute.unic
ENCODING -1
SWIDTH 712 0
DWIDTH 11 0
BBX 9 15 1 0
BITMAP
0600
0400
0000
5C00
7F00
E180
C180
4180
4180
4180
4180
4180
4180
4180
4180
ENDCHAR
STARTCHAR Ncommaaccent.unic
ENCODING -1
SWIDTH 712 0
DWIDTH 11 0
BBX 9 15 1 -3
BITMAP
5C00
7F00
E180
C180
4180
4180
4180
4180
4180
4180
4180
4180
0800
0800
1800
ENDCHAR
STARTCHAR Ncaron.unic
ENCODING -1
SWIDTH 712 0
DWIDTH 11 0
BBX 9 15 1 0
BITMAP
1A00
0C00
0000
5C00
7F00
E180
C180
4180
4180
4180
4180
4180
4180
4180
4180
ENDCHAR
STARTCHAR Ugrave.unic
ENCODING -1
SWIDTH 712 0
DWIDTH 11 0
BBX 9 15 2 0
BITMAP
3000
3000
0000
8300
8300
8300
8300
8300
8300
8300
8300
8300
C380
FF00
FB00
ENDCHAR
STARTCHAR Uacute.unic
ENCODING -1
SWIDTH 712 0
DWIDTH 11 0
BBX 9 15 2 0
BITMAP
0C00
0800
0000
8300
8300
8300
8300
8300
8300
8300
8300
8300
C380
FF00
FB00
ENDCHAR
STARTCHAR Udieresis.unic
ENCODING -1
SWIDTH 712 0
DWIDTH 11 0
BBX 9 15 2 0
BITMAP
2400
6C00
0000
8300
8300
8300
8300
8300
8300
8300
8300
8300
C380
FF00
FB00
ENDCHAR
STARTCHAR Utilde.unic
ENCODING -1
SWIDTH 712 0
DWIDTH 11 0
BBX 9 15 2 0
BITMAP
2200
3C00
0000
8300
8300
8300
8300
8300
8300
8300
8300
8300
C380
FF00
FB00
ENDCHAR
STARTCHAR Umacron.unic
ENCODING -1
SWIDTH 712 0
DWIDTH 11 0
BBX 9 14 2 0
BITMAP
7C00
0000
8300
8300
8300
8300
8300
8300
8300
8300
8300
C380
FF00
FB00
ENDCHAR
STARTCHAR Ubreve.unic
ENCODING -1
SWIDTH 712 0
DWIDTH 11 0
BBX 9 15 2 0
BITMAP
2600
3C00
0000
8300
8300
8300
8300
8300
8300
8300
8300
8300
C380
FF00
FB00
ENDCHAR
STARTCHAR Uring.unic
ENCODING -1
SWIDTH 712 0
DWIDTH 11 0
BBX 9 16 2 0
BITMAP
1000
2800
2800
0000
8300
8300
8300
8300
8300
8300
8300
8300
8300
C380
FF00
FB00
ENDCHAR
STARTCHAR Uhungarumlaut.unic
ENCODING -1
SWIDTH 712 0
DWIDTH 11 0
BBX 9 15 2 0
BITMAP
1E00
2C00
0000
8300
8300
8300
8300
8300
8300
8300
8300
8300
C380
FF00
FB00
ENDCHAR
STARTCHAR Uogonek.unic
ENCODING -1
SWIDTH 712 0
DWIDTH 11 0
BBX 9 15 2 -3
BITMAP
8300
8300
8300
8300
8300
8300
8300
8300
8300
C380
FF00
FB00
0600
0400
0300
ENDCHAR
STARTCHAR uni1E2D.ccmp
ENCODING -1
SWIDTH 247 0
DWIDTH 4 0
BBX 5 11 0 -2
BITMAP
60
60
60
60
60
60
60
60
60
48
F8
ENDCHAR
STARTCHAR uni1ECB.ccmp
ENCODING -1
SWIDTH 247 0
DWIDTH 4 0
BBX 2 11 1 -2
BITMAP
C0
C0
C0
C0
C0
C0
C0
C0
C0
40
C0
ENDCHAR
ENDFONT
